// Generated by tools/gen_assets.py from assets/goblin_logo.png. Do not edit.
#pragma once
#include <stdint.h>

namespace art {

// Pixel classes: 0 other, 1 skin (tintable), 2 eye, 3 device screen
const uint16_t kGoblinW = 107;
const uint16_t kGoblinH = 107;
const uint16_t kGoblinPx[11449] = {
  0x18C3, 0x18C3, 0x18C3, 0x18C3, 0x18C3, 0x18C3, 0x18C3, 0x18C3, 0x18C3, 0x18C3, 0x18C3, 0x18C3,
  0x18C3, 0x18C3, 0x18C3, 0x18C3, 0x18C3, 0x18C3, 0x18C3, 0x18C3, 0x18C3, 0x18C3, 0x18C3, 0x18C3,
  0x18C3, 0x18C3, 0x18C3, 0x18C3, 0x18C3, 0x18C3, 0x18C3, 0x18C3, 0x18C3, 0x18C3, 0x18C3, 0x18C3,
  0x18C3, 0x18C3, 0x18C3, 0x18C3, 0x18C3, 0x18C3, 0x18C3, 0x18C3, 0x18C3, 0x18C3, 0x18C3, 0x18C3,
  0x18C3, 0x18C3, 0x18C3, 0x18C3, 0x18C3, 0x18C3, 0x18C3, 0x18C3, 0x18C3, 0x18C3, 0x18C3, 0x18C3,
  0x18C3, 0x18C3, 0x18C3, 0x18C3, 0x18C3, 0x18C3, 0x18C3, 0x18C3, 0x18C3, 0x18C3, 0x18C3, 0x18C3,
  0x18C3, 0x18C3, 0x18C3, 0x18C3, 0x18C3, 0x18C3, 0x18C3, 0x18C3, 0x18E3, 0x18C3, 0x18E3, 0x18E3,
  0x18E3, 0x18E3, 0x18C3, 0x18C3, 0x18C3, 0x18C3, 0x18C3, 0x18C3, 0x18C3, 0x18C3, 0x18C3, 0x18C3,
  0x18C3, 0x18C3, 0x18C3, 0x18C3, 0x18C3, 0x18C3, 0x18C3, 0x18C3, 0x18C3, 0x18C3, 0x18C3, 0x18C3,
  0x18C3, 0x18C3, 0x18C3, 0x18C3, 0x18C3, 0x18C3, 0x18C3, 0x18C3, 0x18C3, 0x18C3, 0x18C3, 0x18C3,
  0x18C3, 0x18C3, 0x18C3, 0x18C3, 0x18C3, 0x18C3, 0x18C3, 0x18C3, 0x18C3, 0x18C3, 0x18C3, 0x18C3,
  0x18C3, 0x18C3, 0x18C3, 0x18C3, 0x18C3, 0x18C3, 0x18C3, 0x18C3, 0x18C3, 0x18C3, 0x18E3, 0x18E3,
  0x18E3, 0x18C3, 0x18C3, 0x18C3, 0x18C3, 0x18C3, 0x18C3, 0x18C3, 0x18C3, 0x18C3, 0x18C3, 0x18C3,
  0x18C3, 0x18C3, 0x18C3, 0x18C3, 0x18C3, 0x18C3, 0x18C3, 0x18C3, 0x18C3, 0x18C3, 0x18E3, 0x18E3,
  0x18E3, 0x18C3, 0x18C3, 0x18C3, 0x18C3, 0x18C3, 0x18C3, 0x18C3, 0x18C3, 0x18C3, 0x18C3, 0x18C3,
  0x18C3, 0x18C3, 0x18C3, 0x18C3, 0x18C3, 0x18C3, 0x18C3, 0x18E3, 0x18C4, 0x10A3, 0x18C3, 0x10A2,
  0x18C3, 0x18E3, 0x18C3, 0x18C3, 0x18C3, 0x18C3, 0x18C3, 0x18C3, 0x18C3, 0x18C3, 0x18C3, 0x18C3,
  0x18C3, 0x18C3, 0x18C3, 0x18C3, 0x18C3, 0x18C3, 0x18C3, 0x18C3, 0x18C3, 0x18C3, 0x18C3, 0x18C3,
  0x18C3, 0x18C3, 0x18C3, 0x18C3, 0x18C3, 0x18C3, 0x18C3, 0x18C3, 0x18C3, 0x18C3, 0x18C3, 0x18C3,
  0x18C3, 0x18C3, 0x18C3, 0x18C3, 0x18C3, 0x18C3, 0x18C3, 0x18C3, 0x18C3, 0x18C3, 0x18C3, 0x18C3,
  0x18C3, 0x18C3, 0x18C3, 0x18C3, 0x18C3, 0x18C3, 0x18C3, 0x18C3, 0x18C3, 0x18E3, 0x18E3, 0x18E3,
  0x18C3, 0x18C3, 0x18C3, 0x18C3, 0x18C3, 0x18C3, 0x18C3, 0x18C3, 0x18C3, 0x18C3, 0x18C3, 0x18C3,
  0x18C3, 0x18C3, 0x18C3, 0x18C3, 0x18C3, 0x18C3, 0x18C3, 0x18C3, 0x18C3, 0x18E3, 0x18E3, 0x18E3,
  0x18C3, 0x18C3, 0x18C3, 0x18C3, 0x18C3, 0x18C3, 0x18C3, 0x18C3, 0x18C3, 0x18C3, 0x18C3, 0x18C3,
  0x18C3, 0x18C3, 0x18C3, 0x18C3, 0x18E3, 0x18E3, 0x0821, 0x1083, 0x2943, 0x0841, 0x0882, 0x18C3,
  0x18E3, 0x18C3, 0x18C3, 0x18C3, 0x18C3, 0x18C3, 0x18C3, 0x18C3, 0x18C3, 0x18C3, 0x18C3, 0x18C3,
  0x18C3, 0x18C3, 0x18C3, 0x18C3, 0x18C3, 0x18C3, 0x18C3, 0x18C3, 0x18C3, 0x18C3, 0x18C3, 0x18C3,
  0x18C3, 0x18C3, 0x18C3, 0x18C3, 0x18C3, 0x18C3, 0x18C3, 0x18C3, 0x18C3, 0x18C3, 0x18C3, 0x18C3,
  0x18C3, 0x18C3, 0x18C3, 0x18C3, 0x18C3, 0x18C3, 0x18C3, 0x18C3, 0x18C3, 0x18C3, 0x18C3, 0x18C3,
  0x18C3, 0x18C3, 0x18C3, 0x18C3, 0x18C3, 0x18C3, 0x18C3, 0x18C3, 0x18C3, 0x18C3, 0x18C3, 0x18C3,
  0x18C3, 0x18C3, 0x18C3, 0x18C3, 0x18C3, 0x18C3, 0x18C3, 0x18C3, 0x18C3, 0x18C3, 0x18C3, 0x18C3,
  0x18C3, 0x18C3, 0x18C3, 0x18C3, 0x18C3, 0x18C3, 0x18C3, 0x18C3, 0x18C3, 0x18C3, 0x18C3, 0x18C3,
  0x18C3, 0x18C3, 0x18C3, 0x18C3, 0x18C3, 0x18C3, 0x18C3, 0x18C3, 0x18C3, 0x18C3, 0x18C3, 0x18C3,
  0x18C3, 0x18E3, 0x18E3, 0x18A3, 0x0000, 0x2163, 0x5B88, 0x2984, 0x0841, 0x18E3, 0x18E3, 0x18C3,
  0x18C3, 0x18C3, 0x18C3, 0x18C3, 0x18C3, 0x18C3, 0x18C3, 0x18C3, 0x18C3, 0x18C3, 0x18C3, 0x18C3,
  0x18C3, 0x18C3, 0x18C3, 0x18C3, 0x18C3, 0x18C3, 0x18C3, 0x18C3, 0x18C3, 0x18C3, 0x18C3, 0x18C3,
  0x18C3, 0x18C3, 0x18C3, 0x18C3, 0x18C3, 0x18C3, 0x18C3, 0x18C3, 0x18C3, 0x18C3, 0x18C3, 0x18C3,
  0x18C3, 0x18C3, 0x18C3, 0x18C3, 0x18C3, 0x18C3, 0x18C3, 0x18C3, 0x18C3, 0x18C3, 0x18C3, 0x18C3,
  0x18C3, 0x18C3, 0x18C3, 0x18C3, 0x18E3, 0x18E3, 0x18E3, 0x18C3, 0x18C3, 0x18C3, 0x18C3, 0x18C3,
  0x18C3, 0x18C3, 0x18C3, 0x18C3, 0x18C3, 0x18C3, 0x18C3, 0x18C3, 0x18C3, 0x18C3, 0x18C3, 0x18C3,
  0x18C3, 0x18C3, 0x18C3, 0x18C3, 0x18C3, 0x18C3, 0x18C3, 0x18C3, 0x18C3, 0x18C3, 0x18C3, 0x18C3,
  0x18C3, 0x18C3, 0x18C3, 0x18C3, 0x18C3, 0x18C3, 0x18C3, 0x18C3, 0x18C3, 0x18E3, 0x18E3, 0x18E3,
  0x1903, 0x1063, 0x0000, 0x3AA5, 0x7D2B, 0x29C4, 0x0021, 0x18E3, 0x18E3, 0x18E3, 0x18C3, 0x18C3,
  0x18C3, 0x18C3, 0x18C3, 0x18C3, 0x18C3, 0x18C3, 0x18C3, 0x18C3, 0x18C3, 0x18C3, 0x18C3, 0x18C3,
  0x18C3, 0x18C3, 0x18C3, 0x18C3, 0x18C3, 0x18C3, 0x18C3, 0x18C3, 0x18C3, 0x18C3, 0x18C3, 0x18C3,
  0x18C3, 0x18C3, 0x18C3, 0x18C3, 0x18C3, 0x18C3, 0x18C3, 0x18C3, 0x18C3, 0x18C3, 0x18C3, 0x18C3,
  0x18C3, 0x18C3, 0x18C3, 0x18C3, 0x18C3, 0x18C3, 0x18C3, 0x18C3, 0x18C3, 0x18C3, 0x18C3, 0x18C3,
  0x18C3, 0x18C3, 0x18C3, 0x18E3, 0x18E3, 0x18E3, 0x18C3, 0x18C3, 0x18C3, 0x18C3, 0x18C3, 0x18C3,
  0x18C3, 0x18C3, 0x18C3, 0x18C3, 0x18C3, 0x18C3, 0x18C3, 0x18C3, 0x18C3, 0x18C3, 0x18C3, 0x18C3,
  0x18C3, 0x18C3, 0x18C3, 0x18C3, 0x18C3, 0x18C3, 0x18C3, 0x18C3, 0x18C3, 0x18C3, 0x18C3, 0x18C3,
  0x18C3, 0x18C3, 0x18C3, 0x18C3, 0x18C3, 0x18C3, 0x18C3, 0x18C3, 0x18E3, 0x18E3, 0x1903, 0x1083,
  0x0000, 0x4B66, 0x8DCC, 0x2142, 0x0000, 0x20C3, 0x18E3, 0x18E3, 0x18E3, 0x18C3, 0x18C3, 0x18C3,
  0x18C3, 0x18C3, 0x18C3, 0x18C3, 0x18C3, 0x18C3, 0x18C3, 0x18C3, 0x18C3, 0x18C3, 0x18C3, 0x18C3,
  0x18C3, 0x18C3, 0x18C3, 0x18C3, 0x18C3, 0x18C3, 0x18C3, 0x18C3, 0x18C3, 0x18C3, 0x18C3, 0x18C3,
  0x18C3, 0x18C3, 0x18C3, 0x18C3, 0x18C3, 0x18C3, 0x18C3, 0x18C3, 0x18C3, 0x18C3, 0x18C3, 0x18C3,
  0x18C3, 0x18C3, 0x18C3, 0x18C3, 0x18C3, 0x18C3, 0x18C3, 0x18C3, 0x18C3, 0x18C3, 0x18C3, 0x18C3,
  0x18C3, 0x18C3, 0x18C3, 0x18C3, 0x18C3, 0x18C3, 0x18C3, 0x18C3, 0x18C3, 0x18C3, 0x18C3, 0x18C3,
  0x18C3, 0x18C3, 0x18C3, 0x18C3, 0x18C3, 0x18C3, 0x18C3, 0x18C3, 0x18C3, 0x18C3, 0x18C3, 0x18C3,
  0x18C3, 0x18C3, 0x18C3, 0x18C3, 0x18C3, 0x18C3, 0x18C3, 0x18C3, 0x18C3, 0x18C3, 0x18C3, 0x18C3,
  0x18C3, 0x18C3, 0x18C3, 0x18C3, 0x18C3, 0x18C3, 0x18E3, 0x18E3, 0x18E3, 0x18A3, 0x0000, 0x4B65,
  0x964B, 0x31C4, 0x0000, 0x10C3, 0x18E3, 0x18C3, 0x18C3, 0x18C3, 0x18C3, 0x18C3, 0x18C3, 0x18C3,
  0x18C3, 0x18C3, 0x18C3, 0x18C3, 0x18C3, 0x18C3, 0x18C3, 0x18C3, 0x18C3, 0x18C3, 0x18C3, 0x18C3,
  0x18C3, 0x18C3, 0x18C3, 0x18C3, 0x18C3, 0x18E3, 0x18E3, 0x18E3, 0x18E3, 0x18C3, 0x18E3, 0x18C3,
  0x18C3, 0x18C3, 0x18C3, 0x18C3, 0x18C3, 0x18C3, 0x18C3, 0x18C3, 0x18C3, 0x18C3, 0x18C3, 0x18C3,
  0x18C3, 0x18C3, 0x18C3, 0x18E3, 0x18E3, 0x18C3, 0x18C3, 0x18C3, 0x18C3, 0x18C3, 0x18C3, 0x18C3,
  0x18C3, 0x18C3, 0x18C3, 0x18C3, 0x18C3, 0x18C3, 0x18C3, 0x18C3, 0x18C3, 0x18C3, 0x18C3, 0x18C3,
  0x18C3, 0x18C3, 0x18E3, 0x18C3, 0x18C3, 0x18C3, 0x18C3, 0x18C3, 0x18C3, 0x18C3, 0x18C3, 0x18C3,
  0x18C3, 0x18E3, 0x18E3, 0x18E3, 0x18E3, 0x18E3, 0x18C3, 0x18C3, 0x18C3, 0x18E3, 0x18E3, 0x18E3,
  0x18C3, 0x18C3, 0x18C3, 0x18C3, 0x18C3, 0x18E3, 0x18E3, 0x18C3, 0x0000, 0x3A25, 0x8E6A, 0x5345,
  0x1802, 0x1062, 0x1903, 0x18E3, 0x18E3, 0x18E3, 0x18E3, 0x18C3, 0x18C3, 0x18C3, 0x18C3, 0x18C3,
  0x18C3, 0x18C3, 0x18C3, 0x18C3, 0x18C3, 0x18C3, 0x18C3, 0x18C3, 0x18C3, 0x18C3, 0x18C3, 0x18C3,
  0x18C3, 0x18C3, 0x18C3, 0x18C3, 0x18C3, 0x18E3, 0x18C3, 0x1062, 0x0862, 0x18A3, 0x18E3, 0x18E3,
  0x18C3, 0x18C3, 0x18C3, 0x18C3, 0x18C3, 0x18C3, 0x18C3, 0x18C3, 0x18C3, 0x18C3, 0x18C3, 0x18C3,
  0x18C3, 0x18C3, 0x18E3, 0x18E3, 0x18C3, 0x18C3, 0x18C3, 0x18C3, 0x18C3, 0x18C3, 0x18C3, 0x18C3,
  0x18C3, 0x18C3, 0x18C3, 0x18C3, 0x18C3, 0x18C3, 0x18C3, 0x18C3, 0x18C3, 0x18C3, 0x18C3, 0x18C3,
  0x18C3, 0x18E3, 0x18C3, 0x18C3, 0x18C3, 0x18C3, 0x18C3, 0x18C3, 0x18C3, 0x18C3, 0x18C3, 0x18C3,
  0x18E3, 0x18E3, 0x18E3, 0x18E3, 0x18E3, 0x18C3, 0x18C3, 0x18C3, 0x18E3, 0x18E3, 0x18E3, 0x18C3,
  0x18C3, 0x18C3, 0x18C3, 0x18C3, 0x18E3, 0x20E3, 0x0001, 0x2163, 0x7DC9, 0x6486, 0x38A4, 0x2062,
  0x10C2, 0x18E3, 0x18E3, 0x18E3, 0x18E3, 0x18E3, 0x18C3, 0x18C3, 0x18C3, 0x18C3, 0x18C3, 0x18C3,
  0x18C3, 0x18C3, 0x18C3, 0x18C3, 0x18C3, 0x18C3, 0x18C3, 0x18C3, 0x18C3, 0x18C3, 0x18C3, 0x18C3,
  0x18C3, 0x18C3, 0x18C3, 0x10A2, 0x0861, 0x0861, 0x29C4, 0x3A25, 0x10A2, 0x0001, 0x0822, 0x18C3,
  0x18E3, 0x18C3, 0x18C3, 0x18C3, 0x18C3, 0x18C3, 0x18C3, 0x18C3, 0x18C3, 0x18C3, 0x18C3, 0x18C3,
  0x18C3, 0x18C3, 0x18C3, 0x18C3, 0x18C3, 0x18C3, 0x18C3, 0x18C3, 0x18C3, 0x18C3, 0x18C3, 0x18C3,
  0x18C3, 0x18C3, 0x18C3, 0x18C3, 0x18C3, 0x18C3, 0x18C3, 0x18C3, 0x18C3, 0x18C3, 0x18C3, 0x18C3,
  0x18C3, 0x18C3, 0x18E3, 0x18C3, 0x18C3, 0x18C3, 0x18C3, 0x18C3, 0x18C3, 0x18C3, 0x18C3, 0x18C3,
  0x18C3, 0x18C3, 0x18C3, 0x18C3, 0x18C3, 0x18C3, 0x18C3, 0x18C3, 0x18E3, 0x18E3, 0x18C3, 0x18C3,
  0x18C3, 0x18C3, 0x18C3, 0x2104, 0x0801, 0x10A1, 0x6CC9, 0x75C8, 0x4A25, 0x4064, 0x10A2, 0x18C3,
  0x18C3, 0x18E3, 0x18E3, 0x18E3, 0x18E3, 0x18C3, 0x18C3, 0x18C3, 0x18C3, 0x18C3, 0x18C3, 0x18C3,
  0x18C3, 0x18C3, 0x18C3, 0x18C3, 0x18C3, 0x18C3, 0x18C3, 0x18C3, 0x18C3, 0x18C3, 0x18C3, 0x18C3,
  0x18C3, 0x18C3, 0x18C3, 0x10A3, 0x1082, 0x2163, 0x6C09, 0x7D2B, 0x4306, 0x2103, 0x0801, 0x0001,
  0x18C3, 0x18E3, 0x18C3, 0x18C3, 0x18C3, 0x18C3, 0x18C3, 0x18C3, 0x18C3, 0x18C3, 0x18C3, 0x18C3,
  0x18C3, 0x18C3, 0x18C3, 0x18C3, 0x18C3, 0x18C3, 0x18C3, 0x18C3, 0x18C3, 0x18C3, 0x18C3, 0x18C3,
  0x18C3, 0x18C3, 0x18C3, 0x18C3, 0x18C3, 0x18C3, 0x18C3, 0x18C3, 0x18C3, 0x18C3, 0x18C3, 0x18C3,
  0x18E3, 0x1082, 0x1062, 0x18E3, 0x18C2, 0x18E3, 0x18C4, 0x18C3, 0x18E3, 0x18C3, 0x18C3, 0x18C3,
  0x18C3, 0x18C3, 0x18C3, 0x18C3, 0x18C3, 0x18C3, 0x18E3, 0x18E3, 0x18E3, 0x18E3, 0x18E3, 0x18C3,
  0x18C3, 0x2103, 0x0822, 0x0021, 0x6C48, 0x8609, 0x5BE7, 0x40C4, 0x4103, 0x1062, 0x18E4, 0x18C3,
  0x18C3, 0x18E3, 0x18E3, 0x18E3, 0x18C3, 0x18C3, 0x18C3, 0x18C3, 0x18C3, 0x18C3, 0x18C3, 0x18C3,
  0x18C3, 0x18C3, 0x18C3, 0x18C3, 0x18C3, 0x18C3, 0x18C3, 0x18C3, 0x18C3, 0x18C3, 0x18C3, 0x18C3,
  0x18C3, 0x18C3, 0x18E3, 0x18E4, 0x1042, 0x0020, 0x42A5, 0x8DAB, 0x8E09, 0x53A6, 0x2143, 0x0001,
  0x0822, 0x20E3, 0x18E3, 0x18C3, 0x18C3, 0x18C3, 0x18C3, 0x18C3, 0x18C3, 0x18C3, 0x18C3, 0x18C3,
  0x18C3, 0x18C3, 0x18C3, 0x18C3, 0x18C3, 0x18C3, 0x18C3, 0x18C3, 0x18C3, 0x18C3, 0x18C3, 0x18C3,
  0x18C3, 0x18C3, 0x18C3, 0x18C3, 0x18C3, 0x18C3, 0x18C3, 0x18C3, 0x18C3, 0x18C3, 0x18E3, 0x1062,
  0x1082, 0x4A47, 0x18C2, 0x18C4, 0x1063, 0x0021, 0x18E2, 0x18C2, 0x18C3, 0x18C3, 0x18C3, 0x18C3,
  0x18C3, 0x18C3, 0x18C3, 0x18C3, 0x18C3, 0x18E3, 0x18E3, 0x18E3, 0x18E3, 0x18E3, 0x18C3, 0x1903,
  0x0822, 0x0000, 0x6C08, 0x85A9, 0x6D69, 0x4245, 0x58E4, 0x28C2, 0x08A2, 0x18E3, 0x18C3, 0x18C3,
  0x18C3, 0x18C3, 0x18E3, 0x18C3, 0x18C3, 0x18C3, 0x18C3, 0x18C3, 0x18C3, 0x18C3, 0x18C3, 0x18C3,
  0x18C3, 0x18C3, 0x18C3, 0x18C3, 0x18C3, 0x18C3, 0x18C3, 0x18C3, 0x18C3, 0x18C3, 0x18C3, 0x18C3,
  0x18C3, 0x18C3, 0x18C3, 0x1903, 0x18A3, 0x0000, 0x1862, 0x5C08, 0x8E2B, 0x8DAA, 0x5B87, 0x18C3,
  0x0001, 0x1083, 0x18E3, 0x18C3, 0x18C3, 0x18C3, 0x18C3, 0x18C3, 0x18C3, 0x18C3, 0x18C3, 0x18C3,
  0x18C3, 0x18C3, 0x18C3, 0x18C3, 0x18C3, 0x18C3, 0x18C3, 0x18C3, 0x18C3, 0x18C3, 0x18C3, 0x18C3,
  0x18C3, 0x18C3, 0x18C3, 0x18C3, 0x18C3, 0x18C3, 0x18C3, 0x18C3, 0x1082, 0x1082, 0x0000, 0x6BEB,
  0x5B08, 0x0000, 0x0021, 0x2103, 0x5B08, 0x2964, 0x0862, 0x18C3, 0x18E3, 0x18C3, 0x18C3, 0x18C3,
  0x18C3, 0x18C3, 0x18C3, 0x18C3, 0x18C3, 0x18E3, 0x18E3, 0x18E3, 0x18E3, 0x2104, 0x0821, 0x0000,
  0x6C49, 0x8DEA, 0x7547, 0x5427, 0x38C2, 0x6945, 0x1081, 0x10C3, 0x18C3, 0x18C3, 0x18C3, 0x18C3,
  0x18C3, 0x18C3, 0x18C3, 0x18C3, 0x18C3, 0x18C3, 0x18C3, 0x18C3, 0x18C3, 0x18C3, 0x18C3, 0x18C3,
  0x18C3, 0x18C3, 0x18C3, 0x18C3, 0x18C3, 0x18C3, 0x18C3, 0x18C3, 0x18C3, 0x18C3, 0x18C3, 0x18C3,
  0x18C3, 0x18C3, 0x18E3, 0x18E3, 0x18E4, 0x0800, 0x2001, 0x42A6, 0x6D49, 0x960A, 0x8509, 0x3A66,
  0x0822, 0x0801, 0x18E3, 0x18E3, 0x18E3, 0x18C3, 0x18C3, 0x18C3, 0x18C3, 0x18C3, 0x18C3, 0x18C3,
  0x18C3, 0x18C3, 0x18C3, 0x18C3, 0x18C3, 0x18C3, 0x18C3, 0x18C3, 0x18C3, 0x18C3, 0x18C3, 0x18C3,
  0x18C3, 0x18C3, 0x18C3, 0x18C3, 0x18C3, 0x18C3, 0x1082, 0x10A2, 0x0000, 0x5B28, 0xB62F, 0x0000,
  0x2123, 0x2183, 0xADCF, 0x5B08, 0x0000, 0x0001, 0x0841, 0x10A2, 0x18C3, 0x18E3, 0x18C3, 0x18C3,
  0x18C3, 0x18C3, 0x18C3, 0x18C3, 0x18E3, 0x18E3, 0x18E3, 0x2104, 0x0001, 0x0000, 0x7C8A, 0x9E4B,
  0x64A6, 0x7549, 0x3245, 0x50C3, 0x69A5, 0x1082, 0x18C3, 0x18C3, 0x18C3, 0x18C3, 0x18C3, 0x18C3,
  0x18C3, 0x18C3, 0x18C3, 0x18C3, 0x18C3, 0x18C3, 0x18C3, 0x18C3, 0x18C3, 0x18C3, 0x18C3, 0x18C3,
  0x18C3, 0x18C3, 0x18C3, 0x18C3, 0x18C3, 0x18C3, 0x18C3, 0x18C3, 0x18C3, 0x18C3, 0x18C3, 0x18C3,
  0x18C3, 0x18C3, 0x18C3, 0x18E3, 0x10C3, 0x1841, 0x3082, 0x39E5, 0x74C9, 0x7DA8, 0x8DCA, 0x6C68,
  0x1903, 0x0000, 0x1062, 0x2103, 0x18E2, 0x18C3, 0x18C3, 0x18C3, 0x18C3, 0x18C3, 0x18C3, 0x18C3,
  0x18C3, 0x18C3, 0x18C3, 0x18C3, 0x18C3, 0x18C3, 0x18C3, 0x18C3, 0x18C3, 0x18C3, 0x18C3, 0x18C3,
  0x18E3, 0x2124, 0x10A2, 0x0841, 0x18A3, 0x18C3, 0x3A05, 0x18E2, 0xCF11, 0x6387, 0x3A04, 0x42A6,
  0x6C0A, 0x6BEA, 0x10A1, 0x4AC6, 0x6348, 0x3A05, 0x2144, 0x18E3, 0x18C3, 0x18E3, 0x18E3, 0x18C3,
  0x18C3, 0x18C3, 0x18C3, 0x18C3, 0x18E3, 0x20C4, 0x0001, 0x0840, 0x956D, 0xA6AC, 0x64A5, 0x7529,
  0x53E7, 0x2082, 0x81E6, 0x69E6, 0x0882, 0x18C3, 0x18C3, 0x18C3, 0x18C3, 0x18C3, 0x18C3, 0x18C3,
  0x18C3, 0x18C3, 0x18C3, 0x18C3, 0x18C3, 0x18C3, 0x18C3, 0x18C3, 0x18C3, 0x18C3, 0x18C3, 0x18C3,
  0x18C3, 0x18C3, 0x18C3, 0x18C3, 0x18C3, 0x18C3, 0x18C3, 0x18C3, 0x18C3, 0x18C3, 0x18C3, 0x18C3,
  0x18C3, 0x18C3, 0x18C3, 0x18E3, 0x08A2, 0x3082, 0x60C4, 0x3943, 0x74CA, 0x7D88, 0x7567, 0x856A,
  0x4B07, 0x1061, 0x0000, 0x18A3, 0x18E3, 0x18E3, 0x18C3, 0x18C3, 0x18C3, 0x18C3, 0x18C3, 0x18C3,
  0x18C3, 0x18C3, 0x18C3, 0x18C3, 0x18C3, 0x18C3, 0x18C3, 0x18C3, 0x18E3, 0x18C3, 0x1082, 0x0841,
  0x2985, 0x5288, 0x39E6, 0x0001, 0x2985, 0x5308, 0x5325, 0xB6AD, 0x63A7, 0x4285, 0x2183, 0x9DEC,
  0x7C68, 0x9D8C, 0x7C89, 0x5307, 0x4246, 0x39E5, 0x18E3, 0x10A3, 0x18E3, 0x18E3, 0x18C3, 0x18C3,
  0x18C3, 0x18C3, 0x18E3, 0x1083, 0x0000, 0x2122, 0xAE2E, 0xAECD, 0x5CA5, 0x64A7, 0x6D0A, 0x3265,
  0x4081, 0xA288, 0x61E6, 0x0061, 0x18C3, 0x18C3, 0x18C3, 0x18C3, 0x18C3, 0x18C3, 0x18C3, 0x18C3,
  0x18C3, 0x18C3, 0x18C3, 0x18C3, 0x18C3, 0x18C3, 0x18C3, 0x18C3, 0x18C3, 0x18C3, 0x18C3, 0x18C3,
  0x18C3, 0x18C3, 0x18C3, 0x18C3, 0x18C3, 0x18C3, 0x18C3, 0x18C3, 0x18C3, 0x18C3, 0x18C3, 0x18C3,
  0x18C3, 0x18C3, 0x18C3, 0x18E4, 0x0841, 0x4924, 0x7966, 0x30E2, 0x6CCA, 0x7D8A, 0x64C6, 0x95EB,
  0x8D4B, 0x3A26, 0x0001, 0x0001, 0x18C3, 0x18E3, 0x18E3, 0x18E3, 0x18C3, 0x18C3, 0x18C3, 0x18C3,
  0x18C3, 0x18C3, 0x18C3, 0x18C3, 0x18C3, 0x18C3, 0x18C3, 0x18C2, 0x18E3, 0x31A5, 0x39C7, 0x1062,
  0x0841, 0x4A88, 0x4266, 0x29A3, 0x7409, 0x9589, 0x95AA, 0x5346, 0x08A1, 0x850A, 0x95AA, 0x7467,
  0x3A44, 0x0841, 0x0000, 0x0000, 0x2103, 0x2124, 0x2104, 0x18C3, 0x18C3, 0x18C3, 0x18C3, 0x18E3,
  0x18C3, 0x0001, 0x0000, 0x42C5, 0xB6CE, 0xA64B, 0x5C66, 0x6CE7, 0x6CC8, 0x53E7, 0x28C2, 0x6944,
  0x9AC8, 0x59A5, 0x0061, 0x18C3, 0x18C3, 0x18C3, 0x18C3, 0x18C3, 0x18C3, 0x18C3, 0x18C3, 0x18C3,
  0x18C3, 0x18C3, 0x18C3, 0x18C3, 0x18C3, 0x18C3, 0x18C3, 0x18C3, 0x18C3, 0x18C3, 0x18C3, 0x18C3,
  0x18C3, 0x18C3, 0x18C3, 0x18C3, 0x18C3, 0x18C3, 0x18C3, 0x18C3, 0x18C3, 0x18C3, 0x18C3, 0x18C3,
  0x18C3, 0x18C3, 0x18C3, 0x10C3, 0x0861, 0x79E7, 0x7145, 0x18A2, 0x74CB, 0x85EA, 0x5C45, 0x7D49,
  0x9E2C, 0x7C4A, 0x2964, 0x0000, 0x0821, 0x18C3, 0x18E3, 0x18E3, 0x18E3, 0x18E3, 0x18E3, 0x18E3,
  0x18E3, 0x18C3, 0x18C3, 0x18C3, 0x18C3, 0x18C3, 0x18A2, 0x2945, 0x31A5, 0x2943, 0x2103, 0x1102,
  0x1142, 0x63C8, 0x6BE9, 0x848A, 0x95A9, 0x6C46, 0x1922, 0x5347, 0x95AB, 0x3264, 0x1963, 0x2A05,
  0x42C6, 0x3AA6, 0x2183, 0x0881, 0x1062, 0x2104, 0x20E3, 0x18C3, 0x20C4, 0x18C4, 0x0821, 0x0000,
  0x1943, 0x7CCA, 0xB72D, 0x85C9, 0x6466, 0x64C7, 0x6CE7, 0x6CE9, 0x3AC5, 0x3062, 0x81E6, 0xA2E7,
  0x5185, 0x0862, 0x18E3, 0x18C3, 0x18C3, 0x18C3, 0x18C3, 0x18C3, 0x18C3, 0x18C3, 0x18C3, 0x18E3,
  0x18E3, 0x18C3, 0x18C3, 0x18C3, 0x18C3, 0x18C3, 0x18C3, 0x18C3, 0x18C3, 0x18C3, 0x18C3, 0x18C3,
  0x18C3, 0x18C3, 0x18C3, 0x18C3, 0x18C3, 0x18C3, 0x18C3, 0x18C3, 0x18C3, 0x18C3, 0x18C3, 0x18C3,
  0x18C3, 0x18C3, 0x18E3, 0x0081, 0x28C2, 0x9A68, 0x68E4, 0x2062, 0x850B, 0x8DEA, 0x6465, 0x64A5,
  0x85A9, 0x8DCB, 0x5367, 0x18E2, 0x0001, 0x0821, 0x18C3, 0x18E4, 0x18E3, 0x18E3, 0x18E3, 0x18E3,
  0x18C3, 0x18C3, 0x18C3, 0x10A3, 0x18C3, 0x20C3, 0x0001, 0x0000, 0x19A2, 0x5387, 0x6CA8, 0x5C28,
  0x3AC3, 0x5BC6, 0x8D4A, 0x8D69, 0x3AA4, 0x21A2, 0x854A, 0x2A42, 0x08E1, 0x3A66, 0x4307, 0x4B87,
  0x53C7, 0x53A8, 0x4326, 0x1983, 0x0021, 0x1061, 0x20A3, 0x0842, 0x0020, 0x10C2, 0x4B46, 0x9E2B,
  0x9E6C, 0x6CE7, 0x6466, 0x6CA7, 0x6CE8, 0x64C7, 0x5C28, 0x2143, 0x5903, 0x8A47, 0xAAE8, 0x4964,
  0x0862, 0x18E3, 0x18C3, 0x18C3, 0x18C3, 0x18C3, 0x18C3, 0x18C3, 0x18C3, 0x18C3, 0x18E3, 0x18E3,
  0x18C3, 0x18C3, 0x18C3, 0x18C3, 0x18C3, 0x18C3, 0x18C3, 0x18C3, 0x18C3, 0x18E3, 0x18E3, 0x18E3,
  0x18C3, 0x18C3, 0x18C3, 0x18C3, 0x18C3, 0x18C3, 0x18C3, 0x18C3, 0x18C3, 0x18C3, 0x18C3, 0x18C3,
  0x18C3, 0x18C3, 0x10E3, 0x0861, 0x6A06, 0xA287, 0x60C3, 0x1840, 0x8D2C, 0x8DCA, 0x5C85, 0x6CC7,
  0x6CC7, 0x8DAA, 0x856B, 0x42E6, 0x10C2, 0x0001, 0x0001, 0x1082, 0x18E4, 0x18E4, 0x18E3, 0x18E3,
  0x18C3, 0x18C2, 0x3185, 0x39C5, 0x10C2, 0x1942, 0x53A7, 0x6CA9, 0x6CE7, 0x7D88, 0x8DEB, 0x74C8,
  0x32A2, 0x74C8, 0x8509, 0x1982, 0x5327, 0x4325, 0x19C1, 0x5BE7, 0x6CA8, 0x6CA9, 0x6CA8, 0x5C48,
  0x5C08, 0x53E7, 0x4B67, 0x3245, 0x0881, 0x0001, 0x10E2, 0x3AA5, 0x6CA9, 0x8DCA, 0x7528, 0x6486,
  0x6487, 0x6CC7, 0x6CC7, 0x74E7, 0x6CE8, 0x3B06, 0x2061, 0x79C5, 0x9266, 0xB2E9, 0x4944, 0x0862,
  0x18E3, 0x18C3, 0x18C3, 0x18C3, 0x18C3, 0x18C3, 0x18C3, 0x18C3, 0x18C3, 0x18C3, 0x18C3, 0x18C3,
  0x18C3, 0x18C3, 0x18C3, 0x18C3, 0x18C3, 0x18C3, 0x18C3, 0x18C3, 0x18E3, 0x18E3, 0x18E3, 0x18C3,
  0x18C3, 0x18C3, 0x18C3, 0x18C3, 0x18C3, 0x18C3, 0x18C3, 0x18C3, 0x18C3, 0x18C3, 0x18C3, 0x18C3,
  0x18C3, 0x18E3, 0x0042, 0x2964, 0xA369, 0x9206, 0x58E3, 0x1861, 0x8D4D, 0x85C9, 0x6466, 0x6CA7,
  0x6CE7, 0x8DCA, 0x964B, 0x7D29, 0x4B05, 0x1922, 0x0861, 0x0000, 0x0821, 0x1883, 0x20E3, 0x18E3,
  0x1903, 0x1882, 0x0881, 0x3A85, 0x74C8, 0x7508, 0x7508, 0x7527, 0x6CE6, 0x7528, 0x962C, 0x7508,
  0x6445, 0x5386, 0x21E2, 0x5BA8, 0x3AE4, 0x74E8, 0x7D49, 0x6CE7, 0x6CE7, 0x6CE8, 0x6CE8, 0x6467,
  0x5C07, 0x53E8, 0x4BA7, 0x3A86, 0x1102, 0x42C7, 0x5C48, 0x6CC8, 0x6CE7, 0x6CA7, 0x6CA7, 0x6CC7,
  0x6CC7, 0x6CC7, 0x64A7, 0x5C88, 0x29C5, 0x40A3, 0x8A06, 0x9A86, 0xB308, 0x4123, 0x0862, 0x18E3,
  0x18C3, 0x18C3, 0x18C3, 0x18C3, 0x18C3, 0x18C3, 0x18C3, 0x18C3, 0x18C3, 0x18C3, 0x18C3, 0x18C3,
  0x18C3, 0x18E3, 0x18E3, 0x18E3, 0x18C3, 0x18C3, 0x18C3, 0x18E3, 0x18E3, 0x18E3, 0x18C3, 0x18C3,
  0x18C3, 0x18C3, 0x18C3, 0x18C3, 0x18C3, 0x18C3, 0x18C3, 0x18C3, 0x18C3, 0x18C3, 0x18C3, 0x18C3,
  0x18E3, 0x10C4, 0x08A1, 0x82E8, 0xAAC8, 0x9227, 0x48A3, 0x1861, 0x95CE, 0x7587, 0x6486, 0x6CA7,
  0x6CA7, 0x8589, 0x962A, 0x9E4B, 0x7D49, 0x5BC7, 0x3A04, 0x18E3, 0x1082, 0x0021, 0x1062, 0x1042,
  0x0860, 0x42E5, 0x74E8, 0x7507, 0x6CC8, 0x6CC8, 0x7507, 0x7D48, 0x7D69, 0x7D68, 0x8DCA, 0x7D29,
  0x3AE4, 0x4B86, 0x6C67, 0x6CC8, 0x7507, 0x6CC7, 0x6CC8, 0x6CC7, 0x6CC7, 0x6CE7, 0x74E7, 0x6447,
  0x5C07, 0x4BC6, 0x4366, 0x3AC6, 0x21E4, 0x3AC6, 0x53A7, 0x6CA8, 0x6CC9, 0x6CA8, 0x6CC7, 0x6CC7,
  0x74E8, 0x6488, 0x4366, 0x18A1, 0x6165, 0x9246, 0xAAA7, 0xAAE8, 0x30E3, 0x0882, 0x18E3, 0x18C3,
  0x18C3, 0x18C3, 0x18C3, 0x18C3, 0x18C3, 0x18C3, 0x18C3, 0x18C3, 0x18C3, 0x18C3, 0x18C3, 0x18C3,
  0x18E3, 0x18E3, 0x18E3, 0x18C3, 0x18C3, 0x18C3, 0x18E3, 0x18E3, 0x18E3, 0x18C3, 0x18C3, 0x18C3,
  0x18C3, 0x18C3, 0x18C3, 0x18C3, 0x18C3, 0x18C3, 0x18C3, 0x18C3, 0x18C3, 0x18C3, 0x18C3, 0x18C3,
  0x18E4, 0x0041, 0x4144, 0xB329, 0x9A46, 0x8A27, 0x3841, 0x2143, 0x9E4E, 0x6CE6, 0x64A6, 0x6CA7,
  0x6487, 0x74C8, 0x8589, 0x8589, 0x74E8, 0x74E9, 0x5C08, 0x4306, 0x21C3, 0x0840, 0x0000, 0x42E6,
  0x6487, 0x6CE7, 0x6CC7, 0x6CA7, 0x6CC7, 0x7527, 0x7528, 0x7D49, 0x8568, 0x7D88, 0x7549, 0x5C26,
  0x6C87, 0x6CC7, 0x6CC8, 0x6CC7, 0x6CC7, 0x6CE7, 0x6CC7, 0x6CC7, 0x6CE8, 0x6CE7, 0x6447, 0x53C7,
  0x53E7, 0x4366, 0x4366, 0x32A5, 0x29E4, 0x3AE5, 0x4BA7, 0x6C89, 0x6CE8, 0x6CC7, 0x6CA7, 0x6CE7,
  0x6468, 0x32A5, 0x2862, 0x81E6, 0x9286, 0xB2E8, 0x9A87, 0x20A3, 0x08A3, 0x18C2, 0x18C3, 0x18C3,
  0x18C3, 0x18C3, 0x18C3, 0x18C3, 0x18C3, 0x18C3, 0x18C3, 0x18C3, 0x18E3, 0x18E3, 0x18E3, 0x18E3,
  0x18E3, 0x18E3, 0x18E3, 0x18E3, 0x18C3, 0x18C3, 0x18C3, 0x18C3, 0x18C3, 0x18C3, 0x18C3, 0x18C3,
  0x18C3, 0x18C3, 0x18C3, 0x18C3, 0x18C3, 0x18C3, 0x18C3, 0x18C3, 0x18C3, 0x18C3, 0x18C3, 0x18C3,
  0x0882, 0x18E3, 0xA32A, 0xAAC7, 0x9267, 0x8A27, 0x1800, 0x4246, 0x9E4E, 0x6486, 0x6CC7, 0x6CC7,
  0x6CA6, 0x64A6, 0x6CA7, 0x6CA7, 0x6CE7, 0x64C7, 0x5406, 0x5388, 0x42C6, 0x1963, 0x5367, 0x74E8,
  0x6CC7, 0x6CC8, 0x6CE8, 0x7508, 0x74E7, 0x7D28, 0x85A9, 0x8588, 0x7D48, 0x7D48, 0x7508, 0x64A7,
  0x6CC7, 0x6CC8, 0x6CC7, 0x6CC7, 0x6CC7, 0x6CE8, 0x6CC8, 0x6467, 0x6427, 0x5BE6, 0x53C6, 0x6469,
  0x53E8, 0x2A64, 0x3AA6, 0x3A66, 0x3285, 0x3B26, 0x4BC6, 0x6CA8, 0x6CC8, 0x6CC7, 0x6487, 0x5408,
  0x21A4, 0x48C3, 0x8A06, 0x9A87, 0xBB08, 0x9267, 0x18A2, 0x10C4, 0x18C3, 0x18E3, 0x18C3, 0x18C3,
  0x18C3, 0x18C3, 0x18C3, 0x18C3, 0x18C3, 0x18E3, 0x18E3, 0x18E3, 0x18E3, 0x18E3, 0x18E3, 0x18E3,
  0x18C3, 0x18E3, 0x18E3, 0x18C3, 0x18E3, 0x18E3, 0x18E3, 0x18C3, 0x18C3, 0x18C3, 0x18C3, 0x18C3,
  0x18C3, 0x18C3, 0x18C3, 0x18C3, 0x18C3, 0x18C3, 0x18C3, 0x18C3, 0x18C3, 0x18C3, 0x18C3, 0x18E3,
  0x0061, 0x6267, 0xB349, 0xA287, 0x9227, 0x71E6, 0x0800, 0x6BCB, 0x95EB, 0x5C85, 0x6CC7, 0x6CC7,
  0x6CC7, 0x6CC7, 0x6CC7, 0x6CA7, 0x6CE8, 0x5C47, 0x4B87, 0x4B67, 0x4B67, 0x5C48, 0x6CE7, 0x6CC7,
  0x64A7, 0x6467, 0x6467, 0x74E8, 0x8589, 0x8588, 0x7D68, 0x8589, 0x7D68, 0x7508, 0x6CA7, 0x6CC7,
  0x6CC7, 0x6CC7, 0x6CC7, 0x6CC7, 0x6CC7, 0x6487, 0x6467, 0x5C07, 0x5BE6, 0x6C88, 0x4B07, 0x10E3,
  0x10C2, 0x10E2, 0x1903, 0x1903, 0x32A6, 0x4B67, 0x53C6, 0x6CA8, 0x6D08, 0x6447, 0x4306, 0x18A1,
  0x6145, 0x8A26, 0xA288, 0xB308, 0x8267, 0x1081, 0x18C4, 0x18C3, 0x18E3, 0x18C3, 0x18C3, 0x18C3,
  0x18C3, 0x18C3, 0x18C3, 0x18C3, 0x2103, 0x1903, 0x18C3, 0x18E3, 0x18E3, 0x18E3, 0x18E3, 0x18C3,
  0x2103, 0x18E3, 0x18C3, 0x18E3, 0x18E3, 0x18E3, 0x18C3, 0x18C3, 0x18C3, 0x18C3, 0x18C3, 0x18C3,
  0x18C3, 0x18C3, 0x18C3, 0x18C3, 0x18C3, 0x18C3, 0x18C3, 0x18C3, 0x18C3, 0x18C3, 0x18E3, 0x0021,
  0x2984, 0xAB89, 0xA266, 0x9A87, 0x9267, 0x5103, 0x0800, 0x8DAD, 0x7547, 0x6C87, 0x6CC7, 0x6CC7,
  0x6CC7, 0x6CC7, 0x6CA7, 0x6CC8, 0x5C47, 0x4BA7, 0x4B87, 0x53E7, 0x7508, 0x7548, 0x7509, 0x74E8,
  0x6486, 0x6467, 0x5C26, 0x5C26, 0x74E8, 0x8589, 0x8568, 0x8588, 0x7528, 0x6CC7, 0x6CC7, 0x6CC7,
  0x6CC7, 0x6CC7, 0x6CC7, 0x6CC8, 0x6CC7, 0x5C27, 0x5C05, 0x7509, 0x3A86, 0x0060, 0x42A4, 0x7489,
  0x6409, 0x3224, 0x0861, 0x0861, 0x3A86, 0x4B47, 0x5C27, 0x6CC8, 0x5C07, 0x3265, 0x2081, 0x71A6,
  0x8A47, 0xA2A7, 0xB329, 0x7227, 0x0881, 0x18C3, 0x18C3, 0x18E3, 0x18C3, 0x18C3, 0x18C3, 0x18C3,
  0x18C3, 0x18C3, 0x18C3, 0x2104, 0x2104, 0x18C3, 0x18E3, 0x18E3, 0x18C3, 0x18E3, 0x18C3, 0x2945,
  0x1903, 0x18C2, 0x18E3, 0x18E3, 0x18E3, 0x18C3, 0x18C3, 0x18C3, 0x18C3, 0x18C3, 0x18C3, 0x18C3,
  0x18C3, 0x18C3, 0x18C3, 0x18C3, 0x18C3, 0x18C3, 0x18C3, 0x18C3, 0x18C3, 0x18E3, 0x10A3, 0x1103,
  0x938A, 0xAAA8, 0xA2A8, 0x9267, 0x8227, 0x2000, 0x29C5, 0x964D, 0x64A6, 0x6CC8, 0x6CA8, 0x6CC7,
  0x6CC7, 0x6CC7, 0x6CA7, 0x53E7, 0x4B86, 0x5C28, 0x64A9, 0x42E5, 0x2182, 0x29A3, 0x4285, 0x6467,
  0x7D68, 0x6CE7, 0x6467, 0x6467, 0x7508, 0x7D48, 0x7D68, 0x7528, 0x6CC7, 0x6CC7, 0x6CC7, 0x6CC7,
  0x6CC7, 0x6CC7, 0x6CE8, 0x6467, 0x5C25, 0x7D48, 0x42E6, 0x1122, 0x74C8, 0x960A, 0x7549, 0x6CE8,
  0x5C07, 0x4B07, 0x10E2, 0x08A1, 0x4306, 0x4BA6, 0x5407, 0x53E8, 0x29E4, 0x38A2, 0x7A06, 0x9267,
  0xA2A7, 0xBB4A, 0x59E6, 0x0041, 0x18E3, 0x18E3, 0x18E3, 0x18E3, 0x18E3, 0x18C3, 0x18C3, 0x18C3,
  0x18C3, 0x10A3, 0x2944, 0x2985, 0x10A2, 0x18E3, 0x18C3, 0x18C3, 0x18C3, 0x1904, 0x31A5, 0x18C3,
  0x18C3, 0x18E3, 0x18E3, 0x18E3, 0x18C3, 0x18C3, 0x18C3, 0x18C3, 0x18C3, 0x18C3, 0x18C3, 0x18C3,
  0x18C3, 0x18C3, 0x18C3, 0x18C3, 0x18C3, 0x18C3, 0x18C3, 0x18C3, 0x18C3, 0x18E4, 0x0020, 0x5246,
  0xBB6A, 0xA287, 0x9A87, 0x8226, 0x69C6, 0x0800, 0x640A, 0x85EB, 0x64A6, 0x6CA7, 0x6CA7, 0x6CC7,
  0x6CE7, 0x6487, 0x4BA6, 0x5C28, 0x4B67, 0x10E1, 0x31C5, 0x63CA, 0x5368, 0x2143, 0x10E2, 0x42E6,
  0x7D28, 0x7507, 0x6CC9, 0x6487, 0x6CC7, 0x7D28, 0x7508, 0x6CC8, 0x6CC7, 0x6CC7, 0x6CE7, 0x6CC7,
  0x6CC7, 0x6CA7, 0x6CA7, 0x7D49, 0x53C6, 0x1963, 0x84EA, 0x8DC9, 0x6486, 0x53C6, 0x4366, 0x4326,
  0x4326, 0x3AC6, 0x08A1, 0x3245, 0x4B67, 0x4BA7, 0x4367, 0x2122, 0x50E3, 0x7A06, 0x9267, 0xAAA8,
  0xB329, 0x3964, 0x0062, 0x18E3, 0x18E3, 0x18E3, 0x18E3, 0x18E3, 0x18C3, 0x18C3, 0x18C3, 0x18E3,
  0x18C3, 0x2164, 0x4267, 0x18E3, 0x18C3, 0x18E3, 0x18E4, 0x10A3, 0x29A5, 0x3A06, 0x1882, 0x18C3,
  0x18C3, 0x18E3, 0x18E3, 0x18C3, 0x18C2, 0x18E3, 0x18E3, 0x18C3, 0x18C3, 0x18C3, 0x18C3, 0x18C3,
  0x18C3, 0x18C3, 0x18C3, 0x18C3, 0x18C3, 0x18C3, 0x18C3, 0x18C3, 0x18C3, 0x0042, 0x2123, 0xABA9,
  0xA2A6, 0xA2C7, 0x8A47, 0x8226, 0x4081, 0x10A2, 0x8DCD, 0x74E6, 0x6CA7, 0x6CA8, 0x6CC6, 0x6CE7,
  0x5C27, 0x53E8, 0x4B87, 0x0020, 0x6B89, 0xBF10, 0x964A, 0x7D68, 0x7529, 0x5348, 0x10C2, 0x3265,
  0x7529, 0x6D07, 0x6CE7, 0x6CC7, 0x74E7, 0x6CC7, 0x6CA8, 0x74E8, 0x74E8, 0x64A7, 0x6CA7, 0x74E8,
  0x6CA7, 0x7507, 0x74C8, 0x3285, 0x6428, 0x85A9, 0x6466, 0x53C7, 0x4B67, 0x3225, 0x29C5, 0x32C5,
  0x4B46, 0x1923, 0x2A24, 0x4367, 0x4367, 0x32A5, 0x20A1, 0x6965, 0x8206, 0x9A67, 0xAAE8, 0x92C7,
  0x18E2, 0x10A3, 0x18C3, 0x18C3, 0x18C3, 0x18C3, 0x18C3, 0x18E3, 0x18E3, 0x2103, 0x2103, 0x2103,
  0x1923, 0x52E7, 0x3184, 0x18C3, 0x18E3, 0x18E3, 0x10A2, 0x3205, 0x3A06, 0x1882, 0x18E3, 0x18E3,
  0x18E3, 0x18E3, 0x10A2, 0x18E3, 0x2944, 0x18E3, 0x18C3, 0x18C3, 0x18C3, 0x18C3, 0x18C3, 0x18C3,
  0x18C3, 0x18C3, 0x18C3, 0x18C3, 0x18C3, 0x18C3, 0x18C3, 0x18C3, 0x10C4, 0x08A2, 0x8347, 0xAB08,
  0xA2A7, 0x9A87, 0x8206, 0x79C6, 0x1000, 0x3A86, 0x85AB, 0x64A6, 0x6CA8, 0x6CE7, 0x6CC7, 0x53E6,
  0x6429, 0x1122, 0x6BAA, 0xCF91, 0x5C45, 0x4B86, 0x6408, 0x6CE8, 0x85AA, 0x7489, 0x1963, 0x3AE5,
  0x74E7, 0x6CC7, 0x74E8, 0x6CA7, 0x7508, 0x6487, 0x5C26, 0x5C26, 0x5C46, 0x74E8, 0x6CA7, 0x6CC7,
  0x6CA8, 0x53A5, 0x5C07, 0x7D88, 0x5C87, 0x53E7, 0x4B68, 0x2183, 0x0020, 0x20E3, 0x4306, 0x4B27,
  0x1943, 0x3264, 0x4347, 0x4367, 0x2A24, 0x30A1, 0x79C6, 0x8A26, 0xA288, 0xAB08, 0x82E6, 0x10A3,
  0x18C3, 0x18C3, 0x18C3, 0x18C3, 0x18C3, 0x18E3, 0x2103, 0x2123, 0x2944, 0x2964, 0x2984, 0x2142,
  0x5B27, 0x4225, 0x18C3, 0x18E3, 0x20E3, 0x18E2, 0x4265, 0x3A26, 0x20E3, 0x2124, 0x2123, 0x2104,
  0x10A2, 0x2103, 0x39C6, 0x18E3, 0x18C2, 0x18C3, 0x18C3, 0x18C3, 0x18C3, 0x18C3, 0x18C3, 0x18C3,
  0x18C3, 0x18C3, 0x18C3, 0x18C3, 0x18C3, 0x18C3, 0x18C3, 0x18E4, 0x0000, 0x49E4, 0xB369, 0x9A67,
  0x9AA7, 0x8A46, 0x8207, 0x48E4, 0x0000, 0x6429, 0x6D28, 0x6C87, 0x6CC8, 0x6487, 0x5407, 0x4345,
  0x39C6, 0xBE72, 0x4BC4, 0x3AE5, 0x4346, 0x3B26, 0x4BA6, 0x6CA7, 0x7D69, 0x74A9, 0x3264, 0x4B86,
  0x6408, 0x74C8, 0x6CA9, 0x6468, 0x6467, 0x6CA7, 0x6CC7, 0x6467, 0x5407, 0x6467, 0x74E9, 0x42E6,
  0x5BE6, 0x7D68, 0x6CE7, 0x5C07, 0x4B88, 0x1963, 0x0000, 0x0001, 0x10A2, 0x2A44, 0x42E6, 0x1942,
  0x3AA6, 0x4306, 0x4386, 0x29C4, 0x40A2, 0x7A06, 0x8A27, 0xA267, 0xBB89, 0x6327, 0x0042, 0x18E3,
  0x18E3, 0x18E3, 0x18C3, 0x18E3, 0x2103, 0x2944, 0x2984, 0x31E5, 0x3A05, 0x3A24, 0x31C2, 0x63A7,
  0x5327, 0x1903, 0x2102, 0x2124, 0x2162, 0x6388, 0x4AC6, 0x29A3, 0x31A4, 0x2984, 0x18E2, 0x2984,
  0x4A68, 0x2103, 0x10A2, 0x18C3, 0x18C3, 0x18C3, 0x18C3, 0x18C3, 0x18C3, 0x18C3, 0x18C3, 0x18C3,
  0x18C3, 0x18C3, 0x18C3, 0x18C3, 0x18C3, 0x18C3, 0x18C3, 0x0862, 0x2143, 0xA3CA, 0xA267, 0xA2A8,
  0x9267, 0x7A05, 0x71C6, 0x1000, 0x1902, 0x74EA, 0x6CC7, 0x6CC8, 0x6467, 0x5C67, 0x3AE4, 0x39E6,
  0x6C2A, 0x2A43, 0x3245, 0x2A65, 0x32E6, 0x4346, 0x4B85, 0x6CA7, 0x7D49, 0x6CA8, 0x53E6, 0x4306,
  0x4305, 0x7D49, 0x6C87, 0x5C06, 0x53A6, 0x4B66, 0x4324, 0x5C27, 0x7D29, 0x53C7, 0x2203, 0x74E8,
  0x6D28, 0x6467, 0x5BC7, 0x29E4, 0x0000, 0x0801, 0x0801, 0x10C3, 0x32A6, 0x3285, 0x1942, 0x4306,
  0x3B26, 0x3B27, 0x2102, 0x50E3, 0x79E6, 0x9226, 0x9A46, 0xA42A, 0x31E5, 0x0021, 0x18E3, 0x18C3,
  0x18C3, 0x18E3, 0x1903, 0x2144, 0x31A4, 0x31E4, 0x3A44, 0x42A4, 0x4AC5, 0x4263, 0x7CA9, 0x7C69,
  0x2142, 0x2163, 0x2963, 0x3A44, 0x84EA, 0x5326, 0x3A64, 0x3A45, 0x2183, 0x3A24, 0x636A, 0x2964,
  0x10A2, 0x18E3, 0x18C3, 0x18C3, 0x18C3, 0x18C3, 0x18C3, 0x18C3, 0x18C3, 0x18C3, 0x18C3, 0x18C3,
  0x18C3, 0x18C3, 0x18C3, 0x18C3, 0x18C3, 0x18C3, 0x18C3, 0x0041, 0x7328, 0xB369, 0xA266, 0x9A67,
  0x8206, 0x79C5, 0x5143, 0x0000, 0x4307, 0x7529, 0x6CE8, 0x6467, 0x6487, 0x4326, 0x1922, 0x4326,
  0x32A5, 0x2143, 0x0000, 0x1081, 0x29C4, 0x3AE6, 0x4BC7, 0x6CC8, 0x7507, 0x6CC7, 0x6427, 0x21E3,
  0x5C06, 0x7528, 0x6CC9, 0x64A7, 0x5C86, 0x7509, 0x6CC8, 0x7509, 0x3B06, 0x4324, 0x8568, 0x6CC8,
  0x5C28, 0x4307, 0x0020, 0x3000, 0x3000, 0x0000, 0x10E2, 0x4BA8, 0x2A64, 0x2183, 0x4347, 0x3B46,
  0x2AA5, 0x2081, 0x6944, 0x79E5, 0x9206, 0xAB08, 0x8449, 0x08A2, 0x10A3, 0x18C3, 0x18C3, 0x18C3,
  0x18E3, 0x2123, 0x2102, 0x2121, 0x3A23, 0x4AE4, 0x4AE4, 0x42E3, 0x42E2, 0x74A6, 0x958B, 0x2A02,
  0x31C3, 0x29C3, 0x5BA7, 0x9DCC, 0x5344, 0x5346, 0x4284, 0x5B66, 0x8CEC, 0x3A45, 0x18E2, 0x2123,
  0x18E3, 0x18C3, 0x18C3, 0x18C3, 0x18C3, 0x18C3, 0x18C3, 0x18C3, 0x18C3, 0x18C3, 0x18C3, 0x18C3,
  0x18C3, 0x18C3, 0x18C3, 0x18C3, 0x18C3, 0x18E3, 0x0001, 0x3A04, 0xBC4B, 0x9A26, 0xA2A7, 0x9228,
  0x71E5, 0x7205, 0x2821, 0x0902, 0x6CE9, 0x7508, 0x6467, 0x6487, 0x53A7, 0x2183, 0x4326, 0x4326,
  0x18E3, 0x0000, 0x0800, 0x0000, 0x1903, 0x3AA7, 0x5C48, 0x6CE8, 0x6CC7, 0x7529, 0x4B66, 0x3A84,
  0x74E9, 0x53E6, 0x5C27, 0x6CC8, 0x4B85, 0x5BC6, 0x6CC9, 0x3AC5, 0x6467, 0x7D27, 0x6467, 0x53E8,
  0x1164, 0x3000, 0xC801, 0x8041, 0x0000, 0x10E2, 0x4B87, 0x3244, 0x2A04, 0x4327, 0x4367, 0x2244,
  0x28A2, 0x6985, 0x81E6, 0x81C5, 0xA42A, 0x5B28, 0x0000, 0x20E3, 0x18C3, 0x18E3, 0x1082, 0x0000,
  0x0860, 0x4226, 0x73AD, 0xA595, 0xDEFA, 0xC657, 0xADF3, 0xA590, 0xA5AE, 0xBEB1, 0x63A8, 0x3A03,
  0x29A0, 0x7487, 0x9E0A, 0x63E4, 0x63E4, 0x74A7, 0xAE2D, 0x5B85, 0x31E3, 0x31C4, 0x2143, 0x2103,
  0x18C3, 0x18C3, 0x18C3, 0x18C3, 0x18C3, 0x18C3, 0x18C3, 0x18C3, 0x18C3, 0x18C3, 0x18C3, 0x18C3,
  0x18C3, 0x18C3, 0x18C3, 0x18C3, 0x18C3, 0x10A3, 0x08A1, 0x93EA, 0xAB08, 0xA287, 0x9A88, 0x8206,
  0x7A05, 0x5944, 0x0800, 0x4B48, 0x7529, 0x64A7, 0x6487, 0x6428, 0x3264, 0x42E6, 0x3A86, 0x1102,
  0x1041, 0x1042, 0x0040, 0x0000, 0x0082, 0x42E7, 0x64E9, 0x6D08, 0x6CC7, 0x7509, 0x4B87, 0x53C6,
  0x6C87, 0x4B26, 0x3A64, 0x4B46, 0x7D0A, 0x5406, 0x4B65, 0x7D09, 0x74E8, 0x5C48, 0x2AC6, 0x0000,
  0xA000, 0xF983, 0xD144, 0x0800, 0x08A2, 0x4346, 0x3264, 0x2A04, 0x4327, 0x4366, 0x29C4, 0x38A3,
  0x71C5, 0x7985, 0x6244, 0x7C4B, 0x10E2, 0x1082, 0x20C3, 0x0840, 0x0000, 0x10A2, 0x5289, 0x8C71,
  0xBE39, 0xA5B8, 0xC63B, 0xEF9F, 0x9DD8, 0xB63A, 0xC65A, 0xD6FB, 0xF7DC, 0xDF5A, 0xBE57, 0xA553,
  0xC653, 0xC690, 0x954A, 0x9DAA, 0xB66C, 0x63C4, 0x3241, 0x4285, 0x3A25, 0x2984, 0x2123, 0x18E3,
  0x18C3, 0x18C3, 0x18C3, 0x18C3, 0x18C3, 0x18C3, 0x18C3, 0x18C3, 0x18C3, 0x18C3, 0x18C3, 0x18C3,
  0x18C3, 0x18C3, 0x18C3, 0x18E3, 0x20E4, 0x0001, 0x4245, 0xBCAC, 0x9A27, 0xA2C7, 0x8A47, 0x71C5,
  0x71C5, 0x2821, 0x1942, 0x6CC9, 0x64E6, 0x6487, 0x6448, 0x4346, 0x3285, 0x3B06, 0x3AC6, 0x0862,
  0x0021, 0x4041, 0x6022, 0x0000, 0x0061, 0x4BA8, 0x754A, 0x74E7, 0x6CC7, 0x752A, 0x5C26, 0x5C06,
  0x6C68, 0x6448, 0x5C07, 0x6C87, 0x53C5, 0x6CC7, 0x7508, 0x64A7, 0x53E8, 0x1944, 0x0000, 0xC431,
  0xFED6, 0xE222, 0x1800, 0x0061, 0x4326, 0x3AC6, 0x21C3, 0x3B06, 0x3B46, 0x2122, 0x50C4, 0x7164,
  0x3962, 0x6408, 0x3A66, 0x0000, 0x0000, 0x0000, 0x2986, 0x52CB, 0xA535, 0xCE7B, 0xBE1A, 0x94F6,
  0x7C33, 0xB598, 0xBEFB, 0x6E59, 0x7DF7, 0x7D75, 0x8DF8, 0xC73C, 0xBEBA, 0xA639, 0xB63A, 0xDF5E,
  0xE79B, 0xEFBB, 0xFFFD, 0xE759, 0xB5F3, 0x848D, 0x5306, 0x3A44, 0x31C4, 0x2943, 0x2103, 0x18C3,
  0x18E3, 0x18E3, 0x18E3, 0x18C3, 0x18C3, 0x18C3, 0x18E3, 0x18E3, 0x18C3, 0x18C3, 0x18C3, 0x18C3,
  0x18C3, 0x18C3, 0x18C3, 0x18C3, 0x10A3, 0x0082, 0x8C4A, 0xAB48, 0x9A66, 0x9A88, 0x71C6, 0x71A5,
  0x5124, 0x0840, 0x4388, 0x6D28, 0x6487, 0x5C47, 0x53E7, 0x4B67, 0x4B86, 0x4327, 0x10C3, 0x0000,
  0xA042, 0xF822, 0x9001, 0x0800, 0x08E2, 0x5C69, 0x8549, 0x6CA7, 0x64C8, 0x858A, 0x74C8, 0x53A7,
  0x53A7, 0x4B26, 0x6C87, 0x6467, 0x7D68, 0x6CE8, 0x6468, 0x3AE6, 0x0001, 0x0000, 0x3A69, 0xFECD,
  0xEBE6, 0x1800, 0x0082, 0x4327, 0x4B67, 0x29E4, 0x32A6, 0x3B46, 0x28C2, 0x60E4, 0x3942, 0x4BA7,
  0x3AC5, 0x0000, 0x0821, 0x39C7, 0x73F0, 0xBE19, 0xBE1A, 0xA578, 0x8494, 0x8CB4, 0x94D5, 0x8C95,
  0xB598, 0xBF1B, 0x97FF, 0x6E5A, 0x4493, 0x6DD7, 0xAF1A, 0xB73C, 0x75B6, 0x6D55, 0xBEDA, 0xCF39,
  0xFFFE, 0xCF1C, 0xA659, 0xCEBB, 0xFFFF, 0x9D30, 0x31E2, 0x3A04, 0x2964, 0x2103, 0x18E2, 0x18E3,
  0x18E3, 0x18E3, 0x18C3, 0x18C3, 0x18C3, 0x18E3, 0x18E3, 0x18C3, 0x18C3, 0x18C3, 0x18C3, 0x18C3,
  0x18C3, 0x18C3, 0x18C3, 0x18E4, 0x0002, 0x2983, 0xACEB, 0xA267, 0xA268, 0x7A05, 0x71A5, 0x69A5,
  0x2041, 0x1964, 0x64C8, 0x6466, 0x5C47, 0x5C47, 0x6467, 0x5C28, 0x4B87, 0x1944, 0x0000, 0x9001,
  0xF901, 0xFAA4, 0x98A1, 0x0000, 0x1983, 0x74AA, 0x7D69, 0x6CC6, 0x7508, 0x8DAB, 0x5BE7, 0x3AA5,
  0x4306, 0x74C8, 0x74C8, 0x7D68, 0x6CA7, 0x5BC8, 0x19A3, 0x0000, 0x0001, 0x3160, 0xFE84, 0xBB47,
  0x0000, 0x0021, 0x3245, 0x4387, 0x3AC5, 0x21C3, 0x2A44, 0x2861, 0x3963, 0x4B87, 0x3A64, 0x0000,
  0x2947, 0x8C73, 0xBDF9, 0xADB8, 0x94D6, 0x8C95, 0x8CB6, 0x8CD5, 0x8CD5, 0x94D5, 0x8494, 0xB5D8,
  0xBF1B, 0x97FF, 0x44F5, 0x01EA, 0x02CC, 0x4CF2, 0x8658, 0x136E, 0x3C92, 0xDFFE, 0xD77A, 0x9E37,
  0xA73C, 0x7658, 0x4C51, 0xD75D, 0xAD92, 0x3222, 0x3A45, 0x2984, 0x2124, 0x18E3, 0x18C3, 0x18E3,
  0x18E3, 0x18E3, 0x18E3, 0x18C3, 0x18E3, 0x18E3, 0x18C3, 0x18C3, 0x18C3, 0x18C3, 0x18C3, 0x18C3,
  0x18C3, 0x18C3, 0x18C3, 0x18E3, 0x0000, 0x6327, 0xB48B, 0x9245, 0x9227, 0x71A5, 0x69A5, 0x50E3,
  0x1041, 0x4367, 0x6488, 0x5426, 0x5C26, 0x6468, 0x5C67, 0x53C6, 0x29C5, 0x0000, 0x7000, 0xF960,
  0xFD8A, 0xFF7A, 0x49C8, 0x0000, 0x2204, 0x64E9, 0x8549, 0x74E7, 0x74E8, 0x5C26, 0x3284, 0x3AA5,
  0x6467, 0x64A8, 0x7528, 0x5C48, 0x21C3, 0x61A2, 0x9BE6, 0x52A2, 0xFDE4, 0xFD28, 0x1802, 0x0000,
  0x0840, 0x2A04, 0x3B06, 0x4B66, 0x3AA5, 0x0860, 0x10A0, 0x4B89, 0x29C4, 0x0842, 0x634F, 0x8433,
  0xA577, 0x8CB5, 0x8CB4, 0x94D5, 0x94D6, 0x94B6, 0x8CD5, 0x8CD5, 0x94D5, 0x8474, 0xB5D8, 0xB71B,
  0x8FFF, 0x3CF4, 0x026C, 0x1B70, 0x2BB0, 0x54F4, 0x02AC, 0x2B8F, 0x9658, 0x1B6D, 0x0249, 0x86BB,
  0xAFDD, 0x5D53, 0xD73C, 0x8CAD, 0x3A82, 0x3A44, 0x29A4, 0x2123, 0x18E3, 0x18E3, 0x18E3, 0x18E3,
  0x18E3, 0x18E3, 0x18E3, 0x18E3, 0x18E3, 0x18C3, 0x18C3, 0x18C3, 0x18C3, 0x18C3, 0x18C3, 0x18C3,
  0x18C3, 0x18C3, 0x18E3, 0x1083, 0x0021, 0x7C4A, 0x9BE9, 0x8206, 0x89C6, 0x7165, 0x6184, 0x2842,
  0x1984, 0x6CC9, 0x4BA6, 0x53C7, 0x6C69, 0x5C47, 0x53E7, 0x3A46, 0x0000, 0x3801, 0xE920, 0xFE68,
  0xA550, 0x2126, 0x0000, 0x0000, 0x2245, 0x6489, 0x7509, 0x752A, 0x5C06, 0x3AA5, 0x2183, 0x4BA7,
  0x6489, 0x5C88, 0x4367, 0x2062, 0xB861, 0xFBC4, 0xFD25, 0xD2C3, 0x3000, 0x0043, 0x2124, 0x3224,
  0x3AC6, 0x3AC6, 0x4B86, 0x4B67, 0x3A66, 0x1122, 0x08C2, 0x3148, 0x6BD2, 0x8495, 0x5B0E, 0x94F5,
  0x94D5, 0x94D5, 0x8CD5, 0x8CD5, 0x8CD5, 0x8CD5, 0x8CD5, 0x94D5, 0x8495, 0xB598, 0xA6FA, 0x8FFE,
  0x97BE, 0x3493, 0x0AAD, 0x12EE, 0x1B2F, 0x130E, 0x1B0E, 0x12AC, 0x026C, 0x02AC, 0x871C, 0xBFFF,
  0x8E37, 0xC6F9, 0x7408, 0x4AA4, 0x3A44, 0x31A4, 0x2124, 0x18E3, 0x18E3, 0x18E3, 0x18E3, 0x18E3,
  0x18E3, 0x18E3, 0x18E3, 0x18E3, 0x18C3, 0x18C3, 0x18C3, 0x18C3, 0x18C3, 0x18C3, 0x18C3, 0x18C3,
  0x18C3, 0x18C3, 0x20E3, 0x0842, 0x08A2, 0x742B, 0x7387, 0x6204, 0x7185, 0x6144, 0x50E4, 0x1841,
  0x53A7, 0x4326, 0x4325, 0x74C9, 0x5C27, 0x4386, 0x3A66, 0x0001, 0x0801, 0x9966, 0xFDC6, 0xBCE0,
  0x0020, 0x1964, 0xA225, 0x5820, 0x11E4, 0x4BA7, 0x648A, 0x5BC8, 0x3A46, 0x0000, 0x1923, 0x42C6,
  0x3285, 0x10E2, 0x0800, 0x5001, 0x7800, 0x6001, 0x1843, 0x21C5, 0x63A9, 0x5368, 0x42C6, 0x2A45,
  0x4B87, 0x5C28, 0x53E8, 0x53C7, 0x42C6, 0x0840, 0x41EA, 0x7BF3, 0x6BB0, 0x5B4F, 0x9D16, 0x94D5,
  0x94D5, 0x8CD5, 0x8CD5, 0x8CD5, 0x8CD5, 0x8CD5, 0x8CD5, 0x8474, 0xB597, 0xA6DA, 0x7F9E, 0xA7FF,
  0x3CB4, 0x024B, 0x12EE, 0x0ACD, 0x12EE, 0x12CD, 0x0ACD, 0x12EE, 0x130E, 0x6E5B, 0x86FB, 0xC77D,
  0xEFDB, 0x6C06, 0x3203, 0x3A25, 0x2984, 0x2103, 0x18C3, 0x18C3, 0x18E3, 0x18E3, 0x18E3, 0x18E3,
  0x18E3, 0x18C3, 0x18C3, 0x18C3, 0x18C3, 0x18C3, 0x18C3, 0x18C3, 0x18C3, 0x18C3, 0x18C3, 0x18C3,
  0x18C3, 0x18C3, 0x20E3, 0x0842, 0x0881, 0x4B48, 0x4BA7, 0x4284, 0x3964, 0x5104, 0x2000, 0x29C4,
  0x3265, 0x3284, 0x74E9, 0x5C68, 0x3B25, 0x21C3, 0x18A1, 0x0000, 0x20C6, 0xC36C, 0xF400, 0xDC46,
  0xE368, 0xFA24, 0x9001, 0x0000, 0x08A1, 0x2163, 0x2144, 0x0020, 0x0000, 0x0000, 0x0000, 0x0000,
  0x0000, 0x0862, 0x00C3, 0x00C3, 0x2205, 0x53C9, 0x5BE9, 0x52E7, 0x3A85, 0x19C2, 0x4346, 0x6CC8,
  0x7528, 0x64A8, 0x5407, 0x4B87, 0x4306, 0x10C1, 0x41AA, 0x634F, 0x5B4F, 0x9D16, 0x94D5, 0x94D5,
  0x8CD5, 0x8CD5, 0x8CD5, 0x8CD5, 0x8CD5, 0x8CD5, 0x8474, 0xB5B8, 0xA679, 0x2432, 0x1C11, 0x136F,
  0x1B0E, 0x1B0E, 0x1B2F, 0x1B4F, 0x1B4F, 0x1B4F, 0x1B4F, 0x1B4F, 0x02EE, 0x23D0, 0xAF3C, 0xEFB9,
  0xAE2D, 0x5B86, 0x2163, 0x2124, 0x2103, 0x18C3, 0x18C3, 0x18C3, 0x18E3, 0x18E3, 0x18E3, 0x18E3,
  0x18C3, 0x18C3, 0x18C3, 0x18C3, 0x18C3, 0x18C3, 0x18C3, 0x18E3, 0x18E3, 0x18E3, 0x18C3, 0x18C3,
  0x18C3, 0x10E3, 0x1903, 0x1042, 0x0821, 0x3245, 0x4347, 0x3B07, 0x3245, 0x2923, 0x0821, 0x08A1,
  0x53A7, 0x6CA8, 0x5C47, 0x53E7, 0x3A85, 0x1942, 0x3A27, 0x3228, 0x2126, 0x4002, 0x7061, 0x7801,
  0x4000, 0x20A3, 0x0821, 0x0000, 0x0000, 0x0000, 0x1943, 0x3285, 0x3B06, 0x3AE6, 0x2A45, 0x21E4,
  0x1141, 0x19C3, 0x32A6, 0x2A65, 0x3224, 0x2A24, 0x3285, 0x3AE5, 0x5C28, 0x7D49, 0x7567, 0x7546,
  0x7528, 0x6448, 0x4346, 0x4346, 0x3AE6, 0x20E4, 0x5AAE, 0x636F, 0x9D16, 0x94D5, 0x94D5, 0x8CD5,
  0x8CD5, 0x8CD5, 0x8CB5, 0x8CB5, 0x8CD5, 0x8C74, 0xB5F8, 0x9E38, 0x0209, 0x01A6, 0x12AA, 0x2B6E,
  0x33F0, 0x3431, 0x3411, 0x2BF1, 0x23B1, 0x23B0, 0x1B8F, 0x02AC, 0x3C12, 0xC7FF, 0xAE12, 0x4AE4,
  0x84AA, 0x5B67, 0x1923, 0x1082, 0x18C2, 0x18C3, 0x18C3, 0x18E3, 0x18E3, 0x18E3, 0x18E3, 0x18C3,
  0x18C3, 0x18C3, 0x18C3, 0x18C3, 0x18C3, 0x18C3, 0x18E3, 0x18E3, 0x18E3, 0x18C3, 0x18C3, 0x18C3,
  0x18C3, 0x18C3, 0x18E3, 0x18A3, 0x0821, 0x10C2, 0x2A05, 0x4325, 0x4B07, 0x0000, 0x3225, 0x6CE9,
  0x5C67, 0x6487, 0x6487, 0x5C28, 0x3AE6, 0x3AA6, 0x6C0B, 0x6C2C, 0x538A, 0x42A7, 0x3AA7, 0x22A7,
  0x19A4, 0x1902, 0x29A4, 0x21C3, 0x5C08, 0x7D2A, 0x7507, 0x7528, 0x7528, 0x7549, 0x6C8A, 0x4267,
  0x2A44, 0x53C7, 0x6408, 0x6C28, 0x7509, 0x8DCA, 0x8DEB, 0x8DCA, 0x8589, 0x7D49, 0x6D08, 0x6CA8,
  0x53C7, 0x3B06, 0x32C5, 0x4BC8, 0x2184, 0x422B, 0x6390, 0x9D36, 0x8CD5, 0x8CD5, 0x8CD5, 0x8CD5,
  0x8CD5, 0x8CB5, 0x8CB5, 0x8CD5, 0x8C94, 0xBE19, 0x9638, 0x0A04, 0x1201, 0x2AC4, 0x3BE8, 0x65D0,
  0x5DF3, 0x4D32, 0x44B2, 0x3432, 0x2BF1, 0x23D0, 0x0B4F, 0x2BD2, 0xBF7D, 0xAD72, 0x18E0, 0x2161,
  0x52E6, 0x52E8, 0x2144, 0x1081, 0x18C3, 0x18C3, 0x18C3, 0x18C3, 0x18C3, 0x18C3, 0x18C3, 0x18C3,
  0x18C3, 0x18C3, 0x18C3, 0x18E3, 0x18E3, 0x18E3, 0x18E3, 0x18E3, 0x18C3, 0x18C3, 0x18C3, 0x18C3,
  0x18C3, 0x18C3, 0x18E3, 0x18E3, 0x1062, 0x0821, 0x18C2, 0x0040, 0x3206, 0x856B, 0x5C86, 0x64A7,
  0x74E8, 0x7508, 0x6487, 0x53C7, 0x3AE5, 0x2A43, 0x42A6, 0x42E6, 0x4306, 0x42E6, 0x2A64, 0x32A5,
  0x53A8, 0x3AC5, 0x3B06, 0x6489, 0x962B, 0x8DC9, 0x85A8, 0x85A9, 0x856A, 0x1962, 0x1101, 0x53C7,
  0x3B44, 0x5C08, 0x53C6, 0x4B46, 0x42A5, 0x3A84, 0x3A65, 0x42A6, 0x4B27, 0x4BA7, 0x53A7, 0x42E6,
  0x3AC5, 0x53A7, 0x4B27, 0x18E4, 0x6330, 0x6350, 0x9516, 0x8CB5, 0x8CD5, 0x8CD5, 0x8CD5, 0x8CD5,
  0x8CD5, 0x8CB5, 0x8CD5, 0x8C94, 0xBDF9, 0x9637, 0x1AC5, 0x3363, 0x54A5, 0x75E7, 0xAF8F, 0x9F54,
  0x7674, 0x5DB3, 0x4CF3, 0x3451, 0x23D1, 0x1BB1, 0x02AD, 0x95B7, 0x948F, 0x10A0, 0x2123, 0x10A1,
  0x2123, 0x3A06, 0x2965, 0x18C3, 0x18C3, 0x18C3, 0x18C3, 0x18C3, 0x18C3, 0x18C3, 0x18C3, 0x18C3,
  0x18C3, 0x18C3, 0x18E3, 0x18E3, 0x18E3, 0x18E3, 0x18E3, 0x18C3, 0x18C3, 0x18C3, 0x18C3, 0x18C3,
  0x18C3, 0x18C3, 0x18C3, 0x18E2, 0x18E2, 0x0001, 0x2103, 0x9DAD, 0x64A6, 0x5CA6, 0x6CE7, 0x74E7,
  0x7506, 0x74E7, 0x6CC8, 0x6448, 0x53E7, 0x53A7, 0x5387, 0x4B26, 0x3AE5, 0x4BA6, 0x74C9, 0x53A6,
  0x4305, 0x6BCA, 0x0000, 0x42E5, 0x8DCA, 0x7568, 0x7D89, 0x53A7, 0x0000, 0x3A45, 0x6CC8, 0x6488,
  0x5C28, 0x4B67, 0x0861, 0x0000, 0x08A2, 0x10E2, 0x08A1, 0x1122, 0x4327, 0x4326, 0x3285, 0x4346,
  0x5BE9, 0x08C1, 0x52AE, 0x8C55, 0x5B2E, 0x9516, 0x8CD5, 0x8CD5, 0x8CD5, 0x8CD5, 0x8CD5, 0x8CD5,
  0x8CB5, 0x8CD5, 0x8474, 0xB5FA, 0x8E17, 0x2384, 0x4C83, 0x8E47, 0xBFAB, 0xDFF2, 0xC7F6, 0x9F96,
  0x7674, 0x4D33, 0x3431, 0x23B0, 0x1BB0, 0x030D, 0x95B7, 0x632B, 0x0860, 0x2103, 0x18E3, 0x10A2,
  0x10A1, 0x2944, 0x18C3, 0x18C3, 0x18C3, 0x18E3, 0x18E3, 0x18E3, 0x18E3, 0x18E3, 0x18E3, 0x18E3,
  0x18E3, 0x18E3, 0x18E3, 0x18E3, 0x18E3, 0x18E3, 0x18C3, 0x18C3, 0x18C3, 0x18C3, 0x18C3, 0x18E3,
  0x18C3, 0x18C3, 0x18C3, 0x18C3, 0x0000, 0x7C6C, 0x960C, 0x5425, 0x6CC7, 0x6CA7, 0x6CC8, 0x7528,
  0x8549, 0x85AA, 0x8DCB, 0x854B, 0x7489, 0x6C48, 0x74A9, 0x7CEA, 0x7D29, 0x7507, 0x64A8, 0x6447,
  0x7CC9, 0x4285, 0x1142, 0x6427, 0x7508, 0x74E8, 0x4345, 0x4B45, 0x856A, 0x7D69, 0x7D4A, 0x5BE8,
  0x21A3, 0x2984, 0x3AA6, 0x4326, 0x6C69, 0x6449, 0x4326, 0x3AE6, 0x3284, 0x4B66, 0x6409, 0x10E1,
  0x2947, 0xA539, 0x8474, 0x5B2E, 0x9516, 0x8CD5, 0x8CD5, 0x8CD5, 0x8CD5, 0x8CD5, 0x8CD5, 0x8CD5,
  0x8CD4, 0x8C74, 0xAE19, 0x9E96, 0x6E07, 0x8EA6, 0xC769, 0xCFE9, 0xBFB1, 0xBFF8, 0x8F14, 0x65F2,
  0x44D2, 0x2C11, 0x23B1, 0x1B90, 0x1B6F, 0xA5F8, 0x4208, 0x1061, 0x18E3, 0x18C3, 0x18C3, 0x18C3,
  0x10A3, 0x18C3, 0x18C3, 0x18C3, 0x18C3, 0x18C3, 0x18E3, 0x18E3, 0x18E3, 0x18E3, 0x18E3, 0x18C3,
  0x18C3, 0x18C3, 0x18C3, 0x18C3, 0x18C3, 0x18C3, 0x18C3, 0x18C3, 0x18C3, 0x18C3, 0x18C3, 0x18C3,
  0x18C3, 0x18E3, 0x18C4, 0x0000, 0x6BCA, 0x8DAB, 0x5425, 0x6CE7, 0x6487, 0x53C6, 0x6448, 0x6C68,
  0x5366, 0x29C3, 0x1902, 0x10A2, 0x0881, 0x2163, 0x4B06, 0x6CA8, 0x7D49, 0x7DA9, 0x8588, 0x7D47,
  0x962A, 0x856A, 0x6CA9, 0x7509, 0x74C8, 0x7508, 0x85E9, 0x7DA8, 0x74CA, 0x3AC6, 0x1122, 0x29E5,
  0x4326, 0x4345, 0x6CA9, 0x6CA9, 0x4BC7, 0x32E4, 0x32E5, 0x53C8, 0x4B27, 0x10C1, 0x1884, 0x83D3,
  0xA578, 0x7C32, 0x5B2E, 0x94F6, 0x8CD5, 0x8CD5, 0x8CD5, 0x8CD5, 0x8CD5, 0x8CD5, 0x8CB5, 0x8CB4,
  0x8C74, 0xB63A, 0xA6D5, 0x7E88, 0x9F27, 0xAF69, 0x96A5, 0x7E8C, 0x8736, 0x6E33, 0x5552, 0x3C92,
  0x2C11, 0x23B1, 0x136F, 0x3411, 0xB639, 0x2945, 0x1061, 0x18C3, 0x18C3, 0x18C3, 0x18C3, 0x18C3,
  0x18C3, 0x18C3, 0x18C3, 0x18C3, 0x18C3, 0x18E3, 0x18E3, 0x18E3, 0x18E3, 0x18E3, 0x18C3, 0x18C3,
  0x18C3, 0x18C3, 0x18C3, 0x18C3, 0x18C3, 0x18C3, 0x18C3, 0x18C3, 0x18C3, 0x18C3, 0x18E3, 0x18E3,
  0x18E3, 0x18C3, 0x0821, 0x1903, 0x8D4C, 0x5445, 0x64A7, 0x6CC8, 0x53C6, 0x3AE5, 0x2A24, 0x0861,
  0x08A1, 0x21C3, 0x3286, 0x4B27, 0x3245, 0x1943, 0x1942, 0x29C4, 0x42C6, 0x5C07, 0x74E9, 0x8589,
  0x85CA, 0x8589, 0x7D29, 0x7D09, 0x750A, 0x5BE8, 0x3264, 0x1122, 0x10E1, 0x4AE6, 0x4BA7, 0x32E3,
  0x5C08, 0x5C28, 0x32E3, 0x32E4, 0x53C8, 0x5389, 0x3206, 0x0884, 0x18A5, 0x636F, 0x73F1, 0x9D16,
  0x8474, 0x5B0F, 0x8CD5, 0x94D5, 0x8CD5, 0x8CD5, 0x8CD5, 0x8CD5, 0x8CD5, 0x8CB5, 0x8CB4, 0x8C73,
  0xB65B, 0xA6F7, 0x65A6, 0x6DE6, 0x7646, 0x54E3, 0x54ED, 0x65F5, 0x5533, 0x44B2, 0x3431, 0x23D0,
  0x1B90, 0x032F, 0x4CD4, 0xBE18, 0x1082, 0x10A2, 0x18C3, 0x18C3, 0x18C3, 0x18C3, 0x18C3, 0x18C3,
  0x18C3, 0x18C3, 0x18E3, 0x18E3, 0x18E3, 0x18C3, 0x18C3, 0x18C3, 0x18C3, 0x18C3, 0x18C3, 0x18C3,
  0x18C3, 0x18C3, 0x18C3, 0x18C3, 0x18C3, 0x18C3, 0x18C3, 0x18C3, 0x18C3, 0x18E3, 0x18E3, 0x18C3,
  0x18C3, 0x20E4, 0x0000, 0x31C4, 0x850B, 0x5406, 0x6487, 0x6CE8, 0x5C27, 0x5387, 0x42C6, 0x5C27,
  0x6488, 0x4346, 0x3AE5, 0x5BE9, 0x6CAA, 0x5BE7, 0x3224, 0x1902, 0x10A2, 0x10C1, 0x1942, 0x21A3,
  0x29C3, 0x21C3, 0x2182, 0x1102, 0x10A2, 0x1943, 0x42C6, 0x6C4A, 0x5388, 0x32A5, 0x4B87, 0x4347,
  0x32E4, 0x4BC6, 0x5BA8, 0x4AA7, 0x1082, 0x0822, 0x428E, 0x31A9, 0x6BB0, 0x73F2, 0x94F6, 0x8CB5,
  0x5B2F, 0x8C94, 0x94F5, 0x8CD5, 0x8CD5, 0x8CD5, 0x8CD5, 0x8CD5, 0x8CD5, 0x8CB6, 0x8C74, 0xBE9B,
  0x9EB8, 0x6DE6, 0x6E26, 0x6DA7, 0x4424, 0x234A, 0x44B3, 0x3431, 0x2BF0, 0x23B0, 0x2390, 0x1B90,
  0x02EF, 0x6536, 0xAD95, 0x0800, 0x18C3, 0x18E3, 0x18C3, 0x18C3, 0x18C3, 0x18C3, 0x18C3, 0x18C3,
  0x18C3, 0x18E3, 0x18E3, 0x18E3, 0x18C3, 0x18C3, 0x18C3, 0x18C3, 0x18C3, 0x18C3, 0x18C3, 0x18C3,
  0x18C3, 0x18C3, 0x18C3, 0x18C3, 0x18C3, 0x18C3, 0x18C3, 0x18C3, 0x18C3, 0x18C3, 0x18C3, 0x18C3,
  0x18E3, 0x18E2, 0x0000, 0x31A5, 0x6408, 0x5C48, 0x5C67, 0x6CC7, 0x7D49, 0x7569, 0x6CE6, 0x7507,
  0x7508, 0x4B88, 0x2A44, 0x4324, 0x6C88, 0x858A, 0x85A9, 0x74A8, 0x5367, 0x42C6, 0x3A45, 0x3204,
  0x3224, 0x3A65, 0x4B26, 0x6C67, 0x7D29, 0x6CC9, 0x3B26, 0x32C5, 0x4347, 0x4306, 0x3B05, 0x4B27,
  0x4287, 0x18A2, 0x0801, 0x28E5, 0x39A8, 0x530F, 0x2127, 0x73D1, 0x94F6, 0x94B5, 0x94B5, 0x634F,
  0x8C74, 0x94D5, 0x8CD5, 0x8CD5, 0x8CD5, 0x8CD5, 0x8CD5, 0x8CD5, 0x8CB5, 0x8C94, 0xCF3D, 0x85B5,
  0x01C0, 0x1AE3, 0x22A3, 0x1201, 0x0A89, 0x2C12, 0x1BB1, 0x238F, 0x1B6F, 0x1B70, 0x1B70, 0x02CE,
  0x7577, 0x9CF3, 0x0000, 0x18C3, 0x18E3, 0x18C3, 0x18C3, 0x18C3, 0x18C3, 0x18C3, 0x18C3, 0x18C3,
  0x18C3, 0x18C3, 0x18C3, 0x18C3, 0x18C3, 0x18C3, 0x18C3, 0x18C3, 0x18C3, 0x18C3, 0x18C3, 0x18C3,
  0x18C3, 0x18C3, 0x18E3, 0x18E3, 0x18C3, 0x18C3, 0x18C3, 0x18E3, 0x18E3, 0x18E3, 0x18C3, 0x18E3,
  0x18E3, 0x18C4, 0x0000, 0x18C2, 0x42C7, 0x5367, 0x6428, 0x5C27, 0x5C26, 0x5C47, 0x5C87, 0x64A7,
  0x6C89, 0x53A8, 0x3285, 0x32A5, 0x4B66, 0x6448, 0x8589, 0x964B, 0x9E6B, 0x9E6B, 0x9E4B, 0x964B,
  0x964A, 0x8DEA, 0x7508, 0x53E6, 0x32A4, 0x3AC5, 0x4B27, 0x21E3, 0x29C3, 0x29A3, 0x1062, 0x0801,
  0x20C4, 0x41A8, 0x41A7, 0x3188, 0x5310, 0x2106, 0x73B1, 0x9D37, 0x8CB5, 0x94F5, 0x634F, 0x8453,
  0x94F5, 0x8CD5, 0x8CD5, 0x8CD5, 0x8CD5, 0x8CD5, 0x8CD5, 0x8CB5, 0x94B5, 0xCEFC, 0x8EB9, 0x3C53,
  0x3411, 0x33CF, 0x232C, 0x0A6B, 0x130E, 0x1B70, 0x1B50, 0x1B6F, 0x1B50, 0x1B4F, 0x028D, 0x8DD8,
  0x7BEE, 0x0000, 0x18C3, 0x18C3, 0x18C3, 0x18C3, 0x18C3, 0x18C3, 0x18C3, 0x18C3, 0x18C3, 0x18C3,
  0x18C3, 0x18C3, 0x18C3, 0x18C3, 0x18C3, 0x18C3, 0x18C3, 0x18C3, 0x18C3, 0x18E3, 0x18E3, 0x18E3,
  0x18E3, 0x0822, 0x0001, 0x1062, 0x18E4, 0x2104, 0x0842, 0x0000, 0x0020, 0x18A3, 0x18E3, 0x18C3,
  0x18E3, 0x18E3, 0x1062, 0x0001, 0x18E3, 0x3246, 0x3AC6, 0x4306, 0x53A8, 0x4BC7, 0x43A6, 0x4BC6,
  0x53C7, 0x3B06, 0x2A44, 0x3AA5, 0x42C6, 0x3B05, 0x5C27, 0x6CC8, 0x7508, 0x7528, 0x7528, 0x6CC7,
  0x5C07, 0x42E6, 0x2A24, 0x3B26, 0x4B07, 0x10A2, 0x0001, 0x1062, 0x1001, 0x20A4, 0x3967, 0x41A8,
  0x41A7, 0x4186, 0x3167, 0x4B30, 0x1906, 0x738F, 0x9D57, 0x8CB5, 0x9516, 0x6B90, 0x8433, 0x94F6,
  0x8CD5, 0x8CD5, 0x8CD5, 0x8CD5, 0x8CD5, 0x8CD5, 0x8CB4, 0x94D5, 0xC67A, 0x767A, 0x9FFF, 0xB7FF,
  0xAFFF, 0xAFFF, 0x5DF9, 0x022B, 0x130E, 0x134F, 0x1B50, 0x1B6F, 0x1B70, 0x02EE, 0x95F7, 0x5AAA,
  0x0000, 0x18C3, 0x18C3, 0x18C3, 0x18C3, 0x18C3, 0x18C3, 0x18C3, 0x18C3, 0x18C3, 0x18C3, 0x18C3,
  0x18C3, 0x18C3, 0x18C3, 0x18C3, 0x18C3, 0x18C3, 0x18C3, 0x18C3, 0x18E3, 0x18E3, 0x18E4, 0x0001,
  0x2123, 0x5307, 0x2163, 0x0821, 0x1062, 0x2983, 0x5B67, 0x4285, 0x10A1, 0x18C3, 0x18E3, 0x18C3,
  0x18C3, 0x18E3, 0x18E3, 0x1062, 0x0000, 0x0861, 0x2144, 0x29A4, 0x3A45, 0x42A6, 0x42C6, 0x42E6,
  0x4B47, 0x42E7, 0x2A04, 0x4B07, 0x4B67, 0x2A63, 0x3AA5, 0x4B47, 0x5367, 0x4B67, 0x4306, 0x2A64,
  0x2A23, 0x4B47, 0x42C6, 0x0840, 0x0801, 0x20C4, 0x20A3, 0x3105, 0x41A8, 0x41A7, 0x3987, 0x4187,
  0x4187, 0x2947, 0x5392, 0x1906, 0x630D, 0xA578, 0x8CD5, 0x9516, 0x73F1, 0x8433, 0x94F6, 0x8CD5,
  0x8CD5, 0x8CD5, 0x8CD5, 0x8CD5, 0x8CD5, 0x8CB4, 0x94D5, 0xCEDB, 0x5D55, 0x567A, 0x777D, 0x6F9D,
  0x77BF, 0x87FF, 0x2CB4, 0x01EA, 0x028D, 0x0ACE, 0x0AEE, 0x02EF, 0x0B2F, 0x9E38, 0x41E7, 0x0841,
  0x18C3, 0x18C3, 0x18C3, 0x18C3, 0x18C3, 0x18C3, 0x18C3, 0x18C3, 0x18C3, 0x18C3, 0x18C3, 0x18C3,
  0x18C3, 0x18C3, 0x18C3, 0x18C3, 0x18C3, 0x18C3, 0x18C3, 0x18C3, 0x20E3, 0x0001, 0x2984, 0xB6CD,
  0x9E6B, 0x53E7, 0x10C1, 0x0020, 0x74CA, 0xA6CC, 0x7D6A, 0x31E4, 0x1061, 0x18E3, 0x18E3, 0x18C3,
  0x18C3, 0x18E3, 0x18E3, 0x0821, 0x21A3, 0x2A65, 0x1162, 0x1101, 0x10E2, 0x10C1, 0x10A2, 0x1922,
  0x2184, 0x18E3, 0x0020, 0x3A45, 0x63E9, 0x4326, 0x2A24, 0x2203, 0x2203, 0x2224, 0x3B07, 0x53A9,
  0x3225, 0x08A1, 0x1062, 0x2083, 0x2905, 0x3146, 0x4167, 0x41A7, 0x3987, 0x3987, 0x4187, 0x41A7,
  0x2947, 0x63D3, 0x2147, 0x526B, 0xA598, 0x8CD5, 0x9516, 0x7C12, 0x8453, 0x94F6, 0x8CD5, 0x8CD5,
  0x8CD5, 0x8CD5, 0x8CD5, 0x8CD5, 0x8C94, 0x94F6, 0xCF1C, 0x8555, 0x5473, 0x5D13, 0x4451, 0x4451,
  0x4C92, 0x4C72, 0x2B2D, 0x2B6E, 0x2B8F, 0x2BAF, 0x22ED, 0x3C10, 0xAE59, 0x2924, 0x1082, 0x18C3,
  0x18C3, 0x18C3, 0x18C3, 0x18C3, 0x18C3, 0x18C3, 0x18C3, 0x18C3, 0x18C3, 0x18C3, 0x18C3, 0x18E3,
  0x18E3, 0x18E3, 0x18E3, 0x18C3, 0x18C3, 0x18C3, 0x18E3, 0x0802, 0x08A1, 0x8DAA, 0x9E6A, 0x6D08,
  0x6CE8, 0x53A6, 0x1122, 0x19A3, 0x6D29, 0x6D28, 0x3245, 0x1062, 0x18C3, 0x18E2, 0x18E3, 0x18E3,
  0x18E3, 0x0842, 0x10A1, 0x6468, 0x64A7, 0x6468, 0x5C07, 0x4386, 0x32E5, 0x2A44, 0x21C4, 0x2183,
  0x1984, 0x1103, 0x0000, 0x18E2, 0x4B08, 0x53A8, 0x53C8, 0x5408, 0x53C8, 0x4B28, 0x2163, 0x0080,
  0x29E5, 0x2124, 0x28C5, 0x3146, 0x41A7, 0x3987, 0x3987, 0x3987, 0x3987, 0x4187, 0x41A7, 0x2904,
  0x5B91, 0x3A4C, 0x39E8, 0xA578, 0x9516, 0x9D57, 0x73D1, 0x7C12, 0x9D17, 0x8CD5, 0x94D5, 0x94D5,
  0x8CD5, 0x8CB5, 0x8CB5, 0x8C94, 0x9D77, 0xCEFC, 0xB61A, 0xB65A, 0xAE7A, 0xA639, 0xA618, 0xA638,
  0xAE59, 0xB6DA, 0xB6BB, 0xB6BB, 0xB6DA, 0xAE7A, 0xD7BE, 0xC6DB, 0x1082, 0x1082, 0x18C3, 0x18C3,
  0x18C3, 0x18C3, 0x18C3, 0x18C3, 0x18C3, 0x18C3, 0x18C3, 0x18C3, 0x18C3, 0x18C3, 0x18E3, 0x18E3,
  0x18E3, 0x18E3, 0x18C3, 0x18C3, 0x20E3, 0x1042, 0x0061, 0x6C89, 0x74C9, 0x1942, 0x29C3, 0x7D0A,
  0x7528, 0x4B46, 0x08A1, 0x4306, 0x7D29, 0x4326, 0x0061, 0x18A4, 0x18C3, 0x18E3, 0x18E3, 0x20E4,
  0x0001, 0x4AC6, 0x858A, 0x6CE7, 0x6CE8, 0x6CE8, 0x6CC7, 0x5C48, 0x53C8, 0x4B88, 0x4B27, 0x3AE6,
  0x3AC6, 0x3266, 0x10A2, 0x0020, 0x18E2, 0x2964, 0x31C5, 0x2963, 0x0881, 0x10C1, 0x3265, 0x32A5,
  0x18E3, 0x3947, 0x3125, 0x3987, 0x41A7, 0x3987, 0x3987, 0x3987, 0x3987, 0x41A7, 0x28C3, 0x3A2B,
  0x4B10, 0x2126, 0xA558, 0x8CB4, 0x73D1, 0x4A8C, 0x73D1, 0x9D37, 0x8CD5, 0x8CD5, 0x94F6, 0x9516,
  0x9D16, 0x9D57, 0x9516, 0x94F5, 0xADB8, 0x9D77, 0xA577, 0xA557, 0xA578, 0xAD99, 0xB5DA, 0xB5D9,
  0xBE1A, 0xC63B, 0xC65B, 0xC65B, 0xBE39, 0xD69B, 0x8C52, 0x0841, 0x18C3, 0x18C3, 0x18C3, 0x18C3,
  0x18C3, 0x18C3, 0x18C3, 0x18C3, 0x18C3, 0x18C3, 0x18C3, 0x18C3, 0x18C3, 0x18E3, 0x18E3, 0x18C3,
  0x18C3, 0x18C3, 0x18C3, 0x18A3, 0x10A2, 0x6C89, 0x6C88, 0x21A3, 0x3265, 0x2164, 0x31E4, 0x7D0B,
  0x74E9, 0x4306, 0x1963, 0x6427, 0x74E9, 0x3244, 0x0842, 0x18C4, 0x18C3, 0x18E3, 0x0822, 0x1903,
  0x856A, 0x64C6, 0x6487, 0x64A7, 0x64A7, 0x6CA8, 0x5C27, 0x53C7, 0x53E7, 0x53E7, 0x53C7, 0x4B87,
  0x4366, 0x3B06, 0x3225, 0x1943, 0x08A1, 0x0060, 0x10E2, 0x29E4, 0x3285, 0x3B06, 0x32E5, 0x18E2,
  0x4167, 0x3146, 0x3966, 0x41A7, 0x3987, 0x3987, 0x3987, 0x3987, 0x3987, 0x4187, 0x2926, 0x5350,
  0x1907, 0x7C12, 0x9D16, 0x8453, 0x73B1, 0x6B90, 0xA598, 0x9D37, 0xA557, 0x94F6, 0x8C74, 0x8433,
  0x73B1, 0x5AEE, 0x524C, 0x4A2B, 0x4A6C, 0x528C, 0x528D, 0x5AAE, 0x5A8D, 0x526C, 0x524B, 0x524B,
  0x4A2B, 0x39A8, 0x2105, 0x18A3, 0x0862, 0x0841, 0x18C3, 0x18E3, 0x18C3, 0x18C3, 0x18C3, 0x18C3,
  0x18C3, 0x18C3, 0x18C3, 0x18C3, 0x18C3, 0x18C3, 0x18C3, 0x18C3, 0x18E3, 0x18E3, 0x18C3, 0x18C3,
  0x18C3, 0x18E3, 0x0841, 0x2163, 0x5BE8, 0x3284, 0x6C67, 0x8E0A, 0x5C08, 0x1963, 0x21C3, 0x6CAA,
  0x5BC8, 0x08A2, 0x3224, 0x7509, 0x5BC7, 0x0860, 0x18A3, 0x18C3, 0x18E3, 0x0000, 0x5B68, 0x8DEA,
  0x5C66, 0x64A7, 0x6CA8, 0x6CA8, 0x5C47, 0x53C7, 0x53C7, 0x53C6, 0x5C67, 0x6CA8, 0x6C88, 0x5C47,
  0x5406, 0x4386, 0x3B26, 0x3B26, 0x3AE6, 0x32E5, 0x32E6, 0x4346, 0x4BC7, 0x4346, 0x2123, 0x3946,
  0x3966, 0x3146, 0x41C8, 0x4187, 0x41A7, 0x41A7, 0x41A7, 0x3987, 0x4187, 0x2083, 0x320A, 0x29CA,
  0x2988, 0xBE1B, 0xADB9, 0x9516, 0x5B0E, 0x8C94, 0x8C74, 0x6B50, 0x528D, 0x4A2C, 0x420B, 0x41CA,
  0x41AA, 0x41CA, 0x420A, 0x39EA, 0x3188, 0x3167, 0x2126, 0x2146, 0x2104, 0x18C3, 0x10A2, 0x0881,
  0x0840, 0x0861, 0x1062, 0x1082, 0x18C2, 0x18E3, 0x18C3, 0x18C3, 0x18C3, 0x18C3, 0x18C3, 0x18C3,
  0x18C3, 0x18C3, 0x18C3, 0x18C3, 0x18C3, 0x18C3, 0x18C3, 0x18C3, 0x18C3, 0x18C3, 0x18C3, 0x18C3,
  0x18E3, 0x1062, 0x0840, 0x4326, 0x8DAA, 0x8DEA, 0x6CE8, 0x4B87, 0x5368, 0x29A5, 0x29E4, 0x29C4,
  0x2164, 0x1943, 0x1922, 0x1902, 0x10A2, 0x18C2, 0x18E3, 0x0801, 0x2103, 0xA62D, 0x6CE7, 0x64A7,
  0x64C7, 0x6CA8, 0x6447, 0x53E6, 0x53C7, 0x53C7, 0x6468, 0x6CE8, 0x6CE7, 0x6CE7, 0x74E8, 0x6CE8,
  0x6488, 0x53C7, 0x4B67, 0x4B67, 0x4B66, 0x4BC6, 0x6467, 0x7D29, 0x6449, 0x10C2, 0x1863, 0x41A7,
  0x2905, 0x41A7, 0x41A7, 0x3967, 0x3966, 0x3126, 0x2905, 0x28E4, 0x28E4, 0x18A3, 0x320A, 0x1927,
  0x5B2E, 0x9474, 0x6B4F, 0x420A, 0x3968, 0x39A9, 0x41EB, 0x4A2C, 0x3189, 0x3168, 0x3968, 0x2926,
  0x2105, 0x18C3, 0x1082, 0x10C2, 0x2162, 0x2182, 0x0861, 0x1082, 0x10A3, 0x18C3, 0x18C3, 0x18C3,
  0x18C3, 0x18C3, 0x18C3, 0x18C3, 0x18C3, 0x18C3, 0x18C3, 0x18C3, 0x18C3, 0x18C3, 0x18C3, 0x18C3,
  0x18C3, 0x18C3, 0x18C3, 0x18C3, 0x18C3, 0x18C3, 0x18C3, 0x18C3, 0x18C3, 0x18C3, 0x18C3, 0x10A3,
  0x1061, 0x5B87, 0x966A, 0x8DE8, 0x6467, 0x3245, 0x21E4, 0x2A05, 0x29A6, 0x0001, 0x2163, 0x5386,
  0x3A45, 0x0000, 0x1062, 0x18C4, 0x18E3, 0x1883, 0x0000, 0x6C2A, 0x85C9, 0x6465, 0x6CA8, 0x6CA7,
  0x5C27, 0x53C7, 0x5388, 0x5368, 0x5C07, 0x6CE8, 0x6CC7, 0x6CC7, 0x6CC7, 0x6CC7, 0x6CE7, 0x74E8,
  0x6CC8, 0x5C47, 0x53E8, 0x6428, 0x6CC7, 0x7D88, 0x74A8, 0x31C4, 0x20A3, 0x1042, 0x3125, 0x3146,
  0x20C4, 0x3105, 0x2905, 0x28E4, 0x28E4, 0x28E5, 0x3105, 0x28E5, 0x1843, 0x1883, 0x31C8, 0x18C5,
  0x2906, 0x3107, 0x3949, 0x3146, 0x18C3, 0x20E5, 0x2125, 0x2184, 0x18E3, 0x0861, 0x21A2, 0x3284,
  0x2203, 0x1982, 0x53A8, 0x64E9, 0x74EC, 0x1923, 0x1062, 0x18E3, 0x18C3, 0x18C3, 0x18C3, 0x18C3,
  0x18C3, 0x18C3, 0x18C3, 0x18C3, 0x18C3, 0x18C3, 0x18C3, 0x18C3, 0x18C3, 0x18C3, 0x18C3, 0x18C3,
  0x18C3, 0x18C3, 0x18C3, 0x18C3, 0x18C3, 0x18C3, 0x18C3, 0x18C3, 0x18C3, 0x18C3, 0x1062, 0x1903,
  0x7D49, 0x7D88, 0x4326, 0x19A3, 0x4285, 0x6C49, 0x4BA6, 0x42C6, 0x2984, 0x2A24, 0x4387, 0x3245,
  0x1081, 0x18C3, 0x18E3, 0x18A3, 0x0000, 0x4AC6, 0x85EA, 0x5CA5, 0x6CA8, 0x6488, 0x53C6, 0x53A7,
  0x42C6, 0x08C1, 0x2A05, 0x5C08, 0x6CE8, 0x6CE7, 0x6CC7, 0x6CC8, 0x6CC8, 0x6CC7, 0x6CE7, 0x6CE7,
  0x64A7, 0x5C47, 0x6CC8, 0x7548, 0x53C6, 0x2123, 0x30C6, 0x51C8, 0x2904, 0x0801, 0x28E4, 0x28E5,
  0x28E4, 0x3125, 0x30E5, 0x28A5, 0x1863, 0x1022, 0x20E4, 0x2903, 0x1062, 0x0822, 0x20E4, 0x10A3,
  0x08C2, 0x1942, 0x29E3, 0x4285, 0x1101, 0x19A3, 0x5BE8, 0x3AC5, 0x3284, 0x5426, 0x7569, 0x74EB,
  0x1983, 0x29E4, 0x4306, 0x3205, 0x1081, 0x18E3, 0x18E3, 0x18E3, 0x18C3, 0x18C3, 0x18C3, 0x18C3,
  0x18C3, 0x18C3, 0x18C3, 0x18C3, 0x18C3, 0x18C3, 0x18C3, 0x18C3, 0x18C3, 0x18C3, 0x18C3, 0x18C3,
  0x18C3, 0x18C3, 0x18C3, 0x18C3, 0x18C3, 0x18C3, 0x18C3, 0x18C3, 0x18C3, 0x18C3, 0x1063, 0x3AA4,
  0x5406, 0x3285, 0x6C29, 0x95C9, 0x8569, 0x5C68, 0x5C08, 0x5369, 0x21A3, 0x4326, 0x3AC6, 0x0861,
  0x0802, 0x18A3, 0x0800, 0x3A46, 0x856B, 0x64A6, 0x6CA7, 0x5C47, 0x4B86, 0x4B67, 0x3AA6, 0x10C1,
  0x1102, 0x2A65, 0x3B05, 0x6448, 0x7508, 0x74E7, 0x6CE7, 0x6CE7, 0x7508, 0x7508, 0x6CC8, 0x6447,
  0x6467, 0x6C88, 0x3264, 0x18A3, 0x4168, 0x49C8, 0x30E5, 0x20A4, 0x1081, 0x0861, 0x20A4, 0x18A3,
  0x18C2, 0x18E3, 0x18C3, 0x1923, 0x3A65, 0x6CC8, 0x7D0A, 0x0060, 0x1122, 0x4AE7, 0x2163, 0x2A24,
  0x752A, 0x7508, 0x6CA8, 0x4BA6, 0x4347, 0x3AE6, 0x2A03, 0x5BC7, 0x6CA8, 0x74AA, 0x3A86, 0x0841,
  0x0841, 0x0821, 0x0841, 0x18C3, 0x18E3, 0x18E3, 0x18E3, 0x18E3, 0x18E3, 0x18E3, 0x18C3, 0x18C3,
  0x18C3, 0x18C3, 0x18C3, 0x18E3, 0x18E3, 0x18E3, 0x18C3, 0x18C3, 0x18C3, 0x18C3, 0x18C3, 0x18C3,
  0x18C3, 0x18C3, 0x18C3, 0x18C3, 0x18C3, 0x18C3, 0x18C3, 0x18C3, 0x18E3, 0x18A3, 0x0000, 0x4B65,
  0x962B, 0x85A9, 0x6D07, 0x6489, 0x3AC6, 0x3244, 0x2A24, 0x1963, 0x4B07, 0x3245, 0x3A65, 0x3A25,
  0x0000, 0x2983, 0x958C, 0x64C6, 0x6487, 0x5407, 0x4346, 0x3B06, 0x29C5, 0x0861, 0x1923, 0x4327,
  0x4BA7, 0x32C5, 0x32A5, 0x4B86, 0x6C89, 0x74C8, 0x6CA8, 0x5C27, 0x53C6, 0x4BA6, 0x4B66, 0x2A24,
  0x1902, 0x28E6, 0x51C9, 0x4166, 0x1883, 0x1041, 0x2143, 0x3AA6, 0x2984, 0x0841, 0x0801, 0x10C1,
  0x32A5, 0x4346, 0x5C28, 0x7549, 0x7DA8, 0x42E5, 0x10E2, 0x5C48, 0x6488, 0x3285, 0x1122, 0x42E6,
  0x6C89, 0x85AA, 0x7D2A, 0x29E3, 0x0040, 0x0841, 0x1082, 0x10A2, 0x1041, 0x0801, 0x18C3, 0x18E4,
  0x18E3, 0x18E3, 0x18C3, 0x18C3, 0x18C3, 0x18C3, 0x18E3, 0x18E3, 0x18E3, 0x18C3, 0x18C3, 0x18C3,
  0x18C3, 0x18C3, 0x18C3, 0x18C3, 0x18C3, 0x18C3, 0x18C3, 0x18C3, 0x18C3, 0x18C3, 0x18C3, 0x18C3,
  0x18C3, 0x18C3, 0x18C3, 0x18C3, 0x18C3, 0x18C3, 0x18C3, 0x18C3, 0x20E3, 0x0001, 0x4285, 0x8DEA,
  0x6CE8, 0x53C8, 0x2A24, 0x1943, 0x08A1, 0x1943, 0x29E4, 0x3A65, 0x21E3, 0x3B26, 0x74EA, 0x4B06,
  0x2183, 0x6428, 0x6CC8, 0x53E7, 0x3B46, 0x4307, 0x2184, 0x0000, 0x0841, 0x3A66, 0x4BA6, 0x5C46,
  0x5407, 0x4326, 0x2A84, 0x32A5, 0x4B87, 0x53A6, 0x4B85, 0x6466, 0x6CE9, 0x4286, 0x1883, 0x3967,
  0x59EA, 0x28E5, 0x1002, 0x18C2, 0x3244, 0x4367, 0x4327, 0x2183, 0x1081, 0x18C3, 0x1041, 0x2A24,
  0x4387, 0x4BC7, 0x5C48, 0x4B86, 0x08C1, 0x5387, 0x7528, 0x6467, 0x4BC6, 0x3AC6, 0x1942, 0x2183,
  0x3A45, 0x2143, 0x0821, 0x1082, 0x18C3, 0x10A3, 0x1082, 0x18A3, 0x18E3, 0x18C3, 0x18C3, 0x18C3,
  0x18C3, 0x18C3, 0x18C3, 0x18C3, 0x18C3, 0x18E3, 0x18E3, 0x18E3, 0x18C3, 0x18C3, 0x18C3, 0x18C3,
  0x18C3, 0x18C3, 0x18C3, 0x18C3, 0x18C3, 0x18C3, 0x18C3, 0x18C3, 0x18E3, 0x18E3, 0x18C3, 0x18C3,
  0x18C3, 0x18C3, 0x18C3, 0x18C3, 0x18C3, 0x18C3, 0x18E3, 0x18E3, 0x18A3, 0x0061, 0x3A84, 0x74AA,
  0x4B46, 0x2A24, 0x2A65, 0x31E4, 0x4B28, 0x3B27, 0x2162, 0x21C3, 0x32E6, 0x53A7, 0x854B, 0x4326,
  0x1982, 0x53A7, 0x4346, 0x4327, 0x2184, 0x0821, 0x1082, 0x10C1, 0x3AA6, 0x5427, 0x6CC7, 0x6CE7,
  0x6CA8, 0x5C48, 0x53E6, 0x5C27, 0x6467, 0x7D89, 0x7D49, 0x3A84, 0x28E4, 0x49C9, 0x41A8, 0x1823,
  0x0821, 0x3225, 0x5BA8, 0x4B87, 0x3B06, 0x3AC6, 0x1902, 0x1062, 0x2104, 0x1082, 0x0861, 0x3286,
  0x4B87, 0x5BE8, 0x2A25, 0x32A6, 0x6CE8, 0x6468, 0x6487, 0x5407, 0x4347, 0x4366, 0x4306, 0x18E3,
  0x0000, 0x18E3, 0x18E3, 0x18E3, 0x18E3, 0x18E3, 0x18E3, 0x18C3, 0x18C3, 0x18C3, 0x18C3, 0x18C3,
  0x18C3, 0x18C3, 0x18C3, 0x18E3, 0x18E3, 0x18E3, 0x18C3, 0x18C3, 0x18C3, 0x18C3, 0x18C3, 0x18C3,
  0x18C3, 0x18C3, 0x18C3, 0x18C3, 0x18C3, 0x18C3, 0x18E3, 0x18E3, 0x18E3, 0x18C3, 0x18C3, 0x18C3,
  0x18C3, 0x18C3, 0x18C3, 0x18C3, 0x18C3, 0x18C3, 0x18E3, 0x1903, 0x10A3, 0x0000, 0x29E4, 0x6C68,
  0x5408, 0x3AC5, 0x4B26, 0x4B26, 0x4387, 0x3244, 0x29E4, 0x3AC6, 0x3AE6, 0x53C7, 0x6CA9, 0x3245,
  0x2A46, 0x4B67, 0x29C4, 0x0040, 0x18C3, 0x18A3, 0x10A2, 0x3AC5, 0x6468, 0x6CE7, 0x6CE7, 0x6CE7,
  0x6CE7, 0x74E8, 0x6D27, 0x7DA8, 0x6406, 0x2124, 0x30E6, 0x51E8, 0x2906, 0x0803, 0x1902, 0x53C6,
  0x6D09, 0x5C47, 0x4B87, 0x4327, 0x3A85, 0x1081, 0x1883, 0x18E3, 0x18E3, 0x0842, 0x10E2, 0x4B47,
  0x5387, 0x21C4, 0x4B67, 0x6488, 0x6487, 0x6467, 0x4B86, 0x3B26, 0x4B87, 0x3245, 0x0881, 0x18C3,
  0x18E3, 0x18E3, 0x18E3, 0x18E3, 0x18C3, 0x18C3, 0x18C3, 0x18C3, 0x18C3, 0x18C3, 0x18C3, 0x18C3,
  0x18C3, 0x18C3, 0x18C3, 0x18C3, 0x18C3, 0x18C3, 0x18C3, 0x18C3, 0x18C3, 0x18C3, 0x18C3, 0x18C3,
  0x18C3, 0x18C3, 0x18C3, 0x18C3, 0x18C3, 0x18E3, 0x18E3, 0x18E3, 0x18C3, 0x18C3, 0x18C3, 0x18C3,
  0x18C3, 0x18C3, 0x18C3, 0x18C3, 0x18C3, 0x18C3, 0x18C3, 0x18E3, 0x18A3, 0x0001, 0x2183, 0x53A8,
  0x5C09, 0x53A8, 0x4B87, 0x4326, 0x2A64, 0x32C5, 0x3B05, 0x3AC6, 0x3AE6, 0x5387, 0x3B05, 0x4306,
  0x3246, 0x0841, 0x18C3, 0x18E3, 0x18C3, 0x0882, 0x3AC5, 0x6487, 0x6CC7, 0x6CC7, 0x6CC8, 0x64A7,
  0x7528, 0x7D69, 0x4B25, 0x20C3, 0x3968, 0x49C9, 0x2064, 0x0801, 0x3A24, 0x74E9, 0x7529, 0x5C67,
  0x5406, 0x4BC7, 0x4346, 0x3266, 0x0881, 0x18A2, 0x18C3, 0x18E3, 0x18C4, 0x0821, 0x21C3, 0x4B48,
  0x3265, 0x4B45, 0x53C8, 0x5C27, 0x4B86, 0x3B25, 0x4367, 0x29E4, 0x0821, 0x1883, 0x18E3, 0x18E3,
  0x18E3, 0x18E3, 0x18E3, 0x18C3, 0x18C3, 0x18C3, 0x18C3, 0x18C3, 0x18C3, 0x18C3, 0x18C3, 0x18C3,
  0x18C3, 0x18C3, 0x18C3, 0x18C3, 0x18C3, 0x18C3, 0x18C3, 0x18C3, 0x18C3, 0x18C3, 0x18C3, 0x18C3,
  0x18C3, 0x18C3, 0x18C3, 0x18C3, 0x18E3, 0x18E3, 0x18E3, 0x18C3, 0x18C3, 0x18C3, 0x18C3, 0x18C3,
  0x18C3, 0x18C3, 0x18C3, 0x18C3, 0x18C3, 0x18C3, 0x18C3, 0x18E3, 0x18C4, 0x0821, 0x18C2, 0x3205,
  0x3225, 0x3205, 0x29E4, 0x4306, 0x4366, 0x3305, 0x3B05, 0x3AE6, 0x3AC6, 0x4326, 0x3AE6, 0x08A1,
  0x1082, 0x18E4, 0x18E3, 0x18A3, 0x1082, 0x3AE5, 0x64A7, 0x6CA8, 0x6CA8, 0x6CA7, 0x7D88, 0x7508,
  0x3203, 0x20C4, 0x49C9, 0x4187, 0x1003, 0x1082, 0x53A6, 0x7D89, 0x7508, 0x6488, 0x6468, 0x5C07,
  0x53E7, 0x4346, 0x3AC6, 0x10E2, 0x1082, 0x18E3, 0x18C3, 0x18E3, 0x18A3, 0x0041, 0x3A44, 0x53A7,
  0x4326, 0x4326, 0x4306, 0x3B25, 0x4B88, 0x2984, 0x0801, 0x18A3, 0x18E4, 0x18C3, 0x18E3, 0x18E3,
  0x18C3, 0x18C3, 0x18C3, 0x18C3, 0x18C3, 0x18C3, 0x18C3, 0x18C3, 0x18C3, 0x18C3, 0x18C3, 0x18C3,
  0x18C3, 0x18C3, 0x18C3, 0x18C3, 0x18C3, 0x18C3, 0x18C3, 0x18C3, 0x18C3, 0x18C3, 0x18C3, 0x18C3,
  0x18E3, 0x18C3, 0x18C3, 0x18E3, 0x18E3, 0x18E3, 0x18C3, 0x18C3, 0x18C3, 0x18C3, 0x18C3, 0x18C3,
  0x18C3, 0x18C3, 0x18C3, 0x18C3, 0x18C3, 0x18C3, 0x18C3, 0x18C3, 0x18E3, 0x1082, 0x1042, 0x1062,
  0x1042, 0x0822, 0x1923, 0x4306, 0x4B87, 0x4347, 0x3B25, 0x3B46, 0x4B67, 0x2143, 0x0821, 0x18E4,
  0x18E3, 0x18E3, 0x18A3, 0x10A2, 0x3B05, 0x64A8, 0x64C7, 0x6D07, 0x7D69, 0x5BE7, 0x2124, 0x28E6,
  0x51C9, 0x28C6, 0x0001, 0x29A4, 0x74A8, 0x7D68, 0x6CE7, 0x6CC8, 0x6488, 0x6468, 0x5C28, 0x53C7,
  0x4346, 0x4327, 0x2163, 0x1041, 0x18E3, 0x18C3, 0x18C3, 0x18E3, 0x1082, 0x08A0, 0x4306, 0x4366,
  0x3B05, 0x4345, 0x4B68, 0x2984, 0x0821, 0x18C3, 0x18E3, 0x18C3, 0x18C3, 0x18E3, 0x18E3, 0x18C3,
  0x18C3, 0x18C3, 0x18C3, 0x18C3, 0x18C3, 0x18C3, 0x18C3, 0x18C3, 0x18C3, 0x18C3, 0x18C3, 0x18C3,
  0x18C3, 0x18C3, 0x18C3, 0x18C3, 0x18C3, 0x18C3, 0x18C3, 0x18C3, 0x18C3, 0x18C3, 0x18C3, 0x18E3,
  0x18C3, 0x18C3, 0x18C3, 0x18C3, 0x18C3, 0x18C3, 0x18C3, 0x18C3, 0x18C3, 0x18C3, 0x18C3, 0x18C3,
  0x18C3, 0x18C3, 0x18C3, 0x18C3, 0x18C3, 0x18C3, 0x18E2, 0x18C3, 0x18C3, 0x18E3, 0x18E3, 0x18E3,
  0x18C3, 0x0842, 0x0841, 0x29C4, 0x42C7, 0x4326, 0x4346, 0x29E4, 0x0821, 0x18A3, 0x18C3, 0x18E3,
  0x18E3, 0x18A3, 0x10A2, 0x4326, 0x5CA7, 0x8589, 0x7D48, 0x3AC5, 0x18A4, 0x4969, 0x49A8, 0x1823,
  0x0801, 0x42C4, 0x7D68, 0x7528, 0x6CA7, 0x6CC7, 0x6CC7, 0x6487, 0x6468, 0x5C27, 0x4BC7, 0x3B26,
  0x4326, 0x29C3, 0x0821, 0x18E3, 0x18C3, 0x18C3, 0x18C3, 0x18E3, 0x0842, 0x18E2, 0x4B66, 0x53A8,
  0x4B67, 0x2183, 0x0801, 0x18C3, 0x18E3, 0x18C3, 0x18C3, 0x18C3, 0x18C3, 0x18C3, 0x18C3, 0x18C3,
  0x18C3, 0x18C3, 0x18C3, 0x18C3, 0x18C3, 0x18C3, 0x18C3, 0x18C3, 0x18C3, 0x18C3, 0x18C3, 0x18C3,
  0x18C3, 0x18C3, 0x18C3, 0x18C3, 0x18C3, 0x18C3, 0x18C3, 0x18C3, 0x18C3, 0x18C3, 0x18C3, 0x18C3,
  0x18C3, 0x18C3, 0x18C3, 0x18C3, 0x18C3, 0x18C3, 0x18E3, 0x18E3, 0x18E3, 0x18E3, 0x18E3, 0x18E3,
  0x18E3, 0x18E3, 0x18C3, 0x18C3, 0x18C3, 0x18C3, 0x18C3, 0x18C3, 0x18C3, 0x18C3, 0x18C3, 0x18E3,
  0x18E3, 0x10A3, 0x0821, 0x1082, 0x18E2, 0x10E2, 0x0861, 0x18A3, 0x18E3, 0x18E3, 0x18E3, 0x18E3,
  0x1082, 0x10E3, 0x53A8, 0x6CC8, 0x5BC6, 0x29C4, 0x20C5, 0x49A9, 0x3946, 0x0801, 0x2103, 0x63E8,
  0x7D8A, 0x6CE8, 0x6CC7, 0x6CC7, 0x6CC7, 0x6CC7, 0x6487, 0x6467, 0x5C07, 0x4BA7, 0x3B05, 0x3B26,
  0x3A66, 0x1062, 0x18E3, 0x18E3, 0x18C3, 0x18C3, 0x18C3, 0x18C4, 0x0861, 0x2143, 0x3225, 0x1922,
  0x0841, 0x18C3, 0x18E3, 0x18C3, 0x18C3, 0x18C3, 0x18C3, 0x18C3, 0x18C3, 0x18C3, 0x18C3, 0x18C3,
  0x18E3, 0x18E3, 0x18C3, 0x18C3, 0x18C3, 0x18C3, 0x18C3, 0x18C3, 0x18E3, 0x18E3, 0x18C3, 0x18C3,
  0x18C3, 0x18C3, 0x18C3, 0x18C3, 0x18C3, 0x18C3, 0x18C3, 0x18C3, 0x18C3, 0x18C3, 0x18C3, 0x18C3,
  0x18C3, 0x18C3, 0x18C3, 0x18C3, 0x18C3, 0x18E3, 0x18E3, 0x18E3, 0x18E3, 0x18E3, 0x18E3, 0x18E3,
  0x18E3, 0x18C3, 0x18C3, 0x18C3, 0x18C3, 0x18C3, 0x18C3, 0x18E3, 0x18E3, 0x18E3, 0x18C3, 0x18C3,
  0x18E3, 0x18E3, 0x18C3, 0x1083, 0x1083, 0x18C3, 0x18E3, 0x18C3, 0x18E3, 0x18E3, 0x18E3, 0x10A2,
  0x1102, 0x3AE6, 0x3205, 0x28E4, 0x3948, 0x5188, 0x2064, 0x0001, 0x3224, 0x7D0A, 0x7D48, 0x64C7,
  0x6CC7, 0x6CC7, 0x6CC7, 0x6CE7, 0x6CA7, 0x6468, 0x5C27, 0x53E7, 0x4B67, 0x3AE5, 0x4326, 0x42C8,
  0x0861, 0x18C3, 0x18E3, 0x18C3, 0x18C3, 0x18C3, 0x18E3, 0x18C4, 0x1062, 0x0841, 0x1062, 0x18E3,
  0x18E3, 0x18C3, 0x18C3, 0x18C3, 0x18C3, 0x18C3, 0x18C3, 0x18C3, 0x18C3, 0x18C3, 0x18C3, 0x18E3,
  0x18E3, 0x18C3, 0x18C3, 0x18C3, 0x18C3, 0x18C3, 0x18C3, 0x18E3, 0x18E3, 0x18C3, 0x18C3, 0x18C3,
  0x18C3, 0x18C3, 0x18C3, 0x18C3, 0x18C3, 0x18C3, 0x18C3, 0x18C3, 0x18C3, 0x18C3, 0x18C3, 0x18C3,
  0x18C3, 0x18C3, 0x18C3, 0x18C3, 0x18C3, 0x18C3, 0x18C3, 0x18C3, 0x18C3, 0x18C3, 0x18C3, 0x18C3,
  0x18C3, 0x18C3, 0x18C3, 0x18C3, 0x18C3, 0x18C3, 0x18E3, 0x18E3, 0x18E3, 0x18E3, 0x18E3, 0x18E3,
  0x18E3, 0x18C3, 0x18E3, 0x18E3, 0x18E3, 0x18E3, 0x18E3, 0x18C3, 0x10A2, 0x1082, 0x1061, 0x10A1,
  0x2924, 0x3966, 0x49C8, 0x3105, 0x1002, 0x10A2, 0x4B65, 0x7D69, 0x7508, 0x6CA6, 0x6CA7, 0x6CC7,
  0x6CC7, 0x6CC7, 0x6CC7, 0x6487, 0x6468, 0x5C08, 0x53A7, 0x4327, 0x3284, 0x4B88, 0x4B2A, 0x0821,
  0x18E3, 0x18C3, 0x18C3, 0x18C3, 0x18C3, 0x18C3, 0x18C3, 0x18C3, 0x18C3, 0x18E3, 0x18C3, 0x18C3,
  0x18C3, 0x18C3, 0x18C3, 0x18C3, 0x18C3, 0x18C3, 0x18C3, 0x18C3, 0x18C3, 0x18C3, 0x18C3, 0x18C3,
  0x18C3, 0x18C3, 0x18C3, 0x18C3, 0x18C3, 0x18C3, 0x18C3, 0x18C3, 0x18C3, 0x18C3, 0x18C3, 0x18C3,
  0x18C3, 0x18C3, 0x18C3, 0x18C3, 0x18C3, 0x18C3, 0x18C3, 0x18C3, 0x18C3, 0x18C3, 0x18C3, 0x18C3,
  0x18C3, 0x18C3, 0x18C3, 0x18C3, 0x18C3, 0x18C3, 0x18C3, 0x18C3, 0x18C3, 0x18C3, 0x18C3, 0x18C3,
  0x18C3, 0x18C3, 0x18C3, 0x18C3, 0x18C3, 0x18E3, 0x18E3, 0x18E3, 0x18E3, 0x18E3, 0x18E3, 0x1903,
  0x18C3, 0x10A2, 0x1082, 0x1062, 0x1062, 0x1082, 0x1882, 0x18A3, 0x20E4, 0x3146, 0x49A7, 0x49A9,
  0x3947, 0x1843, 0x1043, 0x3225, 0x6CC7, 0x7D68, 0x6CC7, 0x6CA7, 0x6CC8, 0x6CC7, 0x6CC7, 0x6CC7,
  0x6CE7, 0x6CA7, 0x6467, 0x5C47, 0x53C7, 0x4B67, 0x3AE6, 0x2A44, 0x53EA, 0x3AA8, 0x0801, 0x18E3,
  0x18C3, 0x18C3, 0x18C3, 0x18C3, 0x18C3, 0x18C3, 0x18C3, 0x18C3, 0x18C3, 0x18C3, 0x18C3, 0x18C3,
  0x18C3, 0x18C3, 0x18C3, 0x18C3, 0x18C3, 0x18C3, 0x18E3, 0x18E3, 0x18C3, 0x18C3, 0x18C3, 0x18C3,
  0x18C3, 0x18C3, 0x18C3, 0x18C3, 0x18C3, 0x18C3, 0x18C3, 0x18C3, 0x18C3, 0x18C3, 0x18C3, 0x18C3,
  0x18C3, 0x18C3, 0x18C3, 0x18C3, 0x18C3, 0x18C3, 0x18C3, 0x18C3, 0x18C3, 0x18C3, 0x18C3, 0x18C3,
  0x18C3, 0x18C3, 0x18C3, 0x18E3, 0x18E3, 0x18E3, 0x18E3, 0x18C3, 0x18C3, 0x18C3, 0x18C3, 0x18C3,
  0x18C3, 0x18C3, 0x18C3, 0x18C3, 0x18E3, 0x18E3, 0x18E3, 0x18E3, 0x18E3, 0x10A2, 0x1061, 0x1882,
  0x20A3, 0x20C3, 0x28E4, 0x3145, 0x3966, 0x4187, 0x41A7, 0x49C8, 0x41A8, 0x3926, 0x20E4, 0x18A4,
  0x2103, 0x5346, 0x7D69, 0x7528, 0x6CC6, 0x6CC6, 0x6CC7, 0x6CC7, 0x6CC7, 0x6CC8, 0x74C8, 0x6CC8,
  0x6487, 0x5C47, 0x53E7, 0x4BA7, 0x4346, 0x3AA5, 0x3285, 0x53CA, 0x2164, 0x1042, 0x18C3, 0x18C3,
  0x18C3, 0x18C3, 0x18C3, 0x18C3, 0x18C3, 0x18C3, 0x18C3, 0x18C3, 0x18C3, 0x18C3, 0x18C3, 0x18C3,
  0x18C3, 0x18C3, 0x18C3, 0x18C3, 0x18C3, 0x18E3, 0x18E3, 0x18C3, 0x18C3, 0x18C3, 0x18C3, 0x18C3,
  0x18C3, 0x18C3, 0x18C3, 0x18C3, 0x18C3, 0x18C3, 0x18C3, 0x18C3, 0x18C3, 0x18C3, 0x18C3, 0x18C3,
  0x18C3, 0x18C3, 0x18C3, 0x18C3, 0x18C3, 0x18C3, 0x18C3, 0x18C3, 0x18C3, 0x18C3, 0x18C3, 0x18C3,
  0x18C3, 0x18C3, 0x18E3, 0x18E3, 0x18E3, 0x18E3, 0x18C3, 0x18C3, 0x18C3, 0x18C3, 0x18C3, 0x18C3,
  0x18C3, 0x18C3, 0x18C3, 0x18E3, 0x18E3, 0x1903, 0x10C2, 0x0841, 0x20A3, 0x3946, 0x41A8, 0x41C8,
  0x49C8, 0x49E8, 0x41C8, 0x3987, 0x3125, 0x28E4, 0x20C4, 0x20A3, 0x2082, 0x0800, 0x29E4, 0x6449,
  0x5407, 0x5C27, 0x6487, 0x6CA7, 0x6CC7, 0x6CC7, 0x6CE7, 0x6CE7, 0x6CE7, 0x6CC8, 0x6488, 0x6448,
  0x5407, 0x4BA7, 0x4366, 0x3AE5, 0x3285, 0x4B88, 0x3A87, 0x0000, 0x18C3, 0x18E3, 0x18E3, 0x18C3,
  0x18C3, 0x18C3, 0x18C3, 0x18C3, 0x18C3, 0x18C3, 0x18C3, 0x18C3, 0x18C3, 0x18C3, 0x18C3, 0x18C3,
  0x18C3, 0x18C3, 0x18C3, 0x18C3, 0x18C3, 0x18C3, 0x18C3, 0x18C3, 0x18C3, 0x18C3, 0x18C3, 0x18C3,
  0x18C3, 0x18C3, 0x18C3, 0x18C3, 0x18C3, 0x18C3, 0x18C3, 0x18C3, 0x18C3, 0x18C3, 0x18C3, 0x18C3,
  0x18C3, 0x18C3, 0x18C3, 0x18C3, 0x18C3, 0x18C3, 0x18C3, 0x18C3, 0x18C3, 0x18C3, 0x18C3, 0x18C3,
  0x18C3, 0x18E3, 0x18E3, 0x18E3, 0x18E3, 0x18C3, 0x18C3, 0x18C3, 0x18C3, 0x18C3, 0x18C3, 0x18C3,
  0x18C3, 0x18C3, 0x18C3, 0x18E3, 0x10A2, 0x1062, 0x41A7, 0x5229, 0x49C8, 0x3146, 0x28C4, 0x20C4,
  0x18C3, 0x1882, 0x1082, 0x1082, 0x1082, 0x1082, 0x18C2, 0x1862, 0x0000, 0x1923, 0x4368, 0x4BA7,
  0x4B66, 0x53E7, 0x6447, 0x6CA7, 0x6CC7, 0x6CC7, 0x6CC7, 0x6CA7, 0x6467, 0x5C47, 0x53E7, 0x4B87,
  0x4367, 0x3B06, 0x32A4, 0x4346, 0x32A5, 0x10C1, 0x1061, 0x1041, 0x18E4, 0x18E3, 0x18C3, 0x18C3,
  0x18C3, 0x18C3, 0x18C3, 0x18C3, 0x18C3, 0x18C3, 0x18C3, 0x18C3, 0x18C3, 0x18C3, 0x18C3, 0x18C3,
  0x18C3, 0x18C3, 0x18C3, 0x18C3, 0x18C3, 0x18C3, 0x18C3, 0x18C3, 0x18C3, 0x18C3, 0x18C3, 0x18C3,
  0x18C3, 0x18C3, 0x18C3, 0x18C3, 0x18C3, 0x18C3, 0x18C3, 0x18C3, 0x18C3, 0x18C3, 0x18C3, 0x18C3,
  0x18C3, 0x18C3, 0x18C3, 0x18C3, 0x18C3, 0x18C3, 0x18C3, 0x18C3, 0x18C3, 0x18C3, 0x18C3, 0x18E3,
  0x18E3, 0x18E3, 0x18E3, 0x18E3, 0x18C3, 0x18C3, 0x18C3, 0x18C3, 0x18C3, 0x18C3, 0x18C3, 0x18E3,
  0x18E3, 0x18C3, 0x10C3, 0x0861, 0x5208, 0x5A4A, 0x2904, 0x1062, 0x1042, 0x1062, 0x18A2, 0x10A2,
  0x10A2, 0x18A2, 0x18C3, 0x18E3, 0x18E3, 0x18E4, 0x0000, 0x29C4, 0x29E4, 0x10E2, 0x4B27, 0x4BA7,
  0x4B86, 0x4BA7, 0x5C07, 0x5C48, 0x6468, 0x5C47, 0x5C28, 0x53E7, 0x53C7, 0x4BA7, 0x4B67, 0x4307,
  0x3AA5, 0x4326, 0x3245, 0x08A1, 0x3225, 0x3AA6, 0x0861, 0x1082, 0x2104, 0x18E4, 0x18E3, 0x18E3,
  0x18E3, 0x18C3, 0x18C3, 0x18C3, 0x18E3, 0x18E3, 0x18C3, 0x18C3, 0x18C3, 0x18C3, 0x18C3, 0x18C3,
  0x18C3, 0x18C3, 0x18C3, 0x18C3, 0x18C3, 0x18C3, 0x18C3, 0x18C3, 0x18C3, 0x18C3, 0x18C3, 0x18C3,
  0x18C3, 0x18C3, 0x18C3, 0x18C3, 0x18C3, 0x18C3, 0x18C3, 0x18C3, 0x18C3, 0x18C3, 0x18C3, 0x18C3,
  0x18C3, 0x18C3, 0x18C3, 0x18C3, 0x18C3, 0x18C3, 0x18C3, 0x18C3, 0x18C3, 0x18C3, 0x18C3, 0x18C3,
  0x18C3, 0x18C3, 0x18C3, 0x18C3, 0x18C3, 0x18C3, 0x18C3, 0x18C3, 0x18C3, 0x18C3, 0x18C3, 0x18C3,
  0x18E3, 0x0841, 0x3966, 0x628B, 0x20C3, 0x1042, 0x10A2, 0x18E3, 0x18E4, 0x18E3, 0x18E3, 0x18E3,
  0x18E3, 0x18C3, 0x18C3, 0x20E4, 0x0001, 0x1962, 0x6CA9, 0x4B67, 0x2163, 0x10C2, 0x4306, 0x53A6,
  0x4367, 0x4B67, 0x4B87, 0x4BA7, 0x4BA7, 0x4B86, 0x4366, 0x4366, 0x4326, 0x42E6, 0x3AC5, 0x4326,
  0x29E4, 0x0041, 0x29E5, 0x4B86, 0x4B87, 0x3225, 0x0040, 0x18A3, 0x1903, 0x18E3, 0x18E3, 0x18E3,
  0x18C3, 0x18C3, 0x18C3, 0x18E3, 0x18E3, 0x18C3, 0x18C3, 0x18C3, 0x18C3, 0x18C3, 0x18C3, 0x18C3,
  0x18C3, 0x18C3, 0x18C3, 0x18C3, 0x18C3, 0x18C3, 0x18C3, 0x18C3, 0x18C3, 0x18C3, 0x18C3, 0x18C3,
  0x18C3, 0x18C3, 0x18C3, 0x18C3, 0x18C3, 0x18C3, 0x18C3, 0x18C3, 0x18C3, 0x18C3, 0x18C3, 0x18C3,
  0x18C3, 0x18C3, 0x18C3, 0x18C3, 0x18C3, 0x18C3, 0x18C3, 0x18C3, 0x18C3, 0x18C3, 0x18C3, 0x18C3,
  0x18C3, 0x18C3, 0x18C3, 0x18C3, 0x18C3, 0x18C3, 0x18C3, 0x18C3, 0x18C3, 0x18C3, 0x18C3, 0x18C3,
  0x1082, 0x5A49, 0x4187, 0x1062, 0x1082, 0x18E4, 0x18E3, 0x18E3, 0x18E3, 0x18E3, 0x18E3, 0x18E3,
  0x18C3, 0x18E3, 0x0842, 0x0840, 0x7D09, 0x7D69, 0x6447, 0x4366, 0x21A4, 0x10C1, 0x3A65, 0x4367,
  0x3B46, 0x4326, 0x4326, 0x4326, 0x3B26, 0x3B06, 0x3AE6, 0x32A5, 0x3AC5, 0x4306, 0x21A3, 0x0861,
  0x2204, 0x4BC7, 0x6C68, 0x6448, 0x53A7, 0x2183, 0x0801, 0x18E3, 0x18E3, 0x18E3, 0x18E3, 0x18C3,
  0x18C3, 0x18C3, 0x18C3, 0x18C3, 0x18C3, 0x18C3, 0x18C3, 0x18C3, 0x18C3, 0x18C3, 0x18C3, 0x18C3,
  0x18C3, 0x18C3, 0x18C3, 0x18C3, 0x18C3, 0x18C3, 0x18C3, 0x18C3, 0x18C3, 0x18C3, 0x18C3, 0x18C3,
  0x18C3, 0x18C3, 0x18C3, 0x18C3, 0x18C3, 0x18C3, 0x18C3, 0x18C3, 0x18C3, 0x18C3, 0x18C3, 0x18C3,
  0x18C3, 0x18C3, 0x18C3, 0x18C3, 0x18C3, 0x18C3, 0x18E3, 0x18E3, 0x18E3, 0x18E3, 0x18E3, 0x18E3,
  0x18E3, 0x18E3, 0x18E3, 0x18E3, 0x18E3, 0x18E3, 0x18E3, 0x18E3, 0x18C3, 0x18C3, 0x10A2, 0x2104,
  0x5A4A, 0x28E5, 0x1062, 0x18E3, 0x18E3, 0x18E3, 0x18E3, 0x10C3, 0x10A2, 0x18A2, 0x18E4, 0x18E3,
  0x18E3, 0x0000, 0x63A8, 0x8E09, 0x5C86, 0x74C8, 0x5C28, 0x4347, 0x21E3, 0x10E2, 0x29E4, 0x32C5,
  0x4306, 0x3B06, 0x32E5, 0x32C4, 0x32C5, 0x3AC6, 0x4307, 0x3A86, 0x1922, 0x10C1, 0x3225, 0x4346,
  0x6468, 0x74E8, 0x74E8, 0x6468, 0x4326, 0x10A2, 0x1042, 0x20E4, 0x18E3, 0x18C3, 0x18E3, 0x18E3,
  0x18C3, 0x18E3, 0x18E3, 0x18C3, 0x18C3, 0x18C3, 0x18C3, 0x18C3, 0x18C3, 0x18C3, 0x18C3, 0x18C3,
  0x18C3, 0x18C3, 0x18C3, 0x18C3, 0x18C3, 0x18C3, 0x18C3, 0x18C3, 0x18C3, 0x18C3, 0x18C3, 0x18C3,
  0x18C3, 0x18C3, 0x18C3, 0x18C3, 0x18C3, 0x18C3, 0x18C3, 0x18C3, 0x18C3, 0x18C3, 0x18C3, 0x18E3,
  0x18E3, 0x18E3, 0x18C3, 0x18C3, 0x18C3, 0x18E3, 0x18E3, 0x18C3, 0x18E3, 0x18E3, 0x18E3, 0x18E3,
  0x18E3, 0x18E3, 0x18E3, 0x18E3, 0x18E3, 0x18E3, 0x18E3, 0x18E3, 0x18E3, 0x18A2, 0x20E3, 0x5229,
  0x3105, 0x1062, 0x18E3, 0x18E3, 0x18E3, 0x18E3, 0x1082, 0x20C3, 0x20C3, 0x18A3, 0x2103, 0x0001,
  0x2164, 0x960B, 0x64E5, 0x64A7, 0x6CC7, 0x6468, 0x4346, 0x4367, 0x2A05, 0x0000, 0x18A2, 0x29E4,
  0x3265, 0x3AE5, 0x3AE6, 0x3AA5, 0x3245, 0x2984, 0x0860, 0x0000, 0x3225, 0x4347, 0x4367, 0x6448,
  0x74E7, 0x6CC7, 0x6CC7, 0x6447, 0x3A65, 0x0041, 0x18C3, 0x18E3, 0x18C3, 0x18C3, 0x18E3, 0x18C3,
  0x18E3, 0x18E3, 0x18C3, 0x18C3, 0x18C3, 0x18C3, 0x18C3, 0x18C3, 0x18C3, 0x18C3, 0x18C3, 0x18C3,
  0x18C3, 0x18C3, 0x18C3, 0x18C3, 0x18C3, 0x18C3, 0x18C3, 0x18C3, 0x18C3, 0x18C3, 0x18C3, 0x18C3,
  0x18C3, 0x18C3, 0x18C3, 0x18C3, 0x18C3, 0x18C3, 0x18C3, 0x18C3, 0x18C3, 0x18C3, 0x18E3, 0x18E3,
  0x18E3, 0x18C3, 0x18C3, 0x18C3, 0x18C3, 0x18C3, 0x18C3, 0x18C3, 0x18C3, 0x18C3, 0x18E3, 0x18E3,
  0x18E3, 0x18E3, 0x18E3, 0x18E3, 0x18E3, 0x18E3, 0x18E3, 0x18E3, 0x18E3, 0x1082, 0x3987, 0x41C8,
  0x20C3, 0x0861, 0x18E3, 0x18E3, 0x18E3, 0x10A2, 0x18A2, 0x3966, 0x1082, 0x18A3, 0x0000, 0x63E7,
  0x7D88, 0x6486, 0x6CA8, 0x6CA7, 0x53C7, 0x4347, 0x3224, 0x1061, 0x1082, 0x1082, 0x0840, 0x0861,
  0x10C2, 0x1902, 0x10C2, 0x0861, 0x0821, 0x10A2, 0x10A2, 0x0881, 0x2A05, 0x4B88, 0x5407, 0x6CC8,
  0x6CC7, 0x6CC7, 0x6CA8, 0x5BE8, 0x1963, 0x0821, 0x18E3, 0x18C3, 0x18C3, 0x18C3, 0x18C3, 0x18C3,
  0x18C3, 0x18C3, 0x18C3, 0x18C3, 0x18C3, 0x18C3, 0x18C3, 0x18C3, 0x18C3, 0x18C3, 0x18C3, 0x18C3,
  0x18C3, 0x18C3, 0x18C3, 0x18C3, 0x18C3, 0x18C3, 0x18C3, 0x18C3, 0x18C3, 0x18C3, 0x18C3, 0x18C3,
  0x18C3, 0x18C3, 0x18C3, 0x18C3, 0x18C3, 0x18C3, 0x18C3, 0x18C3, 0x18C3, 0x18E3, 0x18E3, 0x18E3,
  0x18C3, 0x18C3, 0x18C3, 0x18E3, 0x18E3, 0x18E3, 0x18C3, 0x18C3, 0x18C3, 0x18C3, 0x18C3, 0x18C3,
  0x18C3, 0x18C3, 0x18C3, 0x18C3, 0x18C3, 0x18C3, 0x18C3, 0x18E3, 0x1082, 0x2082, 0x41A7, 0x3987,
  0x20C4, 0x1882, 0x1082, 0x1082, 0x1082, 0x3105, 0x3966, 0x1882, 0x0001, 0x2183, 0x858A, 0x6CC7,
  0x6CC7, 0x6CE8, 0x6448, 0x4BA7, 0x3265, 0x0820, 0x1062, 0x2104, 0x18E3, 0x18C3, 0x18A3, 0x1082,
  0x1062, 0x1082, 0x18A3, 0x18E4, 0x18E3, 0x1904, 0x10A2, 0x0801, 0x21A3, 0x4BA7, 0x6467, 0x6CC7,
  0x6CA7, 0x6CC7, 0x6CA8, 0x4B67, 0x08A1, 0x1863, 0x18C3, 0x18E3, 0x18C3, 0x18C3, 0x18C3, 0x18C3,
  0x18C3, 0x18C3, 0x18C3, 0x18C3, 0x18C3, 0x18C3, 0x18C3, 0x18C3, 0x18C3, 0x18C3, 0x18C3, 0x18C3,
  0x18C3, 0x18C3, 0x18C3, 0x18C3, 0x18C3, 0x18C3, 0x18C3, 0x18C3, 0x18C3, 0x18C3, 0x18C3, 0x18C3,
  0x18C3, 0x18C3, 0x18C3, 0x18C3, 0x18C3, 0x18C3, 0x18C3, 0x18C3, 0x18C3, 0x18C3, 0x18C3, 0x18C3,
  0x18C3, 0x18C3, 0x18E3, 0x18E3, 0x18E3, 0x18C3, 0x18C3, 0x18C3, 0x18C3, 0x18C3, 0x18C3, 0x18C3,
  0x18C3, 0x18C3, 0x18C3, 0x18C3, 0x18C3, 0x18C3, 0x18E3, 0x18E3, 0x1082, 0x2083, 0x3967, 0x49C8,
  0x3966, 0x2905, 0x3105, 0x3987, 0x49E8, 0x28E4, 0x1062, 0x0822, 0x5387, 0x7D69, 0x6CC7, 0x6CE7,
  0x64A8, 0x53E7, 0x42C6, 0x0861, 0x1062, 0x2104, 0x18E3, 0x18E3, 0x18E3, 0x18E3, 0x18E3, 0x18E3,
  0x18E3, 0x18E3, 0x18E3, 0x18E3, 0x18E3, 0x1903, 0x18A3, 0x0000, 0x2163, 0x53C8, 0x6CA8, 0x6CC8,
  0x6CC6, 0x6CA8, 0x6469, 0x3224, 0x0841, 0x18C3, 0x18C3, 0x18C3, 0x18C3, 0x18C3, 0x18C3, 0x18C3,
  0x18C3, 0x18C3, 0x18C3, 0x18C3, 0x18C3, 0x18C3, 0x18C3, 0x18C3, 0x18C3, 0x18C3, 0x18C3, 0x18C3,
  0x18C3, 0x18C3, 0x18C3, 0x18C3, 0x18C3, 0x18C3, 0x18C3, 0x18C3, 0x18C3, 0x18C3, 0x18C3, 0x18C3,
  0x18C3, 0x18C3, 0x18C3, 0x18C3, 0x18C3, 0x18C3, 0x18C3, 0x18C3, 0x18C3, 0x18C3, 0x18C3, 0x18C3,
  0x18C3, 0x18E3, 0x18E3, 0x18C3, 0x18C3, 0x18C3, 0x18C3, 0x18C3, 0x18C3, 0x18C3, 0x18C3, 0x18C3,
  0x18C3, 0x18C3, 0x18C3, 0x18C3, 0x18C3, 0x18C3, 0x18E3, 0x18E3, 0x1062, 0x1863, 0x2905, 0x3146,
  0x3967, 0x3967, 0x3146, 0x20E4, 0x1062, 0x1062, 0x18E3, 0x6CC8, 0x6D27, 0x6CC7, 0x6CE7, 0x5C47,
  0x4BA7, 0x10E2, 0x0000, 0x2104, 0x18C3, 0x18C3, 0x18C3, 0x18E3, 0x18C3, 0x18C3, 0x18C3, 0x18C3,
  0x18C3, 0x18C3, 0x18C3, 0x18E3, 0x18E3, 0x18E3, 0x18C3, 0x0000, 0x1963, 0x5C48, 0x6CC7, 0x6CE7,
  0x6CA8, 0x6468, 0x4346, 0x10A1, 0x1083, 0x18C3, 0x18C3, 0x18C3, 0x18C3, 0x18C3, 0x18C3, 0x18C3,
  0x18C3, 0x18C3, 0x18C3, 0x18C3, 0x18C3, 0x18C3, 0x18C3, 0x18C3, 0x18C3, 0x18C3, 0x18C3, 0x18C3,
  0x18C3, 0x18C3, 0x18C3, 0x18C3, 0x18C3, 0x18C3, 0x18C3, 0x18C3, 0x18C3, 0x18C3, 0x18C3, 0x18C3,
  0x18C3, 0x18C3, 0x18C3, 0x18C3, 0x18C3, 0x18C3, 0x18C3, 0x18C3, 0x18C3, 0x18C3, 0x18C3, 0x18C3,
  0x18C3, 0x18C3, 0x18C3, 0x18C3, 0x18C3, 0x18C3, 0x18C3, 0x18C3, 0x18C3, 0x18C3, 0x18C3, 0x18C3,
  0x18C3, 0x18C3, 0x18E3, 0x18E3, 0x18E3, 0x18E3, 0x18E3, 0x18E3, 0x10C3, 0x1082, 0x1062, 0x1862,
  0x1062, 0x1062, 0x1082, 0x18C3, 0x1063, 0x18C2, 0x6CC8, 0x7548, 0x6CE7, 0x6CA7, 0x53C7, 0x3AA5,
  0x2183, 0x10C2, 0x1082, 0x18E4, 0x18C3, 0x18C3, 0x18C3, 0x18E3, 0x18E3, 0x18C3, 0x18C3, 0x18C3,
  0x18C3, 0x18C3, 0x18E3, 0x18C3, 0x18E3, 0x10A3, 0x1062, 0x1943, 0x3B25, 0x6467, 0x6CA8, 0x6CA8,
  0x5C67, 0x4BA7, 0x10A2, 0x1083, 0x18E3, 0x18C3, 0x18C3, 0x18C3, 0x18C3, 0x18C3, 0x18C3, 0x18C3,
  0x18C3, 0x18C3, 0x18C3, 0x18C3, 0x18C3, 0x18C3, 0x18C3, 0x18C3, 0x18C3, 0x18C3, 0x18C3, 0x18C3,
  0x18C3, 0x18C3, 0x18C3, 0x18C3, 0x18C3, 0x18C3, 0x18C3, 0x18C3, 0x18C3, 0x18C3, 0x18C3, 0x18C3,
  0x18C3, 0x18C3, 0x18C3, 0x18C3, 0x18C3, 0x18C3, 0x18C3, 0x18C3, 0x18C3, 0x18C3, 0x18C3, 0x18C3,
  0x18C3, 0x18C3, 0x18C3, 0x18C3, 0x18C3, 0x18C3, 0x18C3, 0x18C3, 0x18C3, 0x18C3, 0x18C3, 0x18C3,
  0x18C3, 0x18E3, 0x18E3, 0x18E3, 0x18E3, 0x18C3, 0x18E3, 0x18E3, 0x18E3, 0x18C3, 0x10A2, 0x18C2,
  0x18C3, 0x18E3, 0x18E3, 0x18C3, 0x0861, 0x2A05, 0x6C69, 0x5C48, 0x4BA6, 0x4346, 0x3285, 0x4B47,
  0x3225, 0x0861, 0x18C3, 0x18C3, 0x18C3, 0x18C3, 0x18E3, 0x18E3, 0x18C3, 0x18C3, 0x18C3, 0x18C3,
  0x18C3, 0x18E3, 0x18E3, 0x18E3, 0x0821, 0x2A04, 0x4B47, 0x3244, 0x53A7, 0x5C07, 0x53A6, 0x53C7,
  0x3265, 0x0841, 0x18C3, 0x18C3, 0x18C3, 0x18C3, 0x18C3, 0x18C3, 0x18C3, 0x18C3, 0x18C3, 0x18C3,
  0x18C3, 0x18C3, 0x18C3, 0x18C3, 0x18C3, 0x18C3, 0x18C3, 0x18C3, 0x18C3, 0x18C3, 0x18C3, 0x18C3,
  0x18C3, 0x18C3, 0x18C3, 0x18C3, 0x18C3, 0x18C3, 0x18C3, 0x18C3, 0x18C3, 0x18C3, 0x18C3, 0x18C3,
  0x18C3, 0x18C3, 0x18C3, 0x18C3, 0x18C3, 0x18C3, 0x18C3, 0x18C3, 0x18C3, 0x18C3, 0x18C3, 0x18C3,
  0x18C3, 0x18C3, 0x18C3, 0x18C3, 0x18C3, 0x18C3, 0x18C3, 0x18C3, 0x18C3, 0x18C3, 0x18C3, 0x18C3,
  0x18E3, 0x18E3, 0x18C3, 0x18C3, 0x18C3, 0x18E3, 0x18E3, 0x18C3, 0x18C3, 0x18E3, 0x18E3, 0x18E3,
  0x18C3, 0x18C3, 0x18E3, 0x18C3, 0x0001, 0x1102, 0x4306, 0x4B87, 0x4345, 0x4B47, 0x4326, 0x3B06,
  0x2163, 0x0840, 0x18E3, 0x18C3, 0x18C3, 0x18C3, 0x18C3, 0x18C3, 0x18C3, 0x18C3, 0x18C3, 0x18C3,
  0x18C3, 0x1903, 0x1062, 0x10A1, 0x4346, 0x4387, 0x4367, 0x4B67, 0x4B67, 0x3AC5, 0x2183, 0x0841,
  0x10A2, 0x18C3, 0x18C3, 0x18C3, 0x18C3, 0x18C3, 0x18C3, 0x18C3, 0x18C3, 0x18C3, 0x18C3, 0x18C3,
  0x18C3, 0x18C3, 0x18C3, 0x18C3, 0x18C3, 0x18C3, 0x18C3, 0x18C3, 0x18C3, 0x18C3, 0x18C3, 0x18C3,
  0x18C3, 0x18C3, 0x18C3, 0x18C3, 0x18C3, 0x18C3, 0x18C3, 0x18C3, 0x18C3, 0x18C3, 0x18C3, 0x18C3,
  0x18C3, 0x18C3, 0x18C3, 0x18C3, 0x18C3, 0x18C3, 0x18C3, 0x18C3, 0x18C3, 0x18C3, 0x18C3, 0x18C3,
  0x18C3, 0x18C3, 0x18C3, 0x18C3, 0x18C3, 0x18C3, 0x18C3, 0x18C3, 0x18C3, 0x18C3, 0x18C3, 0x18E3,
  0x18E3, 0x18C3, 0x18C3, 0x18C3, 0x18E3, 0x18C3, 0x18C3, 0x18C3, 0x18C3, 0x18C3, 0x18C3, 0x18C3,
  0x18C3, 0x18C3, 0x18E3, 0x20C3, 0x0021, 0x0881, 0x3A85, 0x53C7, 0x4B67, 0x4346, 0x4306, 0x4286,
  0x10A1, 0x1082, 0x18E4, 0x18C3, 0x18C3, 0x18C3, 0x18E3, 0x18E3, 0x18E3, 0x18E3, 0x18E3, 0x18E3,
  0x18C3, 0x0821, 0x3225, 0x4B87, 0x4327, 0x3B26, 0x4366, 0x42E6, 0x1943, 0x0842, 0x18A3, 0x18E3,
  0x18E3, 0x18C3, 0x18C3, 0x18C3, 0x18C3, 0x18C3, 0x18C3, 0x18C3, 0x18C3, 0x18C3, 0x18C3, 0x18C3,
  0x18C3, 0x18C3, 0x18C3, 0x18C3, 0x18C3, 0x18C3, 0x18C3, 0x18C3, 0x18C3, 0x18C3, 0x18C3, 0x18C3,
  0x18C3, 0x18C3, 0x18C3, 0x18C3, 0x18C3, 0x18C3, 0x18C3, 0x18C3, 0x18C3, 0x18C3, 0x18C3, 0x18C3,
  0x18C3, 0x18C3, 0x18C3, 0x18C3, 0x18C3, 0x18C3, 0x18C3, 0x18C3, 0x18C3, 0x18C3, 0x18C3, 0x18C3,
  0x18C3, 0x18C3, 0x18C3, 0x18C3, 0x18C3, 0x18C3, 0x18C3, 0x18C3, 0x18C3, 0x18C3, 0x18C3, 0x18C3,
  0x18C3, 0x18C3, 0x18C3, 0x18C3, 0x18C3, 0x18C3, 0x18C3, 0x18C3, 0x18C3, 0x18C3, 0x18C3, 0x18C3,
  0x18C3, 0x18C3, 0x18E3, 0x18E3, 0x1062, 0x0040, 0x29C4, 0x5388, 0x4BA7, 0x4326, 0x4347, 0x3225,
  0x0821, 0x18A3, 0x18E3, 0x18C3, 0x18C3, 0x18E3, 0x18E3, 0x18E3, 0x18E4, 0x18E3, 0x18E3, 0x1021,
  0x2163, 0x4B88, 0x4346, 0x4326, 0x4B47, 0x3AA5, 0x10C1, 0x0842, 0x18C3, 0x18E3, 0x18C3, 0x18C3,
  0x18C3, 0x18C3, 0x18C3, 0x18C3, 0x18C3, 0x18C3, 0x18C3, 0x18C3, 0x18C3, 0x18C3, 0x18C3, 0x18C3,
  0x18C3, 0x18C3, 0x18C3, 0x18C3, 0x18C3, 0x18C3, 0x18C3, 0x18C3, 0x18C3, 0x18C3, 0x18C3, 0x18C3,
  0x18C3, 0x18C3, 0x18C3, 0x18C3, 0x18C3, 0x18C3, 0x18C3, 0x18C3, 0x18C3, 0x18C3, 0x18C3, 0x18C3,
  0x18C3, 0x18C3, 0x18C3, 0x18C3, 0x18C3, 0x18C3, 0x18C3, 0x18C3, 0x18C3, 0x18C3, 0x18C3, 0x18C3,
  0x18C3, 0x18C3, 0x18C3, 0x18C3, 0x18C3, 0x18C3, 0x18C3, 0x18C3, 0x18C3, 0x18C3, 0x18C3, 0x18C3,
  0x18C3, 0x18C3, 0x18C3, 0x18C3, 0x18C3, 0x18C3, 0x18C3, 0x18C3, 0x18C3, 0x18C3, 0x18C3, 0x18C3,
  0x18C3, 0x18C3, 0x18C3, 0x20E4, 0x18C3, 0x0000, 0x10A1, 0x42E6, 0x4BA7, 0x4366, 0x4347, 0x29C4,
  0x0821, 0x18C3, 0x18E3, 0x18C3, 0x18E3, 0x18E3, 0x18E3, 0x18E3, 0x18E3, 0x1062, 0x10E2, 0x4327,
  0x4B87, 0x4346, 0x4B47, 0x29C4, 0x0020, 0x1063, 0x18E4, 0x18E3, 0x18C3, 0x18C3, 0x18C3, 0x18C3,
  0x18C3, 0x18C3, 0x18C3, 0x18C3, 0x18C3, 0x18C3, 0x18C3, 0x18C3, 0x18C3, 0x18C3, 0x18C3, 0x18C3,
  0x18C3, 0x18C3, 0x18C3, 0x18C3, 0x18C3, 0x18C3, 0x18C3, 0x18C3, 0x18C3, 0x18C3, 0x18C3, 0x18C3,
  0x18C3, 0x18C3, 0x18C3, 0x18C3, 0x18C3, 0x18C3, 0x18C3, 0x18C3, 0x18C3, 0x18C3, 0x18C3, 0x18C3,
  0x18C3, 0x18C3, 0x18C3, 0x18C3, 0x18C3, 0x18C3, 0x18C3, 0x18C3, 0x18C3, 0x18C3, 0x18C3, 0x18C3,
  0x18C3, 0x18C3, 0x18C3, 0x18C3, 0x18C3, 0x18C3, 0x18C3, 0x18C3, 0x18C3, 0x18C3, 0x18C3, 0x18C3,
  0x18C3, 0x18C3, 0x18C3, 0x18C3, 0x18C3, 0x18C3, 0x18C3, 0x18C3, 0x18C3, 0x18C3, 0x18C3, 0x18C3,
  0x18C3, 0x18C3, 0x18E3, 0x18C3, 0x0821, 0x0820, 0x10E1, 0x3B06, 0x4B87, 0x4366, 0x4327, 0x2164,
  0x0841, 0x18E3, 0x18E3, 0x18E3, 0x18E3, 0x18E3, 0x18E4, 0x10A2, 0x1081, 0x3A86, 0x4366, 0x4386,
  0x4305, 0x21C3, 0x10C2, 0x1082, 0x0861, 0x18E4, 0x18E3, 0x18C3, 0x18C3, 0x18C3, 0x18C3, 0x18C3,
  0x18C3, 0x18C3, 0x18C3, 0x18C3, 0x18C3, 0x18C3, 0x18C3, 0x18C3, 0x18C3, 0x18C3, 0x18C3, 0x18C3,
  0x18C3, 0x18C3, 0x18C3, 0x18C3, 0x18C3, 0x18C3, 0x18C3, 0x18C3, 0x18C3, 0x18C3, 0x18C3, 0x18C3,
  0x18C3, 0x18C3, 0x18C3, 0x18C3, 0x18C3, 0x18C3, 0x18C3, 0x18C3, 0x18C3, 0x18C3, 0x18C3, 0x18C3,
  0x18C3, 0x18C3, 0x18C3, 0x18C3, 0x18C3, 0x18C3, 0x18C3, 0x18E3, 0x18C3, 0x18C3, 0x18C3, 0x18C3,
  0x18C3, 0x18C3, 0x18C3, 0x18C3, 0x18C3, 0x18C3, 0x18C3, 0x18C3, 0x18C3, 0x18E3, 0x18E3, 0x18E3,
  0x18E3, 0x18E3, 0x18E3, 0x18E3, 0x18E3, 0x18E3, 0x18E3, 0x18E3, 0x18E3, 0x18E3, 0x18C3, 0x18C3,
  0x18E4, 0x10A3, 0x0000, 0x2183, 0x5BC8, 0x42E6, 0x3AE5, 0x4B67, 0x4B67, 0x4306, 0x3AE6, 0x1902,
  0x1082, 0x18E4, 0x18E3, 0x18E3, 0x18E3, 0x18E4, 0x0861, 0x29C3, 0x4347, 0x4346, 0x4366, 0x3AC4,
  0x2A04, 0x5347, 0x5367, 0x1902, 0x0001, 0x18C4, 0x18E3, 0x18C3, 0x18C3, 0x18C3, 0x18C3, 0x18C3,
  0x18C3, 0x18C3, 0x18C3, 0x18C3, 0x18C3, 0x18C3, 0x18C3, 0x18C3, 0x18C3, 0x18C3, 0x18C3, 0x18C3,
  0x18C3, 0x18C3, 0x18C3, 0x18C3, 0x18C3, 0x18C3, 0x18C3, 0x18C3, 0x18C3, 0x18C3, 0x18C3, 0x18C3,
  0x18C3, 0x18C3, 0x18C3, 0x18C3, 0x18C3, 0x18C3, 0x18C3, 0x18C3, 0x18C3, 0x18C3, 0x18C3, 0x18C3,
  0x18C3, 0x18C3, 0x18C3, 0x18C3, 0x18C3, 0x18C3, 0x18E3, 0x18E3, 0x18E3, 0x18C3, 0x18C3, 0x18C3,
  0x18C3, 0x18C3, 0x18C3, 0x18C3, 0x18C3, 0x18C3, 0x18C3, 0x18C3, 0x18E3, 0x18E3, 0x18E3, 0x18C3,
  0x18C3, 0x18E3, 0x18E3, 0x18E3, 0x18E3, 0x18E3, 0x18E3, 0x18E3, 0x18E3, 0x18E4, 0x18C3, 0x0821,
  0x0000, 0x3245, 0x74E9, 0x64C8, 0x5447, 0x4B66, 0x4326, 0x4367, 0x3B06, 0x4306, 0x3245, 0x0861,
  0x18C4, 0x18E3, 0x18E3, 0x18E3, 0x18C4, 0x10C2, 0x3AA5, 0x3B06, 0x4346, 0x4325, 0x4346, 0x5C08,
  0x6467, 0x6CC8, 0x5C08, 0x1962, 0x0001, 0x1082, 0x18E3, 0x18E3, 0x18C3, 0x18C3, 0x18C3, 0x18C3,
  0x18C3, 0x18C3, 0x18C3, 0x18C3, 0x18C3, 0x18C3, 0x18C3, 0x18E3, 0x18E3, 0x18C3, 0x18C3, 0x18C3,
  0x18C3, 0x18C3, 0x18C3, 0x18C3, 0x18C3, 0x18C3, 0x18C3, 0x18C3, 0x18C3, 0x18C3, 0x18C3, 0x18C3,
  0x18C3, 0x18C3, 0x18C3, 0x18C3, 0x18C3, 0x18C3, 0x18C3, 0x18C3, 0x18C3, 0x18C3, 0x18C3, 0x18C3,
  0x18C3, 0x18C3, 0x18C3, 0x18C3, 0x18C3, 0x18E3, 0x18E3, 0x18E3, 0x18C3, 0x18C3, 0x18C3, 0x18C3,
  0x18C3, 0x18C3, 0x18C3, 0x18C3, 0x18C3, 0x18C3, 0x18C3, 0x18E3, 0x18E3, 0x18E3, 0x18C3, 0x18C3,
  0x18E3, 0x18E3, 0x18C3, 0x18E3, 0x18E3, 0x18E3, 0x18C3, 0x1062, 0x0001, 0x0841, 0x18E1, 0x5366,
  0x7D49, 0x6D07, 0x6CC7, 0x6CE7, 0x5C27, 0x4366, 0x4366, 0x3B06, 0x3B05, 0x3AA5, 0x10A2, 0x1062,
  0x10A2, 0x10A2, 0x10A3, 0x0842, 0x18E2, 0x4306, 0x3B25, 0x4326, 0x4B66, 0x6448, 0x6CE8, 0x6CE7,
  0x6CE8, 0x6CE8, 0x5C48, 0x3205, 0x1061, 0x0821, 0x1042, 0x18A3, 0x18C3, 0x18E3, 0x18C3, 0x18A3,
  0x18E3, 0x18E3, 0x18C3, 0x18E3, 0x18C3, 0x18C3, 0x18E3, 0x18E3, 0x18C3, 0x18C3, 0x18C3, 0x18C3,
  0x18C3, 0x18C3, 0x18C3, 0x18C3, 0x18C3, 0x18C3, 0x18C3, 0x18C3, 0x18C3, 0x18C3, 0x18C3, 0x18C3,
  0x18C3, 0x18C3, 0x18C3, 0x18C3, 0x18C3, 0x18C3, 0x18C3, 0x18C3, 0x18C3, 0x18C3, 0x18C3, 0x18C3,
  0x18C3, 0x18C3, 0x18C3, 0x18C3, 0x18E3, 0x18C3, 0x18C3, 0x18C3, 0x18E3, 0x18E3, 0x18E3, 0x18E3,
  0x18C3, 0x18C3, 0x18C3, 0x18C3, 0x18C3, 0x18C3, 0x18C3, 0x18C3, 0x18E3, 0x18E3, 0x18E3, 0x10A2,
  0x0840, 0x18C2, 0x1082, 0x0841, 0x0842, 0x0862, 0x10E2, 0x31E4, 0x5328, 0x6C89, 0x7548, 0x6CC7,
  0x64A7, 0x6CA7, 0x6CC7, 0x64A8, 0x4BA7, 0x4346, 0x4306, 0x4B67, 0x3AA6, 0x1061, 0x0841, 0x0861,
  0x0861, 0x0861, 0x0842, 0x1061, 0x3A86, 0x4BA8, 0x4367, 0x53E7, 0x6CC8, 0x6D07, 0x6CC7, 0x6CA8,
  0x6CE7, 0x6CA8, 0x6429, 0x4B68, 0x29E4, 0x10C2, 0x10A2, 0x10A2, 0x0841, 0x1082, 0x18C3, 0x1082,
  0x18C3, 0x18E3, 0x18E3, 0x18E3, 0x18E3, 0x18E3, 0x18E3, 0x18E3, 0x18E3, 0x18C3, 0x18C3, 0x18E3,
  0x18E3, 0x18E3, 0x18E3, 0x18E3, 0x18E3, 0x18C3, 0x18C3, 0x18C3, 0x18C3, 0x18E3, 0x18E3, 0x18E3,
  0x18E3, 0x18E3, 0x18E3, 0x18E3, 0x18C3, 0x18C3, 0x18C3, 0x18C3, 0x18C3, 0x18C3, 0x18C3, 0x18C3,
  0x18C3, 0x18C3, 0x18C3, 0x18E3, 0x18C3, 0x18C3, 0x18C3, 0x18C3, 0x18C3, 0x18E3, 0x18E3, 0x18C3,
  0x18C3, 0x18C3, 0x18C3, 0x18C3, 0x18E3, 0x18E3, 0x18E3, 0x18C3, 0x18C3, 0x0821, 0x0861, 0x5B29,
  0x3A45, 0x1943, 0x31E5, 0x3204, 0x4B06, 0x6428, 0x5BE8, 0x4B86, 0x5406, 0x6CC8, 0x6CA7, 0x6CA7,
  0x6D07, 0x6CE8, 0x5C07, 0x4366, 0x3AC6, 0x3AA6, 0x3245, 0x1902, 0x0821, 0x0882, 0x1082, 0x1082,
  0x1082, 0x1062, 0x0841, 0x08A1, 0x29C4, 0x3A66, 0x32C5, 0x4BA7, 0x6CA8, 0x74C7, 0x74E8, 0x6CC8,
  0x6CC8, 0x5C07, 0x4325, 0x4BA7, 0x4BA7, 0x3AA6, 0x21A3, 0x1963, 0x3266, 0x4287, 0x1060, 0x0800,
  0x0861, 0x10A2, 0x10A2, 0x18C3, 0x18C3, 0x18E3, 0x18E3, 0x18E3, 0x18C3, 0x18C3, 0x18E3, 0x18E3,
  0x18E3, 0x18E3, 0x18E3, 0x18E3, 0x18C3, 0x18C3, 0x18C3, 0x18C3, 0x18E3, 0x18E3, 0x18E3, 0x18E3,
  0x18E3, 0x18E3, 0x18E3, 0x18C3, 0x18C3, 0x18C3, 0x18C3, 0x18C3, 0x18C3, 0x18C3, 0x18C3, 0x18C3,
  0x18C3, 0x18C3, 0x18E3, 0x18C3, 0x18C3, 0x18C3, 0x18C3, 0x18C3, 0x18C3, 0x18C3, 0x18C3, 0x18C3,
  0x18C3, 0x18E3, 0x18E3, 0x18C3, 0x10A2, 0x1082, 0x1082, 0x0820, 0x0841, 0x29C5, 0x42E7, 0x4B66,
  0x74CA, 0x6C49, 0x3285, 0x42C6, 0x3264, 0x4365, 0x6467, 0x6487, 0x64A7, 0x6CC7, 0x7528, 0x6CC8,
  0x4B27, 0x21C4, 0x1902, 0x10C2, 0x0881, 0x0021, 0x0021, 0x1062, 0x0882, 0x1082, 0x1082, 0x1081,
  0x1061, 0x1062, 0x0841, 0x0000, 0x0821, 0x0841, 0x18C2, 0x3225, 0x5C07, 0x6D09, 0x7508, 0x6CC7,
  0x6C87, 0x5BE6, 0x3AC4, 0x3A65, 0x3AA6, 0x3AE6, 0x3AE7, 0x53C8, 0x6448, 0x3284, 0x1903, 0x0841,
  0x0841, 0x0861, 0x0861, 0x0861, 0x1082, 0x10A2, 0x18C3, 0x18C3, 0x18E3, 0x18C3, 0x18E3, 0x18C3,
  0x18C3, 0x18C3, 0x18C3, 0x18C3, 0x18C3, 0x18C3, 0x18C3, 0x18C3, 0x18C3, 0x18C3, 0x18C3, 0x18C3,
  0x18C3, 0x18C3, 0x18C3, 0x18C3, 0x18C3, 0x18C3, 0x18C3, 0x18C3, 0x18C3, 0x18C3, 0x18C3, 0x18C3,
  0x18C3, 0x18E3, 0x18E3, 0x18E3, 0x18E3, 0x18E3, 0x18E3, 0x18C3, 0x18C3, 0x18C3, 0x18C3, 0x18C3,
  0x18C3, 0x10A2, 0x1082, 0x0861, 0x0861, 0x0820, 0x1082, 0x6C10, 0x6C8F, 0x3AE5, 0x7D0A, 0x6448,
  0x2A03, 0x4AE6, 0x5BA7, 0x5BE7, 0x6CE8, 0x6CE7, 0x6CE7, 0x6CE8, 0x7509, 0x6448, 0x29E3, 0x0841,
  0x0000, 0x0000, 0x0841, 0x0841, 0x0862, 0x1082, 0x1082, 0x0882, 0x1082, 0x1082, 0x1082, 0x1081,
  0x1082, 0x1082, 0x1082, 0x0862, 0x0841, 0x0000, 0x0000, 0x1122, 0x4346, 0x6CC8, 0x6D08, 0x6D08,
  0x7509, 0x6CA8, 0x53A7, 0x42E6, 0x4325, 0x4B46, 0x3263, 0x5C47, 0x6467, 0x6C0E, 0x5B2D, 0x0000,
  0x0861, 0x1082, 0x1082, 0x0861, 0x0861, 0x0861, 0x1082, 0x18C3, 0x18E3, 0x18E3, 0x18C3, 0x18C3,
  0x18C3, 0x18C3, 0x18C3, 0x18C3, 0x18C3, 0x18C3, 0x18C3, 0x18C3, 0x18C3, 0x18C3, 0x18C3, 0x18C3,
  0x18C3, 0x18C3, 0x18C3, 0x18C3, 0x18C3, 0x18C3, 0x18C3, 0x18C3, 0x18C3, 0x18C3, 0x18C3, 0x18C3,
  0x18E3, 0x18E3, 0x18E3, 0x18E3, 0x18E3, 0x18E3, 0x18C3, 0x18C3, 0x18C3, 0x18C3, 0x18E3, 0x10A2,
  0x0861, 0x0861, 0x1082, 0x1082, 0x0841, 0x1082, 0x31E7, 0x42E8, 0x642A, 0x5C28, 0x1181, 0x42A8,
  0x746A, 0x7D07, 0x7528, 0x6CE8, 0x6CC8, 0x74E9, 0x6CA9, 0x4306, 0x10C2, 0x0000, 0x0021, 0x1062,
  0x1061, 0x1082, 0x1082, 0x1082, 0x1082, 0x1082, 0x1082, 0x1082, 0x1082, 0x1082, 0x1082, 0x1082,
  0x1082, 0x1082, 0x1081, 0x1082, 0x1081, 0x0862, 0x0000, 0x0820, 0x29E4, 0x5BE7, 0x6CE8, 0x6CC8,
  0x6CE8, 0x7D49, 0x7527, 0x4346, 0x4B27, 0x5385, 0x3AE4, 0x5BC9, 0x3A68, 0x2965, 0x0861, 0x0861,
  0x1082, 0x1082, 0x1082, 0x1082, 0x1082, 0x0861, 0x0861, 0x18C3, 0x18E3, 0x18C3, 0x18C3, 0x18C3,
  0x18C3, 0x18C3, 0x18C3, 0x18C3, 0x18C3, 0x18C3, 0x18C3, 0x18C3, 0x18C3, 0x18C3, 0x18C3, 0x18C3,
  0x18C3, 0x18C3, 0x18C3, 0x18C3, 0x18C3, 0x18C3, 0x18C3, 0x18C3, 0x18C3, 0x18C3, 0x18C3, 0x18C3,
  0x18E3, 0x18E3, 0x18E3, 0x18E3, 0x18E3, 0x18E3, 0x18E3, 0x18C3, 0x18C3, 0x18E3, 0x18E3, 0x10A2,
  0x0861, 0x0861, 0x0861, 0x0881, 0x0841, 0x0000, 0x0000, 0x10C2, 0x0861, 0x42C9, 0x8D73, 0x6C6C,
  0x6CC7, 0x6CC8, 0x6468, 0x5387, 0x42C6, 0x2183, 0x0000, 0x0000, 0x1062, 0x1081, 0x0881, 0x0882,
  0x1082, 0x1082, 0x1082, 0x1082, 0x1082, 0x1082, 0x1082, 0x1082, 0x1082, 0x1082, 0x1082, 0x1082,
  0x1082, 0x1082, 0x1082, 0x1082, 0x1081, 0x1082, 0x0821, 0x0000, 0x10C2, 0x3A45, 0x4B66, 0x6C68,
  0x74E9, 0x5C46, 0x5BEC, 0x6C71, 0x5348, 0x18E2, 0x0800, 0x0000, 0x0000, 0x1062, 0x0881, 0x0861,
  0x0861, 0x0861, 0x0861, 0x0861, 0x1082, 0x10A2, 0x18C3, 0x18C3, 0x18C3, 0x18C3, 0x18C3, 0x18C3,
  0x18C3, 0x18C3, 0x18C3, 0x18C3, 0x18C3, 0x18C3, 0x18C3, 0x18C3, 0x18C3, 0x18C3, 0x18C3, 0x18C3,
  0x18C3, 0x18C3, 0x18C3, 0x18C3, 0x18C3, 0x18C3, 0x18C3, 0x18C3, 0x18C3, 0x18C3, 0x18E3, 0x18E3,
  0x18E3, 0x18E3, 0x18E3, 0x18E3, 0x18E3, 0x18E3, 0x18E3, 0x18C3, 0x18C3, 0x18E3, 0x18E3, 0x18C3,
  0x10A2, 0x1082, 0x1082, 0x0881, 0x0861, 0x0841, 0x0000, 0x0000, 0x4208, 0x4288, 0x4B07, 0x4B26,
  0x3225, 0x2162, 0x10A1, 0x0021, 0x0000, 0x0841, 0x1082, 0x0861, 0x0881, 0x0881, 0x0862, 0x0861,
  0x1082, 0x1082, 0x1082, 0x1082, 0x1082, 0x1082, 0x1082, 0x1082, 0x1082, 0x1082, 0x1082, 0x1082,
  0x1082, 0x1082, 0x1082, 0x1081, 0x0881, 0x0881, 0x0862, 0x0001, 0x0001, 0x0881, 0x21A3, 0x3AC6,
  0x4B27, 0x3AA6, 0x42C9, 0x2144, 0x0000, 0x0821, 0x0861, 0x0861, 0x0861, 0x0861, 0x0861, 0x1082,
  0x1082, 0x10A2, 0x18C3, 0x18E3, 0x18E3, 0x18E3, 0x18C3, 0x18C3, 0x18C3, 0x18C3, 0x18C3, 0x18C3,
  0x18C3, 0x18C3, 0x18C3, 0x18C3, 0x18C3, 0x18C3, 0x18C3, 0x18C3, 0x18C3, 0x18C3, 0x18C3, 0x18C3,
  0x18C3, 0x18C3, 0x18C3, 0x18C3, 0x18C3, 0x18C3, 0x18C3, 0x18E3, 0x18E3, 0x18E3, 0x18E3, 0x18E3,
  0x18E3, 0x18E3, 0x18E3, 0x18E3, 0x18E3, 0x18E3, 0x18C3, 0x18C3, 0x18C3, 0x18C3, 0x18E3, 0x18E3,
  0x18E3, 0x18E3, 0x18C3, 0x18C3, 0x10A2, 0x1082, 0x1082, 0x0000, 0x0000, 0x0000, 0x0021, 0x0001,
  0x0000, 0x0000, 0x0841, 0x0861, 0x0861, 0x0861, 0x0861, 0x0861, 0x0861, 0x0861, 0x0861, 0x0861,
  0x0861, 0x1082, 0x1082, 0x1082, 0x0861, 0x1082, 0x1082, 0x1082, 0x1082, 0x1082, 0x1082, 0x1082,
  0x1082, 0x1082, 0x1082, 0x1062, 0x1061, 0x0861, 0x0861, 0x0861, 0x0800, 0x0000, 0x0001, 0x0021,
  0x0000, 0x0000, 0x0821, 0x0861, 0x0882, 0x1082, 0x1082, 0x10A2, 0x10A2, 0x18C3, 0x18C3, 0x18C3,
  0x18E3, 0x18E3, 0x18E3, 0x18C3, 0x18C3, 0x18C3, 0x18C3, 0x18C3, 0x18C3, 0x18C3, 0x18C3, 0x18C3,
  0x18C3, 0x18C3, 0x18C3, 0x18C3, 0x18C3, 0x18C3, 0x18C3, 0x18C3, 0x18C3, 0x18C3, 0x18C3, 0x18C3,
  0x18C3, 0x18C3, 0x18C3, 0x18C3, 0x18C3, 0x18C3, 0x18C3, 0x18C3, 0x18C3, 0x18C3, 0x18C3, 0x18C3,
  0x18C3, 0x18C3, 0x18C3, 0x18C3, 0x18C3, 0x18C3, 0x18C3, 0x18C3, 0x18C3, 0x18C3, 0x18E3, 0x18E3,
  0x18E3, 0x18E3, 0x18E3, 0x18E3, 0x18E3, 0x18E3, 0x18C3, 0x18C3, 0x18A3, 0x1082, 0x1082, 0x10A3,
  0x1082, 0x1082, 0x1082, 0x1082, 0x1082, 0x1082, 0x1082, 0x1082, 0x1082, 0x1082, 0x0861, 0x0861,
  0x1082, 0x0861, 0x0861, 0x0861, 0x0861, 0x0861, 0x0861, 0x0861, 0x0861, 0x1082, 0x1082, 0x1082,
  0x1082, 0x1082, 0x1082, 0x1082, 0x1082, 0x1082, 0x1082, 0x1082, 0x1082, 0x1062, 0x1082, 0x10A2,
  0x18C2, 0x18C2, 0x18C3, 0x18C3, 0x18C3, 0x18E3, 0x18E3, 0x18E3, 0x18E3, 0x18E3, 0x18C3, 0x18C3,
  0x18C3, 0x18C3, 0x18C3, 0x18C3, 0x18C3, 0x18C3, 0x18C3, 0x18C3, 0x18C3, 0x18C3, 0x18C3, 0x18C3,
  0x18C3, 0x18C3, 0x18C3, 0x18C3, 0x18C3, 0x18C3, 0x18C3, 0x18C3, 0x18C3, 0x18C3, 0x18C3, 0x18C3,
  0x18C3, 0x18C3, 0x18C3, 0x18C3, 0x18C3, 0x18C3, 0x18C3, 0x18C3, 0x18C3, 0x18C3, 0x18C3, 0x18C3,
  0x18C3, 0x18C3, 0x18C3, 0x18C3, 0x18C3, 0x18C3, 0x18C3, 0x18E3, 0x18E3, 0x18E3, 0x18E3, 0x18E3,
  0x18E3, 0x18C3, 0x18C3, 0x18E3, 0x18E3, 0x18C3, 0x18E3, 0x18E3, 0x20E4, 0x18E3, 0x18E3, 0x18E3,
  0x18E3, 0x18E3, 0x18E3, 0x18E3, 0x18C3, 0x18C3, 0x18C3, 0x18C3, 0x18C3, 0x18C3, 0x18C3, 0x18C3,
  0x18C3, 0x18C3, 0x18C3, 0x18C3, 0x10A2, 0x18C3, 0x18C3, 0x18C3, 0x18C3, 0x18C3, 0x18C3, 0x18C3,
  0x18C3, 0x18C3, 0x18E3, 0x18E3, 0x18C3, 0x18C3, 0x18E3, 0x18E3, 0x18E3, 0x18E3, 0x18E3, 0x18E4,
  0x18E3, 0x18E3, 0x18E3, 0x18E3, 0x18C3, 0x18C3, 0x18C3, 0x18C3, 0x18C3, 0x18C3, 0x18C3, 0x18C3,
  0x18C3, 0x18C3, 0x18C3, 0x18C3, 0x18C3, 0x18C3, 0x18C3, 0x18C3, 0x18C3, 0x18C3, 0x18C3, 0x18E3,
  0x18C3, 0x18C3, 0x18C3, 0x18C3, 0x18C3, 0x18C3, 0x18C3, 0x18C3, 0x18C3, 0x18C3, 0x18C3, 0x18C3,
  0x18C3,
};
const uint8_t kGoblinAlpha[11449] = {
  0, 0, 0, 0, 0, 0, 0, 0, 0, 0, 0, 0, 0, 0, 0, 0, 0, 0, 0, 0, 0, 0, 0, 0,
  0, 0, 0, 0, 0, 0, 0, 0, 0, 0, 0, 0, 0, 0, 0, 0, 0, 0, 0, 0, 0, 0, 0, 0,
  0, 0, 0, 0, 0, 0, 0, 0, 0, 0, 0, 0, 0, 0, 0, 0, 0, 0, 0, 0, 0, 0, 0, 0,
  0, 0, 0, 0, 0, 0, 0, 0, 0, 0, 0, 0, 0, 0, 0, 0, 0, 0, 0, 0, 0, 0, 0, 0,
  0, 0, 0, 0, 0, 0, 0, 0, 0, 0, 0, 0, 0, 0, 0, 0, 0, 0, 0, 0, 0, 0, 0, 0,
  0, 0, 0, 0, 0, 0, 0, 0, 0, 0, 0, 0, 0, 0, 0, 0, 0, 0, 0, 0, 0, 0, 0, 0,
  0, 0, 0, 0, 0, 0, 0, 0, 0, 0, 0, 0, 0, 0, 0, 0, 0, 0, 0, 0, 0, 0, 0, 0,
  0, 0, 0, 0, 0, 0, 0, 0, 0, 0, 0, 0, 0, 0, 0, 0, 0, 0, 0, 0, 255, 0, 0, 0,
  0, 0, 0, 0, 0, 0, 0, 0, 0, 0, 0, 0, 0, 0, 0, 0, 0, 0, 0, 0, 0, 0, 0, 0,
  0, 0, 0, 0, 0, 0, 0, 0, 0, 0, 0, 0, 0, 0, 0, 0, 0, 0, 0, 0, 0, 0, 0, 0,
  0, 0, 0, 0, 0, 0, 0, 0, 0, 0, 0, 0, 0, 0, 0, 0, 0, 0, 0, 0, 0, 0, 0, 0,
  0, 0, 0, 0, 0, 0, 0, 0, 0, 0, 0, 0, 0, 0, 0, 0, 0, 0, 0, 0, 0, 0, 0, 0,
  0, 0, 0, 0, 0, 0, 255, 255, 255, 255, 0, 0, 0, 0, 0, 0, 0, 0, 0, 0, 0, 0, 0, 0,
  0, 0, 0, 0, 0, 0, 0, 0, 0, 0, 0, 0, 0, 0, 0, 0, 0, 0, 0, 0, 0, 0, 0, 0,
  0, 0, 0, 0, 0, 0, 0, 0, 0, 0, 0, 0, 0, 0, 0, 0, 0, 0, 0, 0, 0, 0, 0, 0,
  0, 0, 0, 0, 0, 0, 0, 0, 0, 0, 0, 0, 0, 0, 0, 0, 0, 0, 0, 0, 0, 0, 0, 0,
  0, 0, 0, 0, 0, 0, 0, 0, 0, 0, 0, 0, 0, 0, 0, 0, 255, 255, 255, 255, 0, 0, 0, 0,
  0, 0, 0, 0, 0, 0, 0, 0, 0, 0, 0, 0, 0, 0, 0, 0, 0, 0, 0, 0, 0, 0, 0, 0,
  0, 0, 0, 0, 0, 0, 0, 0, 0, 0, 0, 0, 0, 0, 0, 0, 0, 0, 0, 0, 0, 0, 0, 0,
  0, 0, 0, 0, 0, 0, 0, 0, 0, 0, 0, 0, 0, 0, 0, 0, 0, 0, 0, 0, 0, 0, 0, 0,
  0, 0, 0, 0, 0, 0, 0, 0, 0, 0, 0, 0, 0, 0, 0, 0, 0, 0, 0, 0, 0, 0, 0, 0,
  0, 255, 255, 255, 255, 255, 255, 0, 0, 0, 0, 0, 0, 0, 0, 0, 0, 0, 0, 0, 0, 0, 0, 0,
  0, 0, 0, 0, 0, 0, 0, 0, 0, 0, 0, 0, 0, 0, 0, 0, 0, 0, 0, 0, 0, 0, 0, 0,
  0, 0, 0, 0, 0, 0, 0, 0, 0, 0, 0, 0, 0, 0, 0, 0, 0, 0, 0, 0, 0, 0, 0, 0,
  0, 0, 0, 0, 0, 0, 0, 0, 0, 0, 0, 0, 0, 0, 0, 0, 0, 0, 0, 0, 0, 0, 0, 0,
  0, 0, 0, 0, 0, 0, 0, 0, 0, 0, 0, 255, 255, 255, 255, 255, 255, 0, 0, 0, 0, 0, 0, 0,
  0, 0, 0, 0, 0, 0, 0, 0, 0, 0, 0, 0, 0, 0, 0, 0, 0, 0, 0, 0, 0, 0, 0, 0,
  0, 0, 0, 0, 0, 0, 0, 0, 0, 0, 0, 0, 0, 0, 0, 0, 0, 0, 0, 0, 0, 0, 0, 0,
  0, 0, 0, 0, 0, 0, 0, 0, 0, 0, 0, 0, 0, 0, 0, 0, 0, 0, 0, 0, 0, 0, 0, 0,
  0, 0, 0, 0, 0, 0, 0, 0, 0, 0, 0, 0, 0, 0, 0, 0, 0, 0, 0, 0, 0, 0, 255, 255,
  255, 255, 255, 0, 0, 0, 0, 0, 0, 0, 0, 0, 0, 0, 0, 0, 0, 0, 0, 0, 0, 0, 0, 0,
  0, 0, 0, 0, 0, 0, 0, 0, 0, 0, 0, 0, 0, 0, 0, 0, 0, 0, 0, 0, 0, 0, 0, 0,
  0, 0, 0, 0, 0, 0, 0, 0, 0, 0, 0, 0, 0, 0, 0, 0, 0, 0, 0, 0, 0, 0, 0, 0,
  0, 0, 0, 0, 0, 0, 0, 0, 0, 0, 0, 0, 0, 0, 0, 0, 0, 0, 0, 0, 0, 0, 0, 0,
  0, 0, 0, 0, 0, 0, 0, 0, 255, 255, 255, 255, 255, 0, 0, 0, 0, 0, 0, 0, 0, 0, 0, 0,
  0, 0, 0, 0, 0, 0, 0, 0, 0, 0, 0, 0, 0, 0, 0, 0, 0, 0, 0, 0, 0, 0, 0, 0,
  0, 0, 0, 0, 0, 0, 0, 0, 0, 0, 0, 0, 0, 0, 0, 0, 0, 0, 0, 0, 0, 0, 0, 0,
  0, 0, 0, 0, 0, 0, 0, 0, 0, 0, 0, 0, 0, 0, 0, 0, 0, 0, 0, 0, 0, 0, 0, 0,
  0, 0, 0, 0, 0, 0, 0, 0, 0, 0, 0, 0, 0, 0, 0, 0, 0, 0, 255, 255, 255, 255, 255, 255,
  0, 0, 0, 0, 0, 0, 0, 0, 0, 0, 0, 0, 0, 0, 0, 0, 0, 0, 0, 0, 0, 0, 0, 0,
  0, 0, 0, 0, 255, 255, 255, 255, 0, 255, 255, 0, 0, 0, 0, 0, 0, 0, 0, 0, 0, 0, 0, 0,
  0, 0, 0, 0, 0, 0, 0, 0, 0, 0, 0, 0, 0, 0, 0, 0, 0, 0, 0, 0, 0, 0, 0, 0,
  0, 0, 0, 0, 0, 0, 0, 0, 0, 0, 0, 0, 0, 0, 0, 0, 0, 0, 0, 0, 0, 0, 0, 0,
  0, 0, 0, 0, 255, 255, 255, 255, 255, 255, 0, 0, 0, 0, 0, 0, 0, 0, 0, 0, 0, 0, 0, 0,
  0, 0, 0, 0, 0, 0, 0, 0, 0, 0, 0, 0, 0, 0, 0, 0, 0, 255, 255, 255, 255, 255, 255, 255,
  0, 0, 0, 0, 0, 0, 0, 0, 0, 0, 0, 0, 0, 0, 0, 0, 0, 0, 0, 0, 0, 0, 0, 0,
  0, 0, 0, 0, 0, 0, 0, 0, 0, 0, 0, 0, 0, 0, 0, 0, 0, 0, 0, 0, 0, 0, 0, 0,
  0, 0, 0, 0, 0, 0, 0, 0, 0, 0, 0, 0, 0, 0, 0, 255, 255, 255, 255, 255, 255, 0, 0, 0,
  0, 0, 0, 0, 0, 0, 0, 0, 0, 0, 0, 0, 0, 0, 0, 0, 0, 0, 0, 0, 0, 0, 0, 0,
  0, 0, 0, 0, 255, 255, 255, 255, 255, 255, 255, 255, 255, 0, 0, 0, 0, 0, 0, 0, 0, 0, 0, 0,
  0, 0, 0, 0, 0, 0, 0, 0, 0, 0, 0, 0, 0, 0, 0, 0, 0, 0, 0, 0, 0, 0, 0, 0,
  0, 255, 0, 0, 255, 255, 0, 0, 0, 0, 0, 0, 0, 0, 0, 0, 0, 0, 0, 0, 0, 0, 0, 0,
  255, 255, 255, 255, 255, 255, 255, 255, 0, 0, 0, 0, 0, 0, 0, 0, 0, 0, 0, 0, 0, 0, 0, 0,
  0, 0, 0, 0, 0, 0, 0, 0, 0, 0, 0, 0, 0, 0, 0, 0, 0, 255, 255, 255, 255, 255, 255, 255,
  255, 0, 0, 0, 0, 0, 0, 0, 0, 0, 0, 0, 0, 0, 0, 0, 0, 0, 0, 0, 0, 0, 0, 0,
  0, 0, 0, 0, 0, 0, 0, 0, 0, 0, 255, 255, 255, 255, 255, 255, 255, 255, 0, 0, 0, 0, 0, 0,
  0, 0, 0, 0, 0, 0, 0, 0, 0, 0, 255, 255, 255, 255, 255, 255, 255, 255, 0, 255, 0, 0, 0, 0,
  0, 0, 0, 0, 0, 0, 0, 0, 0, 0, 0, 0, 0, 0, 0, 0, 0, 0, 0, 0, 0, 0, 0, 0,
  0, 0, 0, 0, 0, 255, 255, 255, 255, 255, 255, 255, 255, 255, 0, 0, 0, 0, 0, 0, 0, 0, 0, 0,
  0, 0, 0, 0, 0, 0, 0, 0, 0, 0, 0, 0, 0, 0, 0, 0, 0, 0, 0, 0, 255, 255, 255, 255,
  255, 255, 255, 255, 255, 255, 0, 0, 0, 0, 0, 0, 0, 0, 0, 0, 0, 0, 0, 0, 255, 255, 255, 255,
  255, 255, 255, 255, 255, 0, 0, 0, 0, 0, 0, 0, 0, 0, 0, 0, 0, 0, 0, 0, 0, 0, 0, 0,
  0, 0, 0, 0, 0, 0, 0, 0, 0, 0, 0, 0, 0, 0, 0, 0, 0, 255, 255, 255, 255, 255, 255, 255,
  255, 255, 0, 0, 0, 0, 0, 0, 0, 0, 0, 0, 0, 0, 0, 0, 0, 0, 0, 0, 0, 0, 0, 0,
  0, 0, 0, 255, 0, 0, 255, 255, 255, 255, 255, 255, 255, 255, 255, 255, 255, 255, 255, 0, 0, 0, 0, 0,
  0, 0, 0, 0, 0, 255, 255, 255, 255, 255, 255, 255, 255, 255, 255, 255, 0, 0, 0, 0, 0, 0, 0, 0,
  0, 0, 0, 0, 0, 0, 0, 0, 0, 0, 0, 0, 0, 0, 0, 0, 0, 0, 0, 0, 0, 0, 0, 0,
  0, 0, 0, 0, 255, 255, 255, 255, 255, 255, 255, 255, 255, 0, 255, 0, 0, 0, 0, 0, 0, 0, 0, 0,
  0, 0, 0, 0, 0, 0, 0, 0, 0, 0, 0, 255, 255, 255, 255, 255, 255, 255, 255, 255, 255, 255, 255, 255,
  255, 255, 255, 255, 255, 255, 0, 0, 0, 0, 0, 0, 0, 0, 0, 0, 255, 255, 255, 255, 255, 255, 255, 255,
  255, 255, 255, 255, 0, 0, 0, 0, 0, 0, 0, 0, 0, 0, 0, 0, 0, 0, 0, 0, 0, 0, 0, 0,
  0, 0, 0, 0, 0, 0, 0, 0, 0, 0, 0, 0, 0, 0, 0, 0, 255, 255, 255, 255, 255, 255, 255, 255,
  255, 255, 255, 255, 0, 0, 0, 0, 0, 0, 0, 0, 0, 0, 0, 0, 0, 0, 0, 0, 0, 255, 255, 255,
  255, 255, 255, 255, 255, 255, 255, 255, 255, 255, 255, 255, 255, 255, 255, 255, 0, 0, 0, 0, 0, 0, 0, 0,
  0, 255, 255, 255, 255, 255, 255, 255, 255, 255, 255, 255, 255, 255, 0, 0, 0, 0, 0, 0, 0, 0, 0, 0,
  0, 0, 0, 0, 0, 0, 0, 0, 0, 0, 0, 0, 0, 0, 0, 0, 0, 0, 0, 0, 0, 0, 0, 0,
  0, 0, 0, 0, 255, 255, 255, 255, 255, 255, 255, 255, 255, 255, 255, 255, 255, 0, 0, 0, 0, 0, 0, 0,
  0, 0, 0, 0, 0, 0, 0, 0, 255, 255, 255, 255, 255, 255, 255, 255, 255, 255, 255, 255, 255, 255, 255, 255,
  255, 255, 255, 0, 0, 0, 0, 0, 0, 0, 0, 255, 255, 255, 255, 255, 255, 255, 255, 255, 255, 255, 255, 255,
  255, 0, 0, 0, 0, 0, 0, 0, 0, 0, 0, 0, 0, 0, 0, 0, 0, 0, 0, 0, 0, 0, 0, 0,
  0, 0, 0, 0, 0, 0, 0, 0, 0, 0, 0, 0, 0, 0, 0, 255, 255, 255, 255, 255, 255, 255, 255, 255,
  255, 255, 255, 255, 255, 255, 0, 0, 0, 0, 0, 0, 0, 0, 0, 0, 0, 0, 255, 255, 255, 255, 255, 255,
  255, 255, 255, 255, 255, 255, 255, 255, 255, 255, 255, 255, 255, 255, 255, 255, 255, 0, 255, 0, 255, 0, 255, 255,
  255, 255, 255, 255, 255, 255, 255, 255, 255, 255, 255, 255, 0, 0, 0, 0, 0, 0, 0, 0, 0, 0, 0, 0,
  0, 0, 0, 0, 0, 0, 0, 0, 0, 0, 0, 0, 0, 0, 0, 0, 0, 0, 0, 0, 0, 0, 0, 0,
  0, 0, 255, 255, 255, 255, 255, 255, 255, 255, 255, 255, 255, 255, 255, 255, 255, 255, 255, 0, 0, 0, 0, 0,
  0, 0, 255, 255, 0, 255, 255, 255, 255, 255, 255, 255, 255, 255, 255, 255, 255, 255, 255, 255, 255, 255, 255, 255,
  255, 255, 255, 255, 0, 255, 255, 255, 255, 255, 255, 255, 255, 255, 255, 255, 255, 255, 255, 255, 255, 255, 255, 0,
  0, 0, 0, 0, 0, 0, 0, 0, 0, 0, 0, 0, 0, 0, 0, 0, 0, 0, 0, 0, 0, 0, 0, 0,
  0, 0, 0, 0, 0, 0, 0, 0, 0, 0, 0, 0, 0, 0, 255, 255, 255, 255, 255, 255, 255, 255, 255, 255,
  255, 255, 255, 255, 255, 255, 255, 255, 255, 0, 0, 0, 0, 0, 0, 255, 255, 255, 255, 255, 255, 255, 255, 255,
  255, 255, 255, 255, 255, 255, 255, 255, 255, 255, 255, 255, 255, 255, 255, 255, 255, 255, 255, 255, 255, 255, 255, 255,
  255, 255, 255, 255, 255, 255, 255, 255, 255, 255, 0, 0, 0, 0, 0, 0, 0, 0, 0, 0, 0, 0, 0, 0,
  0, 0, 0, 0, 0, 0, 0, 0, 0, 0, 0, 0, 0, 0, 0, 0, 0, 0, 0, 0, 0, 0, 0, 0,
  0, 255, 255, 255, 255, 255, 255, 255, 255, 255, 255, 255, 255, 255, 255, 255, 255, 255, 255, 0, 0, 255, 0, 0,
  255, 255, 255, 255, 255, 255, 255, 255, 255, 255, 255, 255, 255, 255, 255, 255, 255, 255, 255, 255, 255, 255, 255, 255,
  255, 255, 255, 255, 255, 255, 255, 255, 255, 255, 255, 255, 255, 255, 255, 255, 255, 255, 255, 255, 255, 255, 0, 0,
  0, 0, 0, 0, 0, 0, 0, 0, 0, 0, 0, 0, 0, 0, 0, 0, 0, 0, 0, 0, 0, 0, 0, 0,
  0, 0, 0, 0, 0, 0, 0, 0, 0, 0, 0, 0, 0, 255, 255, 255, 255, 255, 255, 255, 255, 255, 255, 255,
  255, 255, 255, 255, 255, 255, 255, 255, 255, 255, 255, 255, 255, 255, 255, 255, 255, 255, 255, 255, 255, 255, 255, 255,
  255, 255, 255, 255, 255, 255, 255, 255, 255, 255, 255, 255, 255, 255, 255, 255, 255, 255, 255, 255, 255, 255, 255, 255,
  255, 255, 255, 255, 255, 255, 255, 255, 255, 0, 0, 0, 0, 0, 0, 0, 0, 0, 0, 0, 0, 0, 0, 0,
  0, 0, 0, 0, 0, 0, 0, 0, 0, 0, 0, 0, 0, 0, 0, 0, 0, 0, 0, 0, 0, 0, 0, 0,
  0, 0, 255, 255, 255, 255, 255, 255, 255, 255, 255, 255, 255, 255, 255, 255, 255, 255, 255, 255, 255, 255, 255, 255,
  255, 255, 255, 255, 255, 255, 255, 255, 255, 255, 255, 255, 255, 255, 255, 255, 255, 255, 255, 255, 255, 255, 255, 255,
  255, 255, 255, 255, 255, 255, 255, 255, 255, 255, 255, 255, 255, 255, 255, 255, 255, 255, 0, 255, 0, 0, 0, 0,
  0, 0, 0, 0, 0, 0, 0, 0, 0, 0, 0, 0, 0, 0, 0, 0, 0, 0, 0, 0, 0, 0, 0, 0,
  0, 0, 0, 0, 0, 0, 0, 0, 0, 0, 0, 0, 255, 255, 255, 255, 255, 255, 255, 255, 255, 255, 255, 255,
  255, 255, 255, 255, 255, 255, 255, 255, 255, 255, 255, 255, 255, 255, 255, 255, 255, 255, 255, 255, 255, 255, 255, 255,
  255, 255, 255, 255, 255, 255, 255, 255, 255, 255, 255, 255, 255, 255, 255, 255, 255, 255, 255, 255, 255, 255, 255, 255,
  255, 255, 255, 255, 255, 0, 0, 0, 0, 0, 0, 0, 0, 0, 0, 0, 0, 0, 0, 0, 0, 0, 0, 0,
  0, 0, 0, 0, 0, 0, 0, 0, 0, 0, 0, 0, 0, 0, 0, 0, 0, 0, 0, 0, 0, 0, 0, 255,
  255, 255, 255, 255, 255, 255, 255, 255, 255, 255, 255, 255, 255, 255, 255, 255, 255, 255, 255, 255, 255, 255, 255, 255,
  255, 255, 255, 255, 255, 255, 255, 255, 255, 255, 255, 255, 255, 255, 255, 255, 255, 255, 255, 255, 255, 255, 255, 255,
  255, 255, 255, 255, 255, 255, 255, 255, 255, 255, 255, 255, 255, 255, 255, 255, 0, 0, 0, 0, 0, 0, 0, 0,
  0, 0, 0, 0, 0, 0, 0, 0, 0, 0, 0, 0, 0, 0, 0, 0, 0, 0, 0, 0, 0, 0, 0, 0,
  0, 0, 0, 0, 0, 0, 0, 0, 0, 0, 0, 255, 255, 255, 255, 255, 255, 255, 255, 255, 255, 255, 255, 255,
  255, 255, 255, 255, 255, 255, 255, 255, 255, 255, 255, 255, 255, 255, 255, 255, 255, 255, 255, 255, 255, 255, 255, 255,
  255, 255, 255, 255, 255, 255, 255, 255, 255, 255, 255, 255, 255, 255, 255, 255, 255, 255, 255, 255, 255, 255, 255, 255,
  255, 255, 255, 255, 0, 0, 0, 0, 0, 0, 0, 0, 0, 0, 0, 255, 0, 0, 0, 0, 0, 0, 255, 0,
  0, 0, 0, 0, 0, 0, 0, 0, 0, 0, 0, 0, 0, 0, 0, 0, 0, 0, 0, 0, 0, 0, 255, 255,
  255, 255, 255, 255, 255, 255, 255, 255, 255, 255, 255, 255, 255, 255, 255, 255, 255, 255, 255, 255, 255, 255, 255, 255,
  255, 255, 255, 255, 255, 255, 255, 255, 255, 255, 255, 255, 255, 255, 255, 255, 255, 255, 255, 255, 255, 255, 255, 255,
  255, 255, 255, 255, 255, 255, 255, 255, 255, 255, 255, 255, 255, 255, 255, 0, 0, 0, 0, 0, 0, 0, 0, 0,
  0, 255, 255, 0, 0, 0, 0, 0, 255, 255, 0, 0, 0, 0, 0, 0, 0, 0, 0, 0, 0, 0, 0, 0,
  0, 0, 0, 0, 0, 0, 0, 0, 0, 255, 255, 255, 255, 255, 255, 255, 255, 255, 255, 255, 255, 255, 255, 255,
  255, 255, 255, 255, 255, 255, 255, 255, 255, 255, 255, 255, 255, 255, 255, 255, 255, 255, 255, 255, 255, 255, 255, 255,
  255, 255, 255, 255, 255, 255, 255, 255, 255, 255, 255, 255, 255, 255, 255, 255, 255, 255, 255, 255, 255, 255, 255, 255,
  0, 0, 0, 0, 0, 0, 0, 0, 0, 0, 0, 0, 255, 255, 255, 0, 0, 0, 0, 255, 255, 0, 0, 0,
  0, 0, 0, 0, 0, 0, 0, 0, 0, 0, 0, 0, 0, 0, 0, 0, 0, 0, 0, 0, 255, 255, 255, 255,
  255, 255, 255, 255, 255, 255, 255, 255, 255, 255, 255, 255, 255, 255, 255, 255, 255, 255, 255, 255, 255, 255, 255, 255,
  255, 255, 255, 255, 255, 255, 255, 255, 255, 255, 255, 255, 255, 255, 255, 255, 255, 255, 255, 255, 255, 255, 255, 255,
  255, 255, 255, 255, 255, 255, 255, 255, 255, 255, 255, 255, 0, 0, 0, 0, 0, 0, 0, 0, 0, 255, 255, 255,
  255, 255, 0, 0, 0, 255, 255, 255, 0, 0, 0, 0, 0, 0, 255, 0, 0, 0, 0, 0, 0, 0, 0, 0,
  0, 0, 0, 0, 0, 0, 0, 0, 255, 255, 255, 255, 255, 255, 255, 255, 255, 255, 255, 255, 255, 255, 255, 255,
  255, 255, 255, 255, 255, 255, 255, 255, 255, 255, 255, 255, 255, 255, 255, 255, 255, 255, 255, 255, 255, 255, 255, 255,
  255, 255, 255, 255, 255, 255, 255, 255, 255, 255, 255, 255, 255, 255, 255, 255, 255, 255, 255, 255, 255, 255, 255, 0,
  0, 0, 0, 0, 0, 0, 255, 255, 255, 255, 255, 255, 255, 0, 255, 0, 255, 255, 255, 255, 255, 255, 255, 255,
  255, 0, 0, 0, 0, 0, 0, 0, 0, 0, 0, 0, 0, 0, 0, 0, 0, 0, 0, 0, 255, 255, 255, 255,
  255, 255, 255, 255, 255, 255, 255, 255, 255, 255, 255, 255, 255, 255, 255, 255, 255, 255, 255, 255, 255, 255, 255, 255,
  255, 255, 255, 255, 255, 255, 255, 255, 255, 255, 255, 255, 255, 255, 255, 255, 255, 255, 255, 255, 255, 255, 255, 255,
  255, 255, 255, 255, 255, 255, 255, 255, 255, 255, 0, 0, 0, 0, 0, 0, 255, 255, 255, 255, 255, 255, 255, 255,
  255, 255, 255, 255, 255, 255, 255, 255, 255, 255, 255, 255, 0, 0, 0, 0, 0, 0, 0, 0, 0, 0, 0, 0,
  0, 0, 0, 0, 0, 0, 0, 255, 255, 255, 255, 255, 255, 255, 255, 255, 255, 255, 255, 255, 255, 255, 255, 255,
  255, 255, 255, 255, 255, 255, 255, 255, 255, 255, 255, 255, 255, 255, 255, 255, 255, 255, 255, 255, 255, 255, 255, 255,
  255, 255, 255, 255, 255, 255, 255, 255, 255, 255, 255, 255, 255, 255, 255, 255, 255, 255, 255, 255, 0, 0, 0, 0,
  0, 0, 255, 255, 255, 255, 255, 255, 255, 255, 255, 255, 255, 255, 255, 255, 255, 255, 255, 255, 255, 255, 255, 0,
  0, 0, 0, 0, 0, 0, 0, 0, 0, 0, 0, 0, 0, 0, 0, 0, 0, 0, 255, 255, 255, 255, 255, 255,
  255, 255, 255, 255, 255, 255, 255, 255, 255, 255, 255, 255, 255, 255, 255, 255, 255, 255, 255, 255, 255, 255, 255, 255,
  255, 255, 255, 255, 255, 255, 255, 255, 255, 255, 255, 255, 255, 255, 255, 255, 255, 255, 255, 255, 255, 255, 255, 255,
  255, 255, 255, 255, 255, 255, 255, 0, 0, 0, 0, 255, 255, 255, 255, 255, 255, 255, 255, 255, 255, 255, 255, 255,
  255, 255, 255, 255, 255, 255, 255, 255, 255, 255, 255, 0, 0, 0, 0, 0, 0, 0, 0, 0, 0, 0, 0, 0,
  0, 0, 0, 0, 0, 0, 255, 255, 255, 255, 255, 255, 255, 255, 255, 255, 255, 255, 255, 255, 255, 255, 255, 255,
  255, 255, 255, 255, 255, 255, 255, 255, 255, 255, 255, 255, 255, 255, 255, 255, 255, 255, 255, 255, 255, 255, 255, 255,
  255, 255, 255, 255, 255, 255, 255, 255, 255, 255, 255, 255, 255, 255, 255, 255, 255, 0, 0, 255, 255, 0, 255, 255,
  255, 255, 255, 255, 255, 255, 255, 255, 255, 255, 255, 255, 255, 255, 255, 255, 255, 255, 255, 255, 255, 255, 0, 0,
  0, 0, 0, 0, 0, 0, 0, 0, 0, 0, 0, 0, 0, 0, 0, 0, 0, 255, 255, 255, 255, 255, 255, 255,
  255, 255, 255, 255, 255, 255, 255, 255, 255, 255, 255, 255, 255, 255, 255, 255, 255, 255, 255, 255, 255, 255, 255, 255,
  255, 255, 255, 255, 255, 255, 255, 255, 255, 255, 255, 255, 255, 255, 255, 255, 255, 255, 255, 255, 255, 255, 255, 255,
  255, 255, 255, 255, 255, 255, 255, 255, 255, 255, 255, 255, 255, 255, 255, 255, 255, 255, 255, 255, 255, 255, 255, 255,
  255, 255, 255, 255, 255, 255, 255, 255, 255, 255, 0, 0, 0, 0, 0, 0, 0, 0, 0, 0, 0, 0, 0, 0,
  0, 0, 0, 0, 0, 255, 255, 255, 255, 255, 255, 255, 255, 255, 255, 255, 255, 255, 255, 255, 255, 255, 255, 255,
  255, 255, 255, 255, 255, 255, 255, 255, 255, 255, 255, 255, 255, 255, 255, 255, 255, 255, 255, 255, 255, 255, 255, 255,
  255, 255, 255, 255, 255, 255, 255, 255, 255, 255, 255, 255, 255, 255, 255, 255, 255, 255, 255, 255, 255, 255, 255, 255,
  255, 255, 255, 255, 255, 255, 255, 255, 255, 255, 255, 255, 255, 255, 255, 255, 255, 255, 255, 255, 255, 0, 0, 0,
  0, 0, 0, 0, 0, 0, 0, 0, 0, 0, 0, 0, 0, 0, 0, 0, 255, 255, 255, 255, 255, 255, 255, 255,
  255, 255, 255, 255, 255, 255, 255, 255, 255, 255, 255, 255, 255, 255, 255, 255, 255, 255, 255, 255, 255, 255, 255, 255,
  255, 255, 255, 255, 255, 255, 255, 255, 255, 255, 255, 255, 255, 255, 255, 255, 255, 255, 255, 255, 255, 255, 255, 255,
  255, 255, 255, 255, 255, 255, 255, 255, 255, 255, 255, 255, 255, 255, 255, 255, 255, 255, 255, 255, 255, 255, 255, 255,
  255, 255, 255, 255, 255, 255, 255, 255, 0, 0, 0, 0, 0, 0, 0, 0, 0, 0, 0, 0, 0, 0, 0, 0,
  0, 0, 0, 0, 255, 255, 255, 255, 255, 255, 255, 255, 255, 255, 255, 255, 255, 255, 255, 255, 255, 255, 255, 255,
  255, 255, 255, 255, 255, 255, 255, 255, 255, 255, 255, 255, 255, 255, 255, 255, 255, 255, 255, 255, 255, 255, 255, 255,
  255, 255, 255, 255, 255, 255, 255, 255, 255, 255, 255, 255, 255, 255, 255, 255, 255, 255, 255, 255, 255, 255, 255, 255,
  255, 255, 255, 255, 255, 255, 255, 255, 255, 255, 255, 255, 255, 255, 255, 255, 255, 255, 255, 0, 0, 0, 0, 0,
  0, 0, 0, 0, 0, 0, 0, 0, 0, 0, 0, 0, 0, 0, 0, 0, 255, 255, 255, 255, 255, 255, 255, 255,
  255, 255, 255, 255, 255, 255, 255, 255, 255, 255, 255, 255, 255, 255, 255, 255, 255, 255, 255, 255, 255, 255, 255, 255,
  255, 255, 255, 255, 255, 255, 255, 255, 255, 255, 255, 255, 255, 255, 255, 255, 255, 255, 255, 255, 255, 255, 255, 255,
  255, 255, 255, 255, 255, 255, 255, 255, 255, 255, 255, 255, 255, 255, 255, 255, 255, 255, 255, 255, 255, 255, 255, 255,
  255, 255, 255, 255, 255, 255, 0, 0, 0, 0, 0, 0, 0, 0, 0, 0, 0, 0, 0, 0, 0, 0, 0, 0,
  0, 0, 0, 0, 255, 255, 255, 255, 255, 255, 255, 255, 255, 255, 255, 255, 255, 255, 255, 255, 255, 255, 255, 255,
  255, 255, 255, 255, 255, 255, 255, 255, 255, 255, 255, 255, 255, 255, 255, 255, 255, 255, 255, 255, 255, 255, 255, 255,
  255, 255, 255, 255, 255, 255, 255, 255, 255, 255, 255, 255, 255, 255, 255, 255, 255, 255, 255, 255, 255, 255, 255, 255,
  255, 255, 255, 255, 255, 255, 255, 255, 255, 255, 255, 255, 255, 255, 255, 255, 255, 0, 0, 0, 0, 0, 0, 0,
  0, 0, 0, 0, 0, 0, 0, 0, 0, 0, 0, 0, 0, 0, 0, 0, 0, 255, 255, 255, 255, 255, 255, 255,
  255, 255, 255, 255, 255, 255, 255, 255, 255, 255, 255, 255, 255, 255, 255, 255, 255, 255, 255, 255, 255, 255, 255, 255,
  255, 255, 255, 255, 255, 255, 255, 255, 255, 255, 255, 255, 255, 255, 255, 255, 255, 255, 255, 255, 255, 255, 255, 255,
  255, 255, 255, 255, 255, 255, 255, 255, 255, 255, 255, 255, 255, 255, 255, 255, 255, 255, 255, 255, 255, 255, 255, 255,
  255, 255, 255, 0, 0, 0, 0, 0, 0, 0, 0, 0, 0, 0, 0, 0, 0, 0, 0, 0, 0, 0, 0, 0,
  0, 0, 0, 255, 255, 255, 255, 255, 255, 255, 255, 255, 255, 255, 255, 255, 255, 255, 255, 255, 255, 255, 255, 255,
  255, 255, 255, 255, 255, 255, 255, 255, 255, 255, 255, 255, 255, 255, 255, 255, 255, 255, 255, 255, 255, 255, 255, 255,
  255, 255, 255, 255, 255, 255, 255, 255, 255, 255, 255, 255, 255, 255, 255, 255, 255, 255, 255, 255, 255, 255, 255, 255,
  255, 255, 255, 255, 255, 255, 255, 255, 255, 255, 255, 255, 255, 255, 255, 0, 0, 0, 0, 0, 0, 0, 0, 0,
  0, 0, 0, 0, 0, 0, 0, 0, 0, 0, 0, 0, 0, 0, 0, 0, 255, 0, 255, 255, 255, 255, 255, 255,
  255, 255, 255, 255, 255, 255, 255, 255, 255, 255, 255, 255, 255, 255, 255, 255, 255, 255, 255, 255, 255, 255, 255, 255,
  255, 255, 255, 255, 255, 255, 255, 255, 255, 255, 255, 255, 255, 255, 255, 255, 255, 255, 255, 255, 255, 255, 255, 255,
  255, 255, 255, 255, 255, 255, 255, 255, 255, 255, 255, 255, 255, 255, 255, 255, 255, 255, 255, 255, 255, 255, 255, 255,
  255, 255, 0, 0, 0, 0, 0, 0, 0, 0, 0, 0, 0, 0, 0, 0, 0, 0, 0, 0, 0, 0, 0, 0,
  0, 0, 0, 0, 0, 255, 255, 255, 255, 255, 255, 255, 255, 255, 255, 255, 255, 255, 255, 255, 255, 255, 255, 255,
  255, 255, 255, 255, 255, 255, 255, 255, 255, 255, 255, 255, 255, 255, 255, 255, 255, 255, 255, 255, 255, 255, 255, 255,
  255, 255, 255, 255, 255, 255, 255, 255, 255, 255, 255, 255, 255, 255, 255, 255, 255, 255, 255, 255, 255, 255, 255, 255,
  255, 255, 255, 255, 255, 255, 255, 255, 255, 255, 255, 0, 255, 255, 0, 0, 0, 0, 0, 0, 0, 0, 0, 0,
  0, 0, 0, 0, 0, 0, 0, 0, 0, 0, 0, 0, 0, 0, 0, 0, 0, 255, 255, 255, 255, 255, 255, 255,
  255, 255, 255, 255, 255, 255, 255, 255, 255, 255, 255, 255, 255, 255, 255, 255, 255, 255, 255, 255, 255, 255, 255, 255,
  255, 255, 255, 255, 255, 255, 255, 255, 255, 255, 255, 255, 255, 255, 255, 255, 255, 255, 255, 255, 255, 255, 255, 255,
  255, 255, 255, 255, 255, 255, 255, 255, 255, 255, 255, 255, 255, 255, 255, 255, 255, 255, 255, 255, 0, 0, 0, 0,
  0, 0, 0, 0, 0, 0, 0, 0, 0, 0, 0, 0, 0, 0, 0, 0, 0, 0, 0, 0, 0, 0, 0, 0,
  0, 0, 0, 0, 255, 255, 255, 255, 255, 255, 255, 255, 255, 255, 255, 255, 255, 255, 255, 255, 255, 255, 255, 255,
  255, 255, 255, 255, 255, 255, 255, 255, 255, 255, 255, 255, 255, 255, 255, 255, 255, 255, 255, 255, 255, 255, 255, 255,
  255, 255, 255, 255, 255, 255, 255, 255, 255, 255, 255, 255, 255, 255, 255, 255, 255, 255, 255, 255, 255, 255, 255, 255,
  255, 255, 255, 255, 255, 255, 255, 0, 0, 0, 0, 0, 0, 0, 0, 0, 0, 0, 0, 0, 0, 0, 0, 0,
  0, 0, 0, 0, 0, 0, 0, 0, 0, 0, 0, 0, 0, 0, 0, 255, 255, 255, 255, 255, 255, 255, 255, 255,
  255, 255, 255, 255, 255, 255, 255, 255, 255, 255, 255, 255, 255, 255, 255, 255, 255, 255, 255, 255, 255, 255, 255, 255,
  255, 255, 255, 255, 255, 255, 255, 255, 255, 255, 255, 255, 255, 255, 255, 255, 255, 255, 255, 255, 255, 255, 255, 255,
  255, 255, 255, 255, 255, 255, 255, 255, 255, 255, 255, 255, 255, 255, 255, 255, 255, 255, 0, 0, 0, 0, 0, 0,
  0, 0, 0, 0, 0, 0, 0, 0, 0, 0, 0, 0, 0, 0, 0, 0, 0, 0, 0, 0, 0, 0, 0, 0,
  0, 0, 255, 255, 255, 255, 255, 255, 255, 255, 255, 255, 255, 255, 255, 255, 255, 255, 255, 255, 255, 255, 255, 255,
  255, 255, 255, 255, 255, 255, 255, 255, 255, 255, 255, 255, 255, 255, 255, 255, 255, 255, 255, 255, 255, 255, 255, 255,
  255, 255, 255, 255, 255, 255, 255, 255, 255, 255, 255, 255, 255, 255, 255, 255, 255, 255, 255, 255, 255, 255, 255, 255,
  255, 255, 255, 255, 0, 0, 0, 0, 0, 0, 0, 0, 0, 0, 0, 0, 0, 0, 0, 0, 0, 0, 0, 0,
  0, 0, 0, 0, 0, 0, 0, 0, 0, 0, 0, 0, 0, 0, 255, 255, 255, 255, 255, 255, 255, 255, 255, 255,
  255, 255, 255, 255, 255, 255, 255, 255, 255, 255, 255, 255, 255, 255, 255, 255, 255, 255, 255, 255, 255, 255, 255, 255,
  255, 255, 255, 255, 255, 255, 255, 255, 255, 255, 255, 255, 255, 255, 255, 255, 255, 255, 255, 255, 255, 255, 255, 255,
  255, 255, 255, 255, 255, 255, 255, 255, 255, 255, 255, 255, 255, 255, 255, 255, 0, 0, 0, 0, 0, 0, 0, 0,
  0, 0, 0, 0, 0, 0, 0, 0, 0, 0, 0, 0, 0, 0, 0, 0, 0, 0, 0, 0, 0, 0, 0, 0,
  0, 0, 255, 255, 255, 255, 255, 255, 255, 255, 255, 255, 255, 255, 255, 255, 255, 255, 255, 255, 255, 255, 255, 255,
  255, 255, 255, 255, 255, 255, 255, 255, 255, 255, 255, 255, 255, 255, 255, 255, 255, 255, 255, 255, 255, 255, 255, 255,
  255, 255, 255, 255, 255, 255, 255, 255, 255, 255, 255, 255, 255, 255, 255, 255, 255, 255, 255, 255, 255, 255, 255, 255,
  255, 255, 255, 0, 0, 0, 0, 0, 0, 0, 0, 0, 0, 0, 0, 0, 0, 0, 0, 0, 0, 0, 0, 0,
  0, 0, 0, 0, 0, 0, 0, 0, 0, 0, 0, 0, 0, 0, 255, 0, 255, 255, 255, 255, 255, 255, 255, 255,
  255, 255, 255, 255, 255, 255, 255, 255, 255, 255, 255, 255, 255, 255, 255, 255, 255, 255, 255, 255, 255, 255, 255, 255,
  255, 255, 255, 255, 255, 255, 255, 255, 255, 255, 255, 255, 255, 255, 255, 255, 255, 255, 255, 255, 255, 255, 255, 255,
  255, 255, 255, 255, 255, 255, 255, 255, 255, 255, 255, 255, 255, 255, 0, 0, 0, 0, 0, 0, 0, 0, 0, 0,
  0, 0, 0, 0, 0, 0, 0, 0, 0, 0, 0, 0, 0, 255, 255, 0, 0, 0, 0, 255, 255, 0, 0, 0,
  0, 0, 0, 255, 0, 255, 255, 255, 255, 255, 255, 255, 255, 255, 255, 255, 255, 255, 255, 255, 255, 255, 255, 255,
  255, 255, 255, 255, 255, 255, 255, 255, 255, 255, 255, 255, 255, 255, 255, 255, 255, 255, 255, 255, 255, 255, 255, 255,
  255, 255, 255, 255, 255, 255, 255, 255, 255, 255, 255, 255, 255, 255, 255, 255, 255, 255, 255, 255, 255, 255, 255, 255,
  255, 0, 0, 0, 0, 0, 0, 0, 0, 0, 0, 0, 0, 0, 0, 0, 0, 0, 0, 0, 0, 0, 0, 255,
  255, 255, 255, 255, 0, 255, 255, 255, 0, 0, 0, 0, 0, 0, 0, 0, 255, 255, 255, 255, 255, 255, 255, 255,
  255, 255, 255, 255, 255, 255, 255, 255, 255, 255, 255, 255, 255, 255, 255, 255, 255, 255, 255, 255, 255, 255, 255, 255,
  255, 255, 255, 255, 255, 255, 255, 255, 255, 255, 255, 255, 255, 255, 255, 255, 255, 255, 255, 255, 255, 255, 255, 255,
  255, 255, 255, 255, 255, 255, 255, 255, 255, 255, 255, 255, 0, 0, 0, 0, 0, 0, 0, 0, 0, 0, 0, 0,
  0, 0, 0, 0, 0, 0, 0, 0, 0, 255, 255, 255, 255, 255, 255, 255, 255, 255, 255, 255, 0, 0, 0, 0,
  0, 0, 0, 0, 255, 255, 255, 255, 255, 255, 255, 255, 255, 255, 255, 255, 255, 255, 255, 255, 255, 255, 255, 255,
  255, 255, 255, 255, 255, 255, 255, 255, 255, 255, 255, 255, 255, 255, 255, 255, 255, 255, 255, 255, 255, 255, 255, 255,
  255, 255, 255, 255, 255, 255, 255, 255, 255, 255, 255, 255, 255, 255, 255, 255, 255, 255, 255, 255, 255, 0, 0, 0,
  0, 0, 0, 0, 0, 0, 0, 0, 0, 0, 0, 0, 0, 0, 0, 0, 0, 0, 0, 255, 255, 255, 255, 255,
  255, 255, 255, 255, 255, 255, 255, 0, 0, 0, 0, 0, 0, 0, 0, 255, 255, 255, 255, 255, 255, 255, 255, 255,
  255, 255, 255, 255, 255, 255, 255, 255, 255, 255, 255, 255, 255, 255, 255, 255, 255, 255, 255, 255, 255, 255, 255, 255,
  255, 255, 255, 255, 255, 255, 255, 255, 255, 255, 255, 255, 255, 255, 255, 255, 255, 255, 255, 255, 255, 255, 255, 255,
  255, 255, 255, 255, 255, 255, 255, 255, 0, 0, 0, 0, 0, 0, 0, 0, 0, 0, 0, 0, 0, 0, 0, 0,
  0, 0, 0, 0, 0, 0, 255, 255, 255, 255, 255, 255, 255, 255, 255, 255, 255, 255, 255, 255, 0, 0, 0, 0,
  255, 255, 255, 255, 255, 255, 255, 255, 255, 255, 255, 255, 255, 255, 255, 255, 255, 255, 255, 255, 255, 255, 255, 255,
  255, 255, 255, 255, 255, 255, 255, 255, 255, 255, 255, 255, 255, 255, 255, 255, 255, 255, 255, 255, 255, 255, 255, 255,
  255, 255, 255, 255, 255, 255, 255, 255, 255, 255, 255, 255, 255, 255, 255, 255, 255, 255, 255, 255, 0, 0, 0, 0,
  0, 0, 0, 0, 0, 0, 0, 0, 0, 0, 0, 0, 0, 0, 0, 0, 0, 255, 255, 255, 255, 255, 255, 255,
  255, 255, 255, 255, 255, 255, 0, 0, 0, 0, 255, 255, 255, 255, 255, 255, 255, 255, 255, 255, 255, 255, 255, 255,
  255, 255, 255, 255, 255, 255, 255, 255, 255, 255, 255, 255, 255, 255, 255, 255, 255, 255, 255, 255, 255, 255, 255, 255,
  255, 255, 255, 255, 255, 255, 255, 255, 255, 255, 255, 255, 255, 255, 255, 255, 255, 255, 255, 255, 255, 255, 255, 255,
  255, 255, 255, 0, 0, 255, 0, 0, 0, 0, 0, 0, 0, 0, 0, 0, 0, 0, 0, 0, 0, 0, 0, 0,
  0, 0, 0, 255, 255, 255, 255, 255, 255, 255, 255, 255, 255, 255, 255, 255, 255, 255, 0, 0, 0, 255, 255, 255,
  255, 255, 255, 255, 255, 255, 255, 255, 255, 255, 255, 255, 255, 255, 255, 255, 255, 255, 255, 255, 255, 255, 255, 255,
  255, 255, 255, 255, 255, 255, 255, 255, 255, 255, 255, 255, 255, 255, 255, 255, 255, 255, 255, 255, 255, 255, 255, 255,
  255, 255, 255, 255, 255, 255, 255, 255, 0, 0, 0, 0, 255, 255, 0, 0, 0, 0, 0, 0, 0, 0, 0, 0,
  0, 0, 0, 0, 0, 0, 0, 0, 0, 0, 0, 0, 0, 0, 255, 255, 255, 255, 255, 255, 255, 255, 255, 255,
  255, 255, 255, 255, 0, 0, 0, 255, 255, 255, 255, 255, 255, 255, 255, 255, 255, 255, 255, 255, 255, 255, 255, 255,
  255, 255, 255, 255, 255, 255, 255, 255, 255, 255, 255, 255, 255, 255, 255, 255, 255, 255, 255, 255, 255, 255, 255, 255,
  255, 255, 255, 255, 255, 255, 255, 255, 255, 255, 255, 255, 255, 255, 255, 255, 255, 255, 255, 0, 0, 0, 0, 0,
  0, 0, 0, 0, 0, 0, 0, 0, 0, 0, 0, 0, 0, 0, 0, 0, 0, 0, 0, 0, 0, 0, 0, 0,
  0, 255, 255, 255, 255, 255, 255, 255, 255, 255, 255, 255, 255, 255, 255, 0, 0, 0, 255, 255, 255, 255, 255, 255,
  255, 255, 255, 255, 255, 255, 255, 255, 255, 255, 255, 255, 255, 255, 255, 255, 255, 255, 255, 255, 255, 255, 255, 255,
  255, 255, 255, 255, 255, 255, 255, 255, 255, 255, 255, 255, 255, 255, 255, 255, 255, 255, 255, 255, 255, 255, 255, 255,
  255, 255, 255, 255, 255, 255, 0, 0, 0, 0, 0, 0, 0, 0, 0, 0, 0, 0, 0, 0, 0, 0, 0, 0,
  0, 0, 0, 0, 0, 0, 0, 0, 0, 0, 0, 0, 255, 255, 255, 255, 255, 255, 255, 255, 255, 255, 255, 255,
  0, 0, 0, 0, 255, 255, 255, 255, 255, 255, 255, 255, 255, 255, 255, 255, 255, 255, 255, 255, 255, 255, 255, 255,
  255, 255, 255, 255, 255, 255, 255, 255, 255, 255, 255, 255, 255, 255, 255, 255, 255, 255, 255, 255, 255, 255, 255, 255,
  255, 255, 255, 255, 255, 255, 255, 255, 255, 255, 255, 255, 255, 255, 255, 255, 0, 0, 0, 0, 0, 0, 0, 0,
  0, 0, 0, 0, 0, 0, 0, 0, 0, 0, 0, 0, 0, 0, 0, 0, 0, 0, 0, 0, 0, 0, 255, 255,
  255, 255, 255, 255, 255, 255, 255, 255, 255, 255, 255, 255, 255, 0, 255, 255, 255, 255, 255, 255, 255, 255, 255, 255,
  255, 255, 255, 255, 255, 255, 255, 255, 255, 255, 255, 255, 255, 255, 255, 255, 255, 255, 255, 255, 255, 255, 255, 255,
  255, 255, 255, 255, 255, 255, 255, 255, 255, 255, 255, 255, 255, 255, 255, 255, 255, 255, 255, 255, 255, 255, 255, 255,
  0, 255, 255, 0, 0, 0, 0, 0, 0, 0, 0, 0, 0, 0, 0, 0, 0, 0, 0, 0, 0, 0, 0, 0,
  0, 0, 0, 0, 0, 0, 0, 0, 0, 255, 255, 255, 255, 255, 255, 255, 255, 255, 255, 255, 255, 255, 255, 255,
  255, 255, 255, 255, 255, 255, 255, 255, 255, 255, 255, 255, 255, 255, 255, 255, 255, 255, 255, 255, 255, 255, 255, 255,
  255, 255, 255, 255, 255, 255, 255, 255, 255, 255, 255, 255, 255, 255, 255, 255, 255, 255, 255, 255, 255, 255, 255, 255,
  255, 255, 255, 255, 255, 255, 0, 0, 0, 255, 0, 0, 0, 0, 0, 0, 0, 0, 0, 0, 0, 0, 0, 0,
  0, 0, 0, 0, 0, 0, 0, 0, 0, 0, 0, 0, 0, 0, 0, 0, 0, 0, 0, 0, 0, 255, 255, 255,
  255, 255, 255, 255, 255, 255, 255, 255, 255, 255, 255, 255, 255, 255, 255, 255, 255, 255, 255, 255, 0, 255, 255, 255,
  255, 255, 255, 255, 255, 255, 255, 255, 255, 255, 255, 255, 255, 255, 255, 255, 255, 255, 255, 255, 0, 0, 0, 255,
  255, 255, 255, 255, 255, 255, 255, 255, 255, 255, 255, 255, 255, 255, 255, 0, 0, 0, 0, 0, 0, 0, 0, 0,
  0, 0, 0, 0, 0, 0, 0, 0, 0, 0, 0, 0, 0, 0, 0, 0, 0, 0, 0, 0, 0, 0, 0, 0,
  0, 0, 0, 0, 0, 0, 0, 0, 0, 255, 255, 255, 255, 255, 255, 255, 255, 255, 255, 255, 255, 255, 255, 255,
  255, 255, 255, 255, 255, 0, 0, 0, 255, 255, 255, 255, 255, 255, 255, 255, 255, 255, 255, 255, 255, 255, 255, 255,
  255, 255, 255, 255, 255, 255, 255, 0, 0, 0, 255, 255, 255, 255, 255, 255, 255, 255, 255, 255, 255, 255, 255, 0,
  255, 0, 0, 0, 0, 0, 0, 0, 0, 0, 0, 0, 0, 0, 0, 0, 0, 0, 0, 0, 0, 0, 0, 0,
  0, 0, 0, 0, 0, 0, 0, 0, 0, 0, 0, 0, 0, 0, 0, 0, 0, 0, 0, 0, 0, 255, 255, 255,
  255, 255, 255, 255, 255, 255, 255, 255, 255, 255, 255, 255, 255, 255, 255, 255, 0, 0, 0, 255, 255, 255, 255, 255,
  255, 255, 255, 255, 255, 255, 255, 255, 255, 255, 255, 255, 255, 255, 255, 255, 255, 0, 0, 0, 0, 0, 255, 255,
  255, 255, 255, 255, 255, 255, 255, 255, 255, 255, 0, 0, 0, 0, 0, 0, 0, 0, 0, 0, 0, 0, 0, 0,
  0, 0, 0, 0, 0, 0, 0, 0, 0, 0, 0, 0, 0, 0, 0, 0, 0, 0, 0, 0, 0, 0, 0, 0,
  0, 0, 0, 0, 0, 0, 0, 0, 0, 255, 255, 255, 255, 255, 255, 255, 255, 255, 255, 255, 255, 255, 255, 255,
  255, 255, 0, 0, 0, 0, 255, 255, 255, 255, 255, 255, 255, 255, 255, 255, 255, 255, 255, 255, 255, 255, 255, 255,
  255, 255, 255, 255, 0, 0, 0, 0, 0, 255, 255, 255, 255, 255, 255, 255, 255, 255, 255, 255, 255, 0, 0, 0,
  0, 0, 0, 0, 0, 0, 0, 0, 0, 0, 0, 0, 0, 0, 0, 0, 0, 0, 0, 0, 0, 0, 0, 0,
  0, 0, 0, 0, 0, 0, 0, 0, 0, 0, 0, 0, 0, 0, 0, 0, 0, 0, 0, 0, 0, 255, 0, 255,
  255, 255, 255, 255, 255, 255, 255, 255, 255, 255, 255, 0, 0, 0, 0, 0, 0, 255, 255, 255, 255, 255, 255, 255,
  255, 255, 255, 255, 255, 255, 255, 255, 255, 255, 255, 255, 255, 255, 255, 0, 0, 0, 0, 0, 0, 255, 255, 255,
  255, 255, 255, 255, 255, 255, 255, 0, 0, 0, 0, 0, 0, 0, 0, 0, 0, 0, 0, 0, 0, 0, 0, 0,
  0, 0, 0, 0, 0, 0, 0, 0, 0, 0, 0, 0, 0, 0, 0, 0, 0, 0, 0, 0, 0, 0, 0, 0,
  0, 0, 0, 0, 0, 0, 0, 0, 0, 0, 0, 0, 255, 255, 255, 255, 255, 255, 255, 255, 255, 255, 255, 0,
  0, 0, 0, 0, 255, 255, 255, 255, 255, 255, 255, 255, 255, 255, 255, 255, 255, 255, 255, 255, 255, 255, 255, 255,
  255, 255, 255, 0, 0, 0, 0, 0, 0, 255, 255, 255, 255, 255, 255, 255, 255, 0, 0, 0, 0, 0, 0, 0,
  0, 0, 0, 0, 0, 0, 0, 0, 0, 0, 0, 0, 0, 0, 0, 0, 0, 0, 0, 0, 0, 0, 0, 0,
  0, 0, 0, 0, 0, 0, 0, 0, 0, 0, 0, 0, 0, 0, 0, 0, 0, 0, 0, 0, 0, 0, 0, 0,
  0, 0, 255, 255, 255, 255, 255, 255, 255, 0, 0, 0, 0, 0, 0, 255, 255, 255, 255, 255, 255, 255, 255, 255,
  255, 255, 255, 255, 255, 255, 255, 255, 255, 255, 255, 255, 255, 255, 0, 0, 0, 0, 0, 0, 0, 255, 255, 255,
  255, 255, 255, 0, 0, 0, 0, 0, 0, 0, 0, 0, 0, 0, 0, 0, 0, 0, 0, 0, 0, 0, 0, 0,
  0, 0, 0, 0, 0, 0, 0, 0, 0, 0, 0, 0, 0, 0, 0, 0, 0, 0, 0, 0, 0, 0, 0, 0,
  0, 0, 0, 0, 0, 0, 0, 0, 0, 0, 0, 0, 0, 0, 255, 0, 0, 255, 255, 0, 0, 0, 0, 0,
  0, 0, 255, 255, 255, 255, 255, 255, 255, 255, 255, 255, 255, 255, 255, 255, 255, 255, 255, 255, 255, 255, 255, 255,
  255, 0, 0, 0, 0, 0, 0, 0, 255, 255, 255, 255, 255, 0, 0, 0, 0, 0, 0, 0, 0, 0, 0, 0,
  0, 0, 0, 0, 0, 0, 0, 0, 0, 0, 0, 0, 0, 0, 0, 0, 0, 0, 0, 0, 0, 0, 0, 0,
  0, 0, 0, 0, 0, 0, 0, 0, 0, 0, 0, 0, 0, 0, 0, 0, 0, 0, 0, 0, 0, 0, 0, 0,
  0, 0, 0, 0, 0, 0, 0, 0, 0, 0, 0, 0, 255, 255, 255, 255, 255, 255, 255, 255, 255, 255, 255, 255,
  255, 255, 255, 255, 255, 255, 255, 255, 255, 255, 255, 255, 0, 0, 0, 0, 0, 0, 0, 0, 0, 255, 0, 0,
  0, 0, 0, 0, 0, 0, 0, 0, 0, 0, 0, 0, 0, 0, 0, 0, 0, 0, 0, 0, 0, 0, 0, 0,
  0, 0, 0, 0, 0, 0, 0, 0, 0, 0, 0, 0, 0, 0, 0, 0, 0, 0, 0, 0, 0, 0, 0, 0,
  0, 0, 0, 0, 0, 0, 0, 0, 0, 0, 0, 0, 0, 0, 0, 0, 0, 0, 0, 0, 0, 0, 0, 255,
  255, 255, 255, 255, 255, 255, 255, 255, 255, 255, 255, 255, 255, 255, 255, 255, 255, 255, 255, 255, 255, 255, 255, 255,
  0, 0, 0, 0, 0, 0, 0, 0, 0, 0, 0, 0, 0, 0, 0, 0, 0, 0, 0, 0, 0, 0, 0, 0,
  0, 0, 0, 0, 0, 0, 0, 0, 0, 0, 0, 0, 0, 0, 0, 0, 0, 0, 0, 0, 0, 0, 0, 0,
  0, 0, 0, 0, 0, 0, 0, 0, 0, 0, 0, 0, 0, 0, 0, 0, 0, 0, 0, 0, 0, 0, 0, 0,
  0, 0, 0, 0, 0, 0, 0, 0, 0, 255, 255, 255, 255, 255, 255, 255, 255, 255, 255, 255, 255, 255, 255, 255,
  255, 255, 255, 255, 255, 255, 255, 255, 255, 255, 255, 0, 0, 0, 0, 0, 0, 0, 0, 0, 0, 0, 0, 0,
  0, 0, 0, 0, 0, 0, 0, 0, 0, 0, 0, 0, 0, 0, 0, 0, 0, 0, 0, 0, 0, 0, 0, 0,
  0, 0, 0, 0, 0, 0, 0, 0, 0, 0, 0, 0, 0, 0, 0, 0, 0, 0, 0, 0, 0, 0, 0, 0,
  0, 0, 0, 0, 0, 0, 0, 0, 0, 0, 0, 255, 255, 255, 255, 255, 255, 255, 255, 255, 255, 255, 255, 255,
  255, 255, 255, 255, 255, 255, 255, 255, 255, 255, 255, 255, 255, 255, 255, 255, 255, 255, 255, 255, 255, 0, 0, 0,
  0, 0, 0, 0, 0, 0, 0, 0, 0, 0, 0, 0, 0, 0, 0, 0, 0, 0, 0, 0, 0, 0, 0, 0,
  0, 0, 0, 0, 0, 0, 0, 0, 0, 0, 0, 0, 0, 0, 0, 0, 0, 0, 0, 0, 0, 0, 0, 0,
  0, 0, 0, 0, 0, 0, 0, 0, 0, 0, 0, 0, 0, 0, 0, 0, 0, 0, 0, 0, 255, 255, 255, 255,
  255, 255, 255, 255, 255, 255, 255, 255, 255, 255, 255, 255, 255, 255, 255, 255, 255, 255, 255, 255, 255, 255, 255, 255,
  255, 255, 255, 255, 255, 255, 255, 255, 0, 0, 0, 0, 0, 0, 0, 0, 0, 0, 0, 0, 0, 0, 0, 0,
  0, 0, 0, 0, 0, 0, 0, 0, 0, 0, 0, 0, 0, 0, 0, 0, 0, 0, 0, 0, 0, 0, 0, 0,
  0, 0, 0, 0, 0, 0, 0, 0, 0, 0, 0, 0, 0, 0, 0, 0, 0, 0, 0, 0, 0, 0, 0, 0,
  0, 0, 0, 0, 0, 0, 255, 255, 255, 255, 255, 255, 0, 0, 0, 0, 0, 0, 0, 255, 255, 255, 255, 255,
  255, 255, 255, 255, 255, 255, 255, 255, 255, 255, 255, 255, 255, 255, 255, 255, 255, 255, 0, 0, 0, 0, 0, 0,
  0, 0, 0, 0, 0, 0, 0, 0, 0, 0, 0, 0, 0, 0, 0, 0, 0, 0, 0, 0, 0, 0, 0, 0,
  0, 0, 0, 0, 0, 0, 0, 0, 0, 0, 0, 0, 0, 0, 0, 0, 0, 0, 0, 0, 0, 0, 0, 0,
  0, 0, 0, 0, 0, 0, 0, 0, 0, 0, 0, 0, 0, 0, 0, 0, 255, 255, 255, 0, 0, 0, 0, 0,
  0, 0, 0, 0, 0, 0, 255, 255, 255, 255, 255, 255, 255, 255, 255, 255, 255, 255, 255, 255, 255, 255, 255, 255,
  255, 255, 255, 255, 255, 255, 0, 0, 0, 0, 0, 0, 0, 0, 0, 0, 0, 0, 0, 0, 0, 0, 0, 0,
  0, 0, 0, 0, 0, 0, 0, 0, 0, 0, 0, 0, 0, 0, 0, 0, 0, 0, 0, 0, 0, 0, 0, 0,
  0, 0, 0, 0, 0, 0, 0, 0, 0, 0, 0, 0, 0, 0, 0, 0, 0, 0, 0, 0, 0, 0, 0, 0,
  0, 255, 255, 255, 255, 0, 0, 0, 0, 0, 0, 0, 0, 0, 0, 0, 255, 255, 255, 255, 255, 255, 255, 255,
  255, 255, 255, 255, 255, 255, 255, 255, 255, 255, 255, 255, 255, 255, 255, 255, 255, 255, 255, 0, 0, 0, 0, 0,
  0, 0, 0, 0, 0, 0, 0, 0, 0, 0, 0, 0, 0, 0, 0, 0, 0, 0, 0, 0, 0, 0, 0, 0,
  0, 0, 0, 0, 0, 0, 0, 0, 0, 0, 0, 0, 0, 0, 0, 0, 0, 0, 0, 0, 0, 0, 0, 0,
  0, 0, 0, 0, 0, 0, 0, 0, 0, 0, 0, 0, 0, 255, 255, 0, 0, 0, 0, 0, 0, 0, 0, 0,
  0, 0, 0, 255, 255, 255, 255, 255, 255, 255, 255, 255, 255, 255, 255, 255, 255, 255, 255, 255, 255, 255, 255, 255,
  255, 255, 255, 255, 255, 255, 255, 0, 0, 0, 0, 0, 0, 0, 0, 0, 0, 0, 0, 0, 0, 0, 0, 0,
  0, 0, 0, 0, 0, 0, 0, 0, 0, 0, 0, 0, 0, 0, 0, 0, 0, 0, 0, 0, 0, 0, 0, 0,
  0, 0, 0, 0, 0, 0, 0, 0, 0, 0, 0, 0, 0, 0, 0, 0, 0, 0, 0, 0, 0, 0, 0, 0,
  255, 255, 0, 0, 0, 0, 0, 0, 0, 0, 0, 0, 0, 255, 255, 255, 255, 255, 255, 255, 255, 255, 255, 255,
  255, 255, 255, 255, 255, 255, 255, 255, 255, 255, 255, 255, 255, 255, 255, 255, 255, 255, 255, 0, 0, 0, 0, 0,
  0, 0, 0, 0, 0, 0, 0, 0, 0, 0, 0, 0, 0, 0, 0, 0, 0, 0, 0, 0, 0, 0, 0, 0,
  0, 0, 0, 0, 0, 0, 0, 0, 0, 0, 0, 0, 0, 0, 0, 0, 0, 0, 0, 0, 0, 0, 0, 0,
  0, 0, 0, 0, 0, 0, 0, 0, 0, 0, 0, 255, 255, 0, 0, 0, 0, 0, 0, 255, 255, 0, 0, 255,
  255, 255, 255, 255, 255, 255, 255, 255, 255, 255, 0, 255, 255, 255, 255, 255, 255, 255, 255, 255, 255, 255, 255, 255,
  255, 255, 255, 255, 255, 255, 0, 0, 0, 0, 0, 0, 0, 0, 0, 0, 0, 0, 0, 0, 0, 0, 0, 0,
  0, 0, 0, 0, 0, 0, 0, 0, 0, 0, 0, 0, 0, 0, 0, 0, 0, 0, 0, 0, 0, 0, 0, 0,
  0, 0, 0, 0, 0, 0, 0, 0, 0, 0, 0, 0, 0, 0, 0, 0, 0, 0, 0, 0, 0, 0, 255, 255,
  0, 255, 0, 0, 0, 0, 0, 255, 0, 0, 255, 255, 255, 255, 255, 255, 255, 255, 255, 0, 0, 0, 255, 0,
  0, 255, 0, 255, 255, 0, 0, 0, 255, 255, 255, 255, 255, 255, 255, 255, 255, 255, 0, 0, 0, 0, 0, 0,
  0, 0, 0, 0, 0, 0, 0, 0, 0, 0, 0, 0, 0, 0, 0, 0, 0, 0, 0, 0, 0, 0, 0, 0,
  0, 0, 0, 0, 0, 0, 0, 0, 0, 0, 0, 0, 0, 0, 0, 0, 0, 0, 0, 0, 0, 0, 0, 0,
  0, 0, 0, 0, 0, 0, 0, 0, 0, 255, 255, 255, 255, 0, 0, 0, 0, 255, 255, 0, 255, 255, 255, 255,
  255, 255, 255, 255, 255, 255, 0, 0, 0, 0, 0, 0, 0, 0, 0, 0, 0, 0, 0, 255, 255, 255, 255, 255,
  255, 255, 255, 255, 255, 255, 0, 0, 0, 0, 0, 0, 0, 0, 0, 0, 0, 0, 0, 0, 0, 0, 0, 0,
  0, 0, 0, 0, 0, 0, 0, 0, 0, 0, 0, 0, 0, 0, 0, 0, 0, 0, 0, 0, 0, 0, 0, 0,
  0, 0, 0, 0, 0, 0, 0, 0, 0, 0, 0, 0, 0, 0, 0, 0, 0, 0, 0, 0, 0, 255, 255, 255,
  255, 255, 255, 255, 255, 255, 0, 0, 255, 255, 255, 255, 255, 255, 255, 255, 0, 0, 0, 0, 0, 0, 0, 0,
  0, 0, 0, 0, 0, 0, 0, 255, 255, 255, 255, 255, 255, 255, 255, 255, 255, 0, 0, 0, 0, 0, 0, 0,
  0, 0, 0, 0, 0, 0, 0, 0, 0, 0, 0, 0, 0, 0, 0, 0, 0, 0, 0, 0, 0, 0, 0, 0,
  0, 0, 0, 0, 0, 0, 0, 0, 0, 0, 0, 0, 0, 0, 0, 0, 0, 0, 0, 0, 0, 0, 0, 0,
  0, 0, 0, 0, 0, 0, 0, 0, 0, 255, 0, 255, 255, 255, 255, 0, 0, 0, 0, 255, 255, 255, 255, 255,
  255, 255, 255, 0, 0, 0, 0, 0, 0, 0, 0, 0, 0, 0, 0, 0, 0, 0, 0, 255, 255, 255, 255, 255,
  255, 255, 255, 0, 0, 0, 0, 0, 0, 0, 0, 0, 0, 0, 0, 0, 0, 0, 0, 0, 0, 0, 0, 0,
  0, 0, 0, 0, 0, 0, 0, 0, 0, 0, 0, 0, 0, 0, 0, 0, 0, 0, 0, 0, 0, 0, 0, 0,
  0, 0, 0, 0, 0, 0, 0, 0, 0, 0, 0, 0, 0, 0, 0, 0, 0, 0, 0, 0, 0, 0, 0, 255,
  255, 0, 0, 0, 255, 0, 255, 255, 255, 255, 255, 255, 255, 0, 0, 0, 0, 0, 0, 0, 0, 0, 0, 0,
  0, 0, 0, 0, 0, 0, 0, 255, 255, 255, 255, 255, 255, 255, 0, 255, 0, 0, 0, 0, 0, 0, 0, 0,
  0, 0, 0, 0, 0, 0, 0, 0, 0, 0, 0, 0, 0, 0, 0, 0, 0, 0, 0, 0, 0, 0, 0, 0,
  0, 0, 0, 0, 0, 0, 0, 0, 0, 0, 0, 0, 0, 0, 0, 0, 0, 0, 0, 0, 0, 0, 0, 0,
  0, 0, 0, 0, 0, 0, 0, 0, 0, 0, 0, 0, 0, 0, 0, 0, 255, 255, 255, 255, 255, 255, 255, 255,
  255, 255, 0, 0, 0, 0, 0, 0, 0, 0, 0, 0, 0, 0, 0, 0, 255, 255, 255, 255, 255, 255, 255, 255,
  255, 255, 0, 0, 0, 0, 0, 0, 0, 0, 0, 0, 0, 0, 0, 0, 0, 0, 0, 0, 0, 0, 0, 0,
  0, 0, 0, 0, 0, 0, 0, 0, 0, 0, 0, 0, 0, 0, 0, 0, 0, 0, 0, 0, 0, 0, 0, 0,
  0, 0, 0, 0, 0, 0, 0, 0, 0, 0, 0, 0, 0, 0, 0, 0, 0, 0, 0, 0, 0, 0, 0, 0,
  0, 0, 0, 0, 255, 255, 255, 255, 255, 255, 255, 255, 255, 0, 0, 0, 0, 0, 0, 0, 0, 0, 0, 0,
  0, 0, 0, 255, 255, 255, 255, 255, 255, 255, 255, 255, 0, 0, 0, 0, 0, 0, 0, 0, 0, 0, 0, 0,
  0, 0, 0, 0, 0, 0, 0, 0, 0, 0, 0, 0, 0, 0, 0, 0, 0, 0, 0, 0, 0, 0, 0, 0,
  0, 0, 0, 0, 0, 0, 0, 0, 0, 0, 0, 0, 0, 0, 0, 0, 0, 0, 0, 0, 0, 0, 0, 0,
  0, 0, 0, 0, 0, 0, 0, 0, 0, 0, 0, 0, 0, 0, 0, 0, 255, 255, 255, 255, 255, 255, 255, 255,
  0, 0, 0, 0, 0, 0, 0, 0, 0, 0, 0, 0, 0, 255, 255, 255, 255, 255, 255, 255, 255, 0, 0, 0,
  0, 0, 0, 0, 0, 0, 0, 0, 0, 0, 0, 0, 0, 0, 0, 0, 0, 0, 0, 0, 0, 0, 0, 0,
  0, 0, 0, 0, 0, 0, 0, 0, 0, 0, 0, 0, 0, 0, 0, 0, 0, 0, 0, 0, 0, 0, 0, 0,
  0, 0, 0, 0, 0, 0, 0, 0, 0, 0, 0, 0, 0, 0, 0, 0, 0, 0, 0, 0, 0, 0, 0, 0,
  0, 0, 0, 0, 255, 255, 255, 255, 255, 255, 255, 255, 255, 0, 0, 0, 0, 0, 0, 0, 0, 0, 0, 0,
  255, 255, 255, 255, 255, 255, 255, 0, 0, 0, 0, 0, 0, 0, 0, 0, 0, 0, 0, 0, 0, 0, 0, 0,
  0, 0, 0, 0, 0, 0, 0, 0, 0, 0, 0, 0, 0, 0, 0, 0, 0, 0, 0, 0, 0, 0, 0, 0,
  0, 0, 0, 0, 0, 0, 0, 0, 0, 0, 0, 0, 0, 0, 0, 0, 0, 0, 0, 0, 0, 0, 0, 0,
  0, 0, 0, 0, 0, 0, 0, 0, 0, 0, 0, 0, 0, 0, 0, 0, 0, 255, 255, 255, 255, 255, 255, 255,
  255, 0, 0, 0, 0, 0, 0, 0, 0, 0, 0, 255, 255, 255, 255, 255, 255, 255, 0, 0, 0, 0, 0, 0,
  0, 0, 0, 0, 0, 0, 0, 0, 0, 0, 0, 0, 0, 0, 0, 0, 0, 0, 0, 0, 0, 0, 0, 0,
  0, 0, 0, 0, 0, 0, 0, 0, 0, 0, 0, 0, 0, 0, 0, 0, 0, 0, 0, 0, 0, 0, 0, 0,
  0, 0, 0, 0, 0, 0, 0, 0, 0, 0, 0, 0, 0, 0, 0, 0, 0, 0, 0, 0, 0, 0, 0, 0,
  0, 0, 0, 0, 0, 255, 255, 255, 255, 255, 255, 255, 255, 0, 0, 0, 0, 0, 0, 0, 0, 255, 255, 255,
  255, 255, 255, 255, 255, 0, 0, 0, 0, 0, 0, 0, 0, 0, 0, 0, 0, 0, 0, 0, 0, 0, 0, 0,
  0, 0, 0, 0, 0, 0, 0, 0, 0, 0, 0, 0, 0, 0, 0, 0, 0, 0, 0, 0, 0, 0, 0, 0,
  0, 0, 0, 0, 0, 0, 0, 0, 0, 0, 0, 0, 0, 0, 0, 0, 0, 0, 0, 0, 0, 0, 0, 0,
  0, 0, 0, 0, 0, 0, 0, 0, 0, 0, 0, 0, 0, 0, 255, 255, 255, 255, 255, 255, 255, 255, 255, 255,
  0, 0, 0, 0, 0, 0, 255, 255, 255, 255, 255, 255, 255, 255, 255, 255, 255, 0, 0, 0, 0, 0, 0, 0,
  0, 0, 0, 0, 0, 0, 0, 0, 0, 0, 0, 0, 0, 0, 0, 0, 0, 0, 0, 0, 0, 0, 0, 0,
  0, 0, 0, 0, 0, 0, 0, 0, 0, 0, 0, 0, 0, 0, 0, 0, 0, 0, 0, 0, 0, 0, 0, 0,
  0, 0, 0, 0, 0, 0, 0, 0, 0, 0, 0, 0, 0, 0, 0, 0, 0, 0, 0, 0, 0, 0, 0, 255,
  255, 255, 255, 255, 255, 255, 255, 255, 255, 255, 255, 0, 0, 0, 0, 0, 0, 0, 255, 255, 255, 255, 255, 255,
  255, 255, 255, 255, 255, 0, 0, 0, 0, 0, 0, 0, 0, 0, 0, 0, 0, 0, 0, 0, 0, 0, 0, 0,
  0, 0, 0, 0, 0, 0, 0, 0, 0, 0, 0, 0, 0, 0, 0, 0, 0, 0, 0, 0, 0, 0, 0, 0,
  0, 0, 0, 0, 0, 0, 0, 0, 0, 0, 0, 0, 0, 0, 0, 0, 0, 0, 0, 0, 0, 0, 0, 0,
  0, 0, 0, 0, 0, 0, 0, 0, 255, 255, 255, 255, 255, 255, 255, 255, 255, 255, 255, 255, 255, 255, 0, 0,
  0, 0, 0, 0, 0, 255, 255, 255, 255, 255, 255, 255, 255, 255, 255, 255, 0, 255, 255, 0, 0, 0, 0, 0,
  0, 0, 0, 0, 0, 0, 0, 0, 0, 0, 0, 0, 0, 0, 0, 0, 0, 0, 0, 0, 0, 0, 0, 0,
  0, 0, 0, 0, 0, 0, 0, 0, 0, 0, 0, 0, 0, 0, 0, 0, 0, 0, 0, 0, 0, 0, 0, 0,
  0, 0, 0, 0, 0, 0, 0, 0, 0, 0, 0, 0, 255, 0, 0, 255, 0, 0, 0, 255, 255, 255, 255, 255,
  255, 255, 255, 255, 255, 255, 255, 255, 255, 0, 0, 255, 255, 255, 0, 0, 255, 255, 255, 255, 255, 255, 255, 255,
  255, 255, 255, 255, 255, 0, 0, 0, 0, 0, 0, 0, 0, 0, 0, 0, 0, 0, 0, 0, 0, 0, 0, 0,
  0, 0, 0, 0, 0, 0, 0, 0, 0, 0, 0, 0, 0, 0, 0, 0, 0, 0, 0, 0, 0, 0, 0, 0,
  0, 0, 0, 0, 0, 0, 0, 0, 0, 0, 0, 0, 0, 0, 0, 0, 0, 0, 0, 0, 0, 255, 0, 255,
  255, 255, 255, 255, 255, 255, 255, 255, 255, 255, 255, 255, 255, 255, 255, 255, 255, 255, 255, 255, 255, 0, 0, 0,
  0, 0, 255, 255, 255, 255, 255, 255, 255, 255, 255, 255, 255, 255, 255, 255, 255, 255, 255, 255, 255, 255, 255, 255,
  255, 0, 0, 0, 0, 0, 0, 0, 0, 0, 0, 0, 0, 0, 0, 0, 0, 0, 0, 0, 0, 0, 0, 0,
  0, 0, 0, 0, 0, 0, 0, 0, 0, 0, 0, 0, 0, 0, 0, 0, 0, 0, 0, 0, 0, 0, 0, 0,
  0, 0, 0, 0, 0, 0, 0, 255, 255, 255, 255, 255, 255, 255, 255, 255, 255, 255, 255, 255, 255, 255, 255, 255,
  255, 255, 255, 255, 255, 255, 255, 0, 0, 0, 0, 0, 0, 0, 255, 255, 255, 255, 255, 255, 255, 255, 255, 255,
  255, 255, 255, 255, 255, 255, 255, 255, 255, 255, 255, 255, 255, 255, 255, 0, 0, 0, 0, 0, 0, 0, 0, 0,
  0, 0, 0, 0, 0, 0, 0, 0, 0, 0, 0, 0, 0, 0, 0, 0, 0, 0, 0, 0, 0, 0, 0, 0,
  0, 0, 0, 0, 0, 0, 0, 0, 0, 0, 0, 0, 0, 0, 0, 255, 0, 255, 255, 255, 255, 255, 255, 255,
  255, 255, 255, 255, 255, 255, 255, 255, 255, 255, 255, 255, 255, 255, 255, 255, 0, 0, 0, 0, 0, 0, 0, 0,
  0, 0, 0, 0, 255, 255, 255, 255, 255, 255, 255, 255, 255, 255, 255, 255, 255, 255, 255, 255, 255, 255, 255, 255,
  255, 0, 0, 0, 255, 0, 0, 0, 0, 0, 0, 0, 0, 0, 0, 0, 0, 0, 0, 0, 0, 0, 0, 0,
  0, 0, 0, 0, 0, 0, 0, 0, 0, 0, 0, 0, 0, 0, 0, 0, 0, 0, 0, 0, 0, 0, 0, 0,
  255, 0, 0, 0, 255, 255, 255, 255, 255, 255, 255, 255, 255, 255, 255, 255, 255, 255, 255, 255, 255, 255, 255, 0,
  0, 0, 0, 0, 0, 0, 0, 0, 0, 0, 0, 0, 0, 0, 0, 0, 0, 0, 255, 255, 255, 255, 255, 255,
  255, 255, 255, 255, 255, 255, 255, 255, 255, 255, 255, 0, 0, 0, 0, 0, 0, 255, 255, 0, 0, 0, 0, 0,
  0, 0, 0, 0, 0, 0, 0, 0, 0, 0, 0, 0, 0, 0, 0, 0, 0, 0, 0, 0, 0, 0, 0, 0,
  0, 0, 0, 0, 0, 0, 0, 0, 0, 0, 0, 0, 0, 255, 255, 0, 255, 255, 255, 255, 255, 255, 255, 255,
  255, 255, 255, 255, 255, 255, 255, 255, 0, 0, 0, 0, 0, 0, 0, 0, 0, 0, 0, 0, 0, 0, 0, 0,
  0, 0, 0, 0, 0, 0, 255, 255, 255, 255, 255, 255, 255, 255, 255, 255, 255, 255, 255, 255, 255, 0, 0, 0,
  255, 255, 255, 0, 0, 0, 0, 0, 0, 0, 0, 0, 0, 0, 0, 0, 0, 0, 0, 0, 0, 0, 0, 0,
  0, 0, 0, 0, 0, 0, 0, 0, 0, 0, 0, 0, 0, 0, 0, 0, 0, 0, 0, 0, 0, 0, 0, 0,
  0, 0, 0, 0, 0, 255, 255, 255, 255, 255, 255, 255, 255, 255, 255, 255, 255, 0, 0, 0, 0, 0, 0, 0,
  0, 0, 0, 0, 0, 0, 0, 0, 0, 0, 0, 0, 0, 0, 0, 0, 0, 0, 0, 255, 255, 255, 255, 255,
  255, 255, 255, 255, 255, 255, 0, 0, 255, 255, 0, 0, 0, 0, 0, 0, 0, 0, 0, 0, 0, 0, 0, 0,
  0, 0, 0, 0, 0, 0, 0, 0, 0, 0, 0, 0, 0, 0, 0, 0, 0, 0, 0, 0, 0, 0, 0, 0,
  0, 0, 0, 0, 0, 0, 0, 0, 0, 0, 0, 0, 0, 0, 0, 0, 0, 0, 0, 255, 255, 255, 255, 255,
  255, 255, 255, 0, 255, 0, 0, 0, 255, 255, 255, 0, 0, 0, 0, 0, 0, 0, 0, 0, 0, 0, 0, 0,
  0, 0, 0, 0, 0, 0, 0, 255, 255, 255, 255, 255, 255, 255, 255, 0, 0, 0, 0, 0, 0, 0, 0, 0,
  0, 0, 0, 0, 0, 0, 0, 0, 0, 0, 0, 0, 0, 0, 0, 0, 0, 0, 0, 0, 0, 0, 0, 0,
  0, 0, 0, 0, 0, 0, 0, 0, 0, 0, 0, 0, 0, 0, 0, 0, 0, 0, 0, 0, 0, 0, 0, 0,
  0, 0, 0, 0, 0, 0, 0, 0, 0, 0, 0, 0, 0, 0, 0, 0, 0, 0, 0, 0, 0, 0, 0, 0,
  0, 0, 0, 0, 255, 255, 0, 0, 255, 0, 0, 0, 0, 0, 0, 0, 0, 0, 0, 0, 0, 0, 0, 0,
  0, 0, 0, 0, 0, 0, 0, 0, 0, 0, 0, 0, 0, 0, 0, 0, 0, 0, 0, 0, 0, 0, 0, 0,
  0, 0, 0, 0, 0, 0, 0, 0, 0, 0, 0, 0, 0, 0, 0, 0, 0, 0, 0, 0, 0, 0, 0, 0,
  0, 0, 0, 0, 0, 0, 0, 0, 0, 0, 0, 0, 0, 0, 0, 0, 0, 0, 0, 0, 0, 0, 0, 0,
  0, 0, 0, 0, 0, 0, 0, 0, 0, 0, 0, 0, 0, 0, 0, 0, 0, 0, 0, 0, 0, 0, 0, 0,
  0, 0, 0, 0, 0, 0, 0, 0, 0, 0, 0, 0, 0, 0, 0, 0, 0, 0, 0, 0, 0, 0, 0, 0,
  0, 0, 0, 0, 0, 0, 0, 0, 0, 0, 0, 0, 0, 0, 0, 0, 0, 0, 0, 0, 0, 0, 0, 0,
  0,
};
const uint8_t kGoblinClass[11449] = {
  0, 0, 0, 0, 0, 0, 0, 0, 0, 0, 0, 0, 0, 0, 0, 0, 0, 0, 0, 0, 0, 0, 0, 0, 0, 0, 0, 0, 0, 0, 0, 0,
  0, 0, 0, 0, 0, 0, 0, 0, 0, 0, 0, 0, 0, 0, 0, 0, 0, 0, 0, 0, 0, 0, 0, 0, 0, 0, 0, 0, 0, 0, 0, 0,
  0, 0, 0, 0, 0, 0, 0, 0, 0, 0, 0, 0, 0, 0, 0, 0, 0, 0, 0, 0, 0, 0, 0, 0, 0, 0, 0, 0, 0, 0, 0, 0,
  0, 0, 0, 0, 0, 0, 0, 0, 0, 0, 0, 0, 0, 0, 0, 0, 0, 0, 0, 0, 0, 0, 0, 0, 0, 0, 0, 0, 0, 0, 0, 0,
  0, 0, 0, 0, 0, 0, 0, 0, 0, 0, 0, 0, 0, 0, 0, 0, 0, 0, 0, 0, 0, 0, 0, 0, 0, 0, 0, 0, 0, 0, 0, 0,
  0, 0, 0, 0, 0, 0, 0, 0, 0, 0, 0, 0, 0, 0, 0, 0, 0, 0, 0, 0, 0, 0, 0, 0, 0, 0, 0, 0, 0, 0, 0, 0,
  0, 0, 0, 0, 0, 0, 0, 0, 0, 0, 0, 0, 0, 0, 0, 0, 0, 0, 0, 0, 0, 0, 0, 0, 0, 0, 0, 0, 0, 0, 0, 0,
  0, 0, 0, 0, 0, 0, 0, 0, 0, 0, 0, 0, 0, 0, 0, 0, 0, 0, 0, 0, 0, 0, 0, 0, 0, 0, 0, 0, 0, 0, 0, 0,
  0, 0, 0, 0, 0, 0, 0, 0, 0, 0, 0, 0, 0, 0, 0, 0, 0, 0, 0, 0, 0, 0, 0, 0, 0, 0, 0, 0, 0, 0, 0, 0,
  0, 0, 0, 0, 0, 0, 0, 0, 0, 0, 0, 0, 0, 0, 0, 0, 0, 0, 0, 0, 0, 0, 0, 0, 0, 0, 0, 0, 0, 0, 0, 0,
  0, 0, 0, 0, 0, 0, 0, 0, 0, 0, 0, 0, 0, 0, 0, 0, 0, 0, 0, 0, 0, 0, 0, 0, 0, 0, 0, 0, 0, 0, 0, 0,
  0, 0, 0, 0, 0, 0, 0, 0, 0, 0, 0, 0, 0, 0, 0, 0, 0, 0, 0, 0, 0, 0, 0, 0, 0, 0, 0, 0, 0, 0, 0, 0,
  0, 0, 0, 0, 0, 0, 0, 0, 0, 0, 0, 0, 0, 0, 0, 0, 0, 1, 1, 0, 0, 0, 0, 0, 0, 0, 0, 0, 0, 0, 0, 0,
  0, 0, 0, 0, 0, 0, 0, 0, 0, 0, 0, 0, 0, 0, 0, 0, 0, 0, 0, 0, 0, 0, 0, 0, 0, 0, 0, 0, 0, 0, 0, 0,
  0, 0, 0, 0, 0, 0, 0, 0, 0, 0, 0, 0, 0, 0, 0, 0, 0, 0, 0, 0, 0, 0, 0, 0, 0, 0, 0, 0, 0, 0, 0, 0,
  0, 0, 0, 0, 0, 0, 0, 0, 0, 0, 0, 0, 0, 0, 0, 0, 0, 0, 0, 0, 0, 0, 0, 0, 0, 0, 0, 1, 1, 1, 0, 0,
  0, 0, 0, 0, 0, 0, 0, 0, 0, 0, 0, 0, 0, 0, 0, 0, 0, 0, 0, 0, 0, 0, 0, 0, 0, 0, 0, 0, 0, 0, 0, 0,
  0, 0, 0, 0, 0, 0, 0, 0, 0, 0, 0, 0, 0, 0, 0, 0, 0, 0, 0, 0, 0, 0, 0, 0, 0, 0, 0, 0, 0, 0, 0, 0,
  0, 0, 0, 0, 0, 0, 0, 0, 0, 0, 0, 0, 0, 0, 0, 0, 0, 0, 0, 0, 0, 0, 0, 0, 0, 0, 0, 0, 0, 0, 0, 0,
  0, 0, 0, 0, 0, 1, 1, 1, 0, 0, 0, 0, 0, 0, 0, 0, 0, 0, 0, 0, 0, 0, 0, 0, 0, 0, 0, 0, 0, 0, 0, 0,
  0, 0, 0, 0, 0, 0, 0, 0, 0, 0, 0, 0, 0, 0, 0, 0, 0, 0, 0, 0, 0, 0, 0, 0, 0, 0, 0, 0, 0, 0, 0, 0,
  0, 0, 0, 0, 0, 0, 0, 0, 0, 0, 0, 0, 0, 0, 0, 0, 0, 0, 0, 0, 0, 0, 0, 0, 0, 0, 0, 0, 0, 0, 0, 0,
  0, 0, 0, 0, 0, 0, 0, 0, 0, 0, 0, 0, 0, 0, 0, 1, 1, 0, 0, 0, 0, 0, 0, 0, 0, 0, 0, 0, 0, 0, 0, 0,
  0, 0, 0, 0, 0, 0, 0, 0, 0, 0, 0, 0, 0, 0, 0, 0, 0, 0, 0, 0, 0, 0, 0, 0, 0, 0, 0, 0, 0, 0, 0, 0,
  0, 0, 0, 0, 0, 0, 0, 0, 0, 0, 0, 0, 0, 0, 0, 0, 0, 0, 0, 0, 0, 0, 0, 0, 0, 0, 0, 0, 0, 0, 0, 0,
  0, 0, 0, 0, 0, 0, 0, 0, 0, 0, 0, 0, 0, 0, 0, 0, 0, 0, 0, 0, 0, 0, 0, 0, 0, 1, 1, 1, 0, 0, 0, 0,
  0, 0, 0, 0, 0, 0, 0, 0, 0, 0, 0, 0, 0, 0, 0, 0, 0, 0, 0, 0, 0, 0, 0, 0, 0, 0, 0, 0, 0, 0, 0, 0,
  0, 0, 0, 0, 0, 0, 0, 0, 0, 0, 0, 0, 0, 0, 0, 0, 0, 0, 0, 0, 0, 0, 0, 0, 0, 0, 0, 0, 0, 0, 0, 0,
  0, 0, 0, 0, 0, 0, 0, 0, 0, 0, 0, 0, 0, 0, 0, 0, 0, 0, 0, 0, 0, 0, 0, 0, 0, 0, 0, 0, 0, 0, 0, 0,
  0, 0, 0, 1, 1, 1, 0, 0, 0, 0, 0, 0, 0, 0, 0, 0, 0, 0, 0, 0, 0, 0, 0, 0, 0, 0, 0, 0, 0, 0, 0, 0,
  0, 0, 0, 0, 0, 0, 1, 1, 0, 0, 0, 0, 0, 0, 0, 0, 0, 0, 0, 0, 0, 0, 0, 0, 0, 0, 0, 0, 0, 0, 0, 0,
  0, 0, 0, 0, 0, 0, 0, 0, 0, 0, 0, 0, 0, 0, 0, 0, 0, 0, 0, 0, 0, 0, 0, 0, 0, 0, 0, 0, 0, 0, 0, 0,
  0, 0, 0, 0, 0, 0, 0, 0, 0, 0, 0, 0, 0, 0, 1, 1, 0, 0, 0, 0, 0, 0, 0, 0, 0, 0, 0, 0, 0, 0, 0, 0,
  0, 0, 0, 0, 0, 0, 0, 0, 0, 0, 0, 0, 0, 0, 0, 0, 0, 0, 1, 1, 1, 0, 0, 0, 0, 0, 0, 0, 0, 0, 0, 0,
  0, 0, 0, 0, 0, 0, 0, 0, 0, 0, 0, 0, 0, 0, 0, 0, 0, 0, 0, 0, 0, 0, 0, 0, 0, 0, 0, 0, 0, 0, 0, 0,
  0, 0, 0, 0, 0, 0, 0, 0, 0, 0, 0, 0, 0, 0, 0, 0, 0, 0, 0, 0, 0, 0, 0, 0, 1, 1, 1, 0, 0, 0, 0, 0,
  0, 0, 0, 0, 0, 0, 0, 0, 0, 0, 0, 0, 0, 0, 0, 0, 0, 0, 0, 0, 0, 0, 0, 0, 0, 0, 0, 0, 0, 0, 1, 1,
  1, 1, 0, 0, 0, 0, 0, 0, 0, 0, 0, 0, 0, 0, 0, 0, 0, 0, 0, 0, 0, 0, 0, 0, 0, 0, 0, 0, 0, 0, 0, 0,
  0, 0, 0, 0, 0, 0, 0, 0, 0, 0, 0, 0, 0, 0, 0, 0, 0, 0, 0, 0, 0, 0, 0, 0, 0, 0, 0, 0, 0, 0, 0, 0,
  0, 0, 1, 1, 1, 0, 0, 0, 0, 0, 0, 0, 0, 0, 0, 0, 0, 0, 0, 0, 0, 0, 0, 0, 0, 0, 0, 0, 0, 0, 0, 0,
  0, 0, 0, 0, 0, 0, 0, 0, 0, 0, 0, 1, 1, 1, 1, 0, 0, 0, 0, 0, 0, 0, 0, 0, 0, 0, 0, 0, 0, 0, 0, 0,
  0, 0, 0, 0, 0, 0, 0, 0, 0, 0, 0, 0, 0, 0, 0, 0, 0, 0, 0, 1, 0, 0, 0, 0, 0, 0, 0, 0, 0, 0, 0, 0,
  0, 0, 0, 0, 0, 0, 0, 0, 0, 0, 0, 0, 1, 1, 1, 1, 0, 0, 0, 0, 0, 0, 0, 0, 0, 0, 0, 0, 0, 0, 0, 0,
  0, 0, 0, 0, 0, 0, 0, 0, 0, 0, 0, 0, 0, 0, 0, 0, 0, 0, 0, 0, 0, 0, 0, 1, 1, 1, 1, 1, 0, 0, 0, 0,
  0, 0, 0, 0, 0, 0, 0, 0, 0, 0, 0, 0, 0, 0, 0, 0, 0, 0, 0, 0, 0, 0, 0, 0, 0, 0, 0, 0, 0, 1, 1, 0,
  0, 1, 1, 0, 0, 0, 0, 0, 0, 0, 0, 0, 0, 0, 0, 0, 0, 0, 0, 0, 0, 0, 1, 1, 1, 1, 1, 0, 0, 0, 0, 0,
  0, 0, 0, 0, 0, 0, 0, 0, 0, 0, 0, 0, 0, 0, 0, 0, 0, 0, 0, 0, 0, 0, 0, 0, 0, 0, 0, 0, 0, 0, 0, 0,
  0, 0, 0, 0, 1, 1, 1, 1, 0, 0, 0, 0, 0, 0, 0, 0, 0, 0, 0, 0, 0, 0, 0, 0, 0, 0, 0, 0, 0, 0, 0, 0,
  0, 0, 0, 0, 0, 0, 0, 0, 1, 1, 0, 1, 1, 1, 0, 1, 0, 0, 0, 0, 0, 0, 0, 0, 0, 0, 0, 0, 0, 0, 0, 0,
  1, 1, 1, 1, 1, 0, 0, 0, 0, 0, 0, 0, 0, 0, 0, 0, 0, 0, 0, 0, 0, 0, 0, 0, 0, 0, 0, 0, 0, 0, 0, 0,
  0, 0, 0, 0, 0, 0, 0, 0, 0, 0, 0, 0, 0, 0, 0, 0, 1, 1, 1, 1, 1, 0, 0, 0, 0, 0, 0, 0, 0, 0, 0, 0,
  0, 0, 0, 0, 0, 0, 0, 0, 0, 0, 0, 0, 0, 0, 0, 0, 0, 1, 1, 1, 1, 1, 1, 1, 1, 1, 1, 1, 0, 0, 0, 0,
  0, 0, 0, 0, 0, 0, 0, 0, 0, 0, 1, 1, 1, 1, 1, 1, 0, 0, 0, 0, 0, 0, 0, 0, 0, 0, 0, 0, 0, 0, 0, 0,
  0, 0, 0, 0, 0, 0, 0, 0, 0, 0, 0, 0, 0, 0, 0, 0, 0, 0, 0, 0, 0, 0, 0, 0, 0, 0, 0, 0, 1, 1, 1, 1,
  1, 1, 0, 0, 0, 0, 0, 0, 0, 0, 0, 0, 0, 0, 0, 0, 0, 0, 0, 0, 0, 0, 0, 0, 0, 0, 0, 0, 1, 1, 1, 1,
  1, 1, 1, 1, 1, 0, 0, 0, 0, 0, 0, 0, 0, 0, 0, 0, 0, 0, 0, 1, 1, 1, 1, 1, 1, 1, 0, 0, 0, 0, 0, 0,
  0, 0, 0, 0, 0, 0, 0, 0, 0, 0, 0, 0, 0, 0, 0, 0, 0, 0, 0, 0, 0, 0, 0, 0, 0, 0, 0, 0, 0, 0, 0, 0,
  0, 0, 0, 0, 0, 0, 0, 0, 1, 1, 1, 1, 1, 1, 0, 0, 0, 0, 0, 0, 0, 0, 0, 0, 0, 0, 0, 0, 0, 0, 0, 0,
  0, 0, 0, 1, 1, 1, 1, 1, 1, 1, 1, 1, 1, 1, 1, 1, 1, 1, 1, 0, 0, 0, 0, 0, 0, 0, 0, 0, 1, 1, 1, 1,
  1, 1, 1, 1, 1, 0, 0, 0, 0, 0, 0, 0, 0, 0, 0, 0, 0, 0, 0, 0, 0, 0, 0, 0, 0, 0, 0, 0, 0, 0, 0, 0,
  0, 0, 0, 0, 0, 0, 0, 0, 0, 0, 0, 0, 0, 0, 0, 0, 0, 0, 0, 0, 1, 1, 1, 1, 1, 1, 1, 0, 0, 0, 0, 0,
  0, 0, 0, 0, 0, 0, 0, 0, 0, 0, 0, 0, 1, 1, 1, 1, 1, 1, 1, 1, 1, 1, 1, 1, 1, 1, 1, 1, 1, 1, 1, 1,
  0, 0, 0, 0, 0, 0, 1, 1, 1, 1, 1, 1, 1, 1, 1, 0, 0, 0, 0, 0, 0, 0, 0, 0, 0, 0, 0, 0, 0, 0, 0, 0,
  0, 0, 0, 0, 0, 0, 0, 0, 0, 0, 0, 0, 0, 0, 0, 0, 0, 0, 0, 0, 0, 0, 0, 0, 0, 0, 0, 0, 0, 0, 0, 0,
  1, 1, 1, 1, 1, 1, 1, 1, 0, 0, 0, 0, 0, 0, 0, 0, 0, 0, 0, 0, 0, 1, 1, 1, 1, 1, 1, 1, 1, 1, 1, 1,
  1, 1, 1, 1, 1, 1, 1, 1, 1, 1, 1, 1, 0, 0, 0, 1, 1, 1, 1, 1, 1, 1, 1, 1, 1, 1, 0, 0, 0, 0, 0, 0,
  0, 0, 0, 0, 0, 0, 0, 0, 0, 0, 0, 0, 0, 0, 0, 0, 0, 0, 0, 0, 0, 0, 0, 0, 0, 0, 0, 0, 0, 0, 0, 0,
  0, 0, 0, 0, 0, 0, 0, 0, 0, 0, 0, 0, 1, 1, 1, 1, 1, 1, 1, 1, 1, 0, 0, 0, 0, 0, 0, 0, 0, 0, 0, 1,
  1, 1, 1, 1, 1, 1, 1, 1, 1, 1, 1, 1, 1, 1, 1, 1, 1, 1, 1, 1, 1, 1, 1, 1, 1, 1, 1, 1, 1, 1, 1, 1,
  1, 1, 1, 1, 1, 0, 0, 0, 0, 0, 0, 0, 0, 0, 0, 0, 0, 0, 0, 0, 0, 0, 0, 0, 0, 0, 0, 0, 0, 0, 0, 0,
  0, 0, 0, 0, 0, 0, 0, 0, 0, 0, 0, 0, 0, 0, 0, 0, 0, 0, 0, 0, 0, 0, 0, 0, 1, 1, 1, 1, 1, 1, 1, 1,
  1, 1, 1, 0, 0, 0, 0, 0, 0, 1, 1, 1, 1, 1, 1, 1, 1, 1, 1, 1, 1, 1, 1, 1, 1, 1, 1, 1, 1, 1, 1, 1,
  1, 1, 1, 1, 1, 1, 1, 1, 1, 1, 1, 1, 1, 1, 1, 0, 0, 0, 0, 0, 0, 0, 0, 0, 0, 0, 0, 0, 0, 0, 0, 0,
  0, 0, 0, 0, 0, 0, 0, 0, 0, 0, 0, 0, 0, 0, 0, 0, 0, 0, 0, 0, 0, 0, 0, 0, 0, 0, 0, 0, 0, 0, 0, 0,
  0, 0, 0, 0, 1, 1, 1, 1, 1, 1, 1, 1, 1, 1, 1, 1, 1, 0, 0, 1, 1, 1, 1, 1, 1, 1, 1, 1, 1, 1, 1, 1,
  1, 1, 1, 1, 1, 1, 1, 1, 1, 1, 1, 1, 1, 1, 1, 1, 1, 1, 1, 1, 1, 1, 1, 1, 1, 1, 0, 0, 0, 0, 0, 0,
  0, 0, 0, 0, 0, 0, 0, 0, 0, 0, 0, 0, 0, 0, 0, 0, 0, 0, 0, 0, 0, 0, 0, 0, 0, 0, 0, 0, 0, 0, 0, 0,
  0, 0, 0, 0, 0, 0, 0, 0, 0, 0, 0, 0, 0, 0, 0, 0, 1, 1, 1, 1, 1, 1, 1, 1, 1, 1, 1, 1, 1, 1, 1, 1,
  1, 1, 1, 1, 1, 1, 1, 1, 1, 1, 1, 1, 1, 1, 1, 1, 1, 1, 1, 1, 1, 1, 1, 1, 1, 1, 1, 1, 1, 1, 1, 1,
  1, 1, 1, 1, 1, 0, 0, 0, 0, 0, 0, 0, 0, 0, 0, 0, 0, 0, 0, 0, 0, 0, 0, 0, 0, 0, 0, 0, 0, 0, 0, 0,
  0, 0, 0, 0, 0, 0, 0, 0, 0, 0, 0, 0, 0, 0, 0, 0, 0, 0, 0, 0, 0, 0, 0, 0, 0, 0, 0, 1, 1, 1, 1, 1,
  1, 1, 1, 1, 1, 1, 1, 1, 1, 1, 1, 1, 1, 1, 1, 1, 1, 1, 1, 1, 1, 1, 1, 1, 1, 1, 1, 1, 1, 1, 1, 1,
  1, 1, 1, 0, 0, 0, 0, 0, 1, 1, 1, 1, 1, 1, 1, 0, 0, 0, 0, 0, 0, 0, 0, 0, 0, 0, 0, 0, 0, 0, 0, 0,
  0, 0, 0, 0, 0, 0, 0, 0, 0, 0, 0, 0, 0, 0, 0, 0, 0, 0, 0, 0, 0, 0, 0, 0, 0, 0, 0, 0, 0, 0, 0, 0,
  1, 0, 0, 0, 0, 0, 0, 1, 1, 1, 1, 1, 1, 1, 1, 1, 1, 1, 1, 1, 1, 1, 1, 1, 1, 1, 1, 1, 1, 1, 1, 1,
  1, 1, 1, 1, 1, 1, 1, 1, 1, 1, 1, 1, 1, 1, 1, 1, 1, 1, 0, 0, 1, 1, 1, 1, 1, 1, 0, 0, 0, 0, 0, 0,
  0, 0, 0, 0, 0, 0, 0, 0, 0, 0, 0, 0, 0, 0, 0, 0, 0, 0, 0, 0, 0, 0, 0, 0, 0, 0, 0, 0, 0, 0, 0, 0,
  0, 0, 0, 0, 0, 0, 0, 0, 0, 0, 0, 0, 0, 0, 0, 0, 0, 0, 1, 1, 1, 1, 1, 1, 1, 1, 1, 1, 1, 1, 1, 1,
  1, 1, 1, 1, 1, 1, 1, 1, 1, 1, 1, 1, 1, 1, 1, 1, 1, 1, 1, 1, 1, 1, 1, 1, 1, 1, 1, 1, 1, 1, 0, 1,
  1, 1, 1, 1, 1, 0, 0, 0, 0, 0, 0, 0, 0, 0, 0, 0, 0, 0, 0, 0, 0, 0, 0, 0, 0, 0, 0, 0, 0, 0, 0, 0,
  0, 0, 0, 0, 0, 0, 0, 0, 0, 0, 0, 0, 0, 0, 0, 0, 0, 0, 0, 0, 0, 0, 0, 0, 0, 0, 0, 0, 0, 0, 1, 1,
  1, 1, 1, 1, 1, 1, 1, 1, 1, 1, 0, 1, 1, 0, 0, 1, 1, 1, 1, 1, 1, 1, 1, 1, 1, 1, 1, 1, 1, 1, 1, 1,
  1, 1, 1, 1, 1, 1, 1, 1, 1, 1, 0, 1, 1, 1, 1, 0, 0, 0, 0, 0, 0, 0, 0, 0, 0, 0, 0, 0, 0, 0, 0, 0,
  0, 0, 0, 0, 0, 0, 0, 0, 1, 0, 0, 0, 0, 0, 0, 0, 0, 0, 0, 0, 0, 0, 0, 0, 0, 0, 0, 0, 0, 0, 0, 0,
  0, 0, 0, 0, 0, 0, 0, 0, 0, 0, 1, 1, 1, 1, 1, 1, 1, 1, 1, 0, 0, 1, 1, 1, 1, 1, 0, 1, 1, 1, 1, 1,
  1, 1, 1, 1, 1, 1, 1, 1, 1, 1, 1, 1, 1, 1, 1, 1, 1, 1, 1, 1, 1, 0, 1, 1, 1, 1, 0, 0, 0, 0, 0, 0,
  0, 0, 0, 0, 0, 0, 0, 0, 0, 0, 0, 0, 0, 1, 0, 0, 0, 0, 0, 1, 0, 0, 0, 0, 0, 0, 0, 0, 0, 0, 0, 0,
  0, 0, 0, 0, 0, 0, 0, 0, 0, 0, 0, 0, 0, 0, 0, 0, 0, 0, 0, 0, 0, 1, 1, 1, 1, 1, 1, 1, 1, 1, 1, 1,
  1, 1, 1, 1, 1, 1, 1, 1, 1, 1, 1, 1, 1, 1, 1, 1, 1, 1, 1, 1, 1, 1, 1, 1, 1, 1, 1, 1, 0, 0, 1, 1,
  1, 1, 1, 1, 1, 0, 0, 0, 0, 0, 0, 0, 0, 0, 0, 0, 0, 0, 0, 0, 0, 0, 0, 0, 1, 0, 0, 0, 0, 0, 1, 0,
  0, 0, 0, 0, 0, 0, 0, 0, 0, 0, 0, 0, 0, 0, 0, 0, 0, 0, 0, 0, 0, 0, 0, 0, 0, 0, 0, 0, 0, 0, 0, 0,
  0, 1, 1, 1, 1, 1, 1, 1, 0, 1, 1, 1, 1, 1, 1, 1, 1, 1, 1, 1, 1, 1, 1, 1, 1, 1, 1, 1, 1, 1, 1, 1,
  1, 1, 1, 1, 1, 1, 0, 0, 0, 1, 1, 1, 1, 1, 1, 1, 0, 0, 0, 0, 0, 0, 0, 0, 0, 0, 0, 0, 0, 0, 0, 1,
  1, 1, 1, 1, 1, 0, 0, 0, 1, 1, 1, 0, 0, 0, 0, 0, 0, 0, 0, 0, 0, 0, 0, 0, 0, 0, 0, 0, 0, 0, 0, 0,
  0, 0, 0, 0, 0, 0, 0, 0, 0, 0, 0, 0, 1, 1, 1, 1, 1, 1, 1, 0, 1, 1, 1, 1, 1, 1, 1, 1, 1, 1, 1, 1,
  1, 1, 1, 1, 1, 1, 1, 1, 1, 1, 1, 1, 1, 1, 1, 1, 0, 0, 0, 0, 1, 1, 1, 1, 1, 1, 0, 0, 0, 0, 0, 0,
  0, 0, 0, 0, 0, 0, 0, 0, 0, 0, 1, 1, 1, 1, 1, 1, 1, 0, 0, 1, 1, 1, 1, 1, 1, 1, 1, 0, 0, 0, 0, 0,
  0, 0, 0, 0, 0, 0, 0, 0, 0, 0, 0, 0, 0, 0, 0, 0, 0, 0, 0, 0, 0, 0, 0, 0, 1, 1, 1, 1, 1, 1, 0, 1,
  1, 0, 0, 0, 1, 1, 1, 1, 1, 1, 1, 1, 1, 1, 1, 1, 1, 1, 1, 1, 1, 1, 1, 1, 1, 1, 0, 0, 0, 0, 0, 1,
  1, 1, 1, 1, 1, 0, 0, 0, 0, 0, 0, 0, 0, 0, 0, 0, 0, 0, 0, 0, 1, 1, 1, 1, 1, 3, 3, 1, 1, 1, 1, 3,
  1, 1, 1, 1, 3, 1, 0, 0, 0, 0, 0, 0, 0, 0, 0, 0, 0, 0, 0, 0, 0, 0, 0, 0, 0, 0, 0, 0, 0, 0, 0, 0,
  0, 0, 0, 1, 1, 1, 1, 1, 1, 1, 1, 1, 0, 0, 0, 0, 0, 1, 1, 1, 1, 1, 1, 1, 1, 1, 1, 1, 1, 1, 1, 1,
  1, 1, 1, 1, 1, 0, 2, 2, 0, 0, 1, 1, 1, 1, 1, 1, 0, 0, 0, 0, 0, 1, 0, 0, 0, 0, 0, 0, 0, 0, 0, 0,
  0, 0, 1, 3, 3, 3, 1, 1, 1, 3, 3, 1, 1, 3, 3, 1, 1, 1, 0, 0, 0, 0, 0, 0, 0, 0, 0, 0, 0, 0, 0, 0,
  0, 0, 0, 0, 0, 0, 0, 0, 0, 0, 0, 0, 0, 0, 0, 1, 1, 1, 1, 1, 1, 1, 1, 1, 0, 0, 0, 0, 0, 1, 1, 1,
  1, 1, 1, 1, 1, 1, 1, 1, 1, 1, 1, 1, 1, 1, 1, 0, 2, 2, 2, 0, 0, 1, 1, 1, 1, 1, 1, 0, 0, 0, 0, 1,
  0, 0, 0, 0, 0, 0, 0, 0, 0, 0, 0, 0, 0, 0, 0, 0, 0, 1, 1, 0, 3, 3, 3, 3, 3, 1, 1, 1, 1, 0, 0, 0,
  0, 0, 0, 0, 0, 0, 0, 0, 0, 0, 0, 0, 0, 0, 0, 0, 0, 0, 1, 0, 0, 0, 0, 0, 0, 0, 1, 1, 1, 1, 1, 1,
  1, 1, 1, 0, 0, 0, 0, 0, 0, 1, 1, 1, 1, 1, 1, 1, 1, 1, 1, 1, 1, 1, 1, 1, 1, 0, 0, 0, 0, 2, 0, 0,
  1, 1, 1, 1, 1, 0, 0, 0, 0, 1, 1, 0, 0, 0, 0, 0, 0, 0, 0, 0, 0, 0, 0, 3, 3, 3, 3, 0, 0, 3, 0, 0,
  1, 1, 0, 0, 0, 1, 1, 1, 0, 0, 0, 0, 0, 0, 0, 0, 0, 0, 0, 0, 0, 0, 0, 0, 0, 0, 0, 0, 0, 0, 0, 0,
  0, 0, 0, 0, 0, 0, 1, 1, 1, 1, 1, 1, 1, 1, 0, 0, 2, 2, 2, 0, 0, 1, 1, 1, 1, 1, 1, 1, 1, 1, 1, 1,
  1, 1, 1, 1, 0, 0, 0, 2, 2, 0, 0, 1, 1, 1, 1, 1, 0, 0, 0, 1, 1, 0, 0, 0, 0, 0, 0, 0, 0, 0, 0, 0,
  0, 0, 3, 3, 3, 3, 3, 3, 3, 3, 0, 1, 0, 0, 3, 0, 0, 1, 1, 1, 0, 0, 0, 0, 0, 0, 0, 0, 0, 0, 0, 0,
  0, 0, 0, 0, 0, 0, 0, 0, 0, 0, 0, 0, 0, 0, 0, 0, 0, 1, 1, 1, 1, 1, 1, 1, 1, 0, 0, 2, 2, 2, 2, 0,
  1, 1, 1, 1, 1, 1, 1, 1, 1, 1, 1, 1, 1, 1, 1, 0, 0, 0, 2, 2, 0, 0, 1, 1, 1, 1, 1, 0, 0, 1, 1, 0,
  0, 0, 0, 0, 0, 0, 0, 0, 0, 0, 0, 0, 0, 3, 3, 0, 3, 3, 3, 3, 3, 1, 1, 3, 3, 3, 3, 0, 0, 1, 1, 0,
  0, 0, 0, 0, 0, 0, 0, 0, 0, 0, 0, 0, 0, 0, 0, 0, 0, 0, 0, 0, 0, 0, 0, 0, 0, 0, 0, 0, 0, 1, 1, 1,
  1, 1, 1, 1, 1, 0, 0, 2, 2, 0, 0, 0, 1, 1, 1, 1, 1, 1, 1, 1, 1, 1, 1, 1, 1, 0, 0, 0, 2, 2, 0, 0,
  0, 1, 1, 1, 1, 0, 0, 1, 1, 0, 0, 0, 0, 0, 0, 0, 0, 0, 0, 0, 0, 0, 0, 3, 3, 3, 3, 3, 3, 3, 3, 3,
  3, 3, 0, 3, 3, 3, 0, 3, 1, 1, 0, 0, 0, 0, 0, 0, 0, 0, 0, 0, 0, 0, 0, 0, 0, 0, 0, 0, 0, 0, 0, 0,
  0, 1, 0, 0, 0, 0, 0, 0, 1, 1, 1, 1, 1, 1, 1, 1, 0, 0, 2, 2, 1, 0, 0, 0, 1, 1, 1, 1, 1, 1, 1, 1,
  1, 1, 1, 0, 2, 2, 2, 2, 0, 0, 0, 1, 1, 1, 1, 1, 1, 1, 0, 0, 0, 0, 0, 0, 0, 0, 0, 0, 0, 0, 0, 0,
  0, 0, 3, 3, 3, 3, 3, 3, 3, 3, 3, 3, 3, 3, 3, 3, 3, 1, 1, 1, 1, 0, 0, 0, 0, 0, 0, 0, 0, 0, 0, 0,
  0, 0, 0, 0, 0, 0, 0, 0, 0, 0, 0, 0, 0, 1, 0, 0, 0, 0, 0, 0, 1, 1, 1, 1, 1, 1, 1, 0, 0, 2, 2, 0,
  0, 1, 2, 0, 1, 1, 1, 1, 1, 0, 0, 1, 1, 1, 0, 0, 0, 0, 0, 1, 1, 1, 1, 1, 1, 1, 1, 1, 1, 0, 0, 0,
  0, 0, 0, 0, 0, 0, 0, 0, 0, 0, 0, 0, 0, 3, 3, 3, 3, 3, 3, 3, 3, 3, 3, 3, 3, 3, 3, 3, 1, 1, 1, 1,
  0, 0, 0, 0, 0, 0, 0, 0, 0, 0, 0, 0, 0, 0, 0, 0, 0, 0, 0, 0, 0, 0, 0, 0, 0, 1, 1, 1, 0, 0, 0, 1,
  1, 1, 1, 1, 1, 1, 0, 0, 0, 2, 2, 2, 2, 2, 2, 0, 1, 1, 0, 0, 0, 0, 0, 0, 0, 0, 0, 0, 1, 1, 1, 1,
  1, 1, 1, 1, 1, 1, 1, 1, 1, 0, 0, 0, 0, 0, 0, 0, 0, 0, 0, 0, 0, 0, 0, 0, 3, 3, 3, 3, 3, 3, 3, 3,
  3, 3, 3, 3, 3, 3, 3, 0, 3, 1, 1, 0, 0, 0, 0, 0, 0, 0, 0, 0, 0, 0, 0, 0, 0, 0, 0, 0, 0, 0, 0, 0,
  0, 0, 0, 0, 0, 1, 1, 1, 1, 0, 0, 1, 1, 1, 1, 1, 1, 1, 1, 0, 0, 0, 0, 0, 0, 0, 0, 0, 0, 0, 1, 1,
  1, 1, 1, 1, 1, 1, 1, 1, 1, 1, 1, 1, 1, 1, 1, 1, 1, 1, 1, 1, 1, 0, 0, 0, 0, 0, 0, 0, 0, 0, 0, 0,
  0, 0, 0, 3, 0, 0, 0, 3, 3, 3, 3, 3, 3, 3, 3, 3, 3, 3, 3, 1, 1, 1, 0, 0, 0, 0, 0, 0, 0, 0, 0, 0,
  0, 0, 0, 0, 0, 0, 0, 0, 0, 0, 0, 0, 0, 0, 0, 0, 0, 0, 1, 1, 1, 0, 1, 1, 1, 1, 1, 1, 1, 1, 1, 1,
  1, 1, 1, 1, 1, 0, 1, 1, 1, 1, 1, 1, 1, 1, 1, 1, 1, 1, 1, 1, 1, 1, 1, 1, 1, 1, 1, 1, 1, 1, 1, 1,
  1, 0, 0, 0, 0, 0, 0, 0, 0, 0, 0, 0, 0, 0, 3, 1, 1, 1, 1, 3, 3, 3, 3, 3, 3, 3, 3, 3, 3, 0, 0, 0,
  1, 1, 0, 0, 0, 0, 0, 0, 0, 0, 0, 0, 0, 0, 0, 0, 0, 0, 0, 0, 0, 0, 0, 0, 0, 0, 0, 0, 0, 0, 0, 0,
  1, 1, 1, 1, 1, 1, 1, 1, 1, 1, 1, 1, 1, 1, 1, 1, 1, 1, 1, 1, 1, 1, 1, 1, 1, 1, 1, 1, 1, 1, 1, 1,
  1, 1, 1, 1, 1, 1, 1, 1, 1, 1, 1, 0, 0, 0, 0, 0, 0, 0, 0, 0, 0, 0, 0, 0, 0, 3, 1, 1, 3, 3, 3, 3,
  3, 3, 3, 3, 3, 3, 3, 3, 0, 0, 0, 0, 0, 0, 0, 0, 0, 0, 0, 0, 0, 0, 0, 0, 0, 0, 0, 0, 0, 0, 0, 0,
  0, 0, 0, 0, 0, 0, 0, 0, 0, 0, 0, 1, 1, 1, 1, 1, 1, 1, 1, 1, 1, 1, 1, 1, 1, 1, 1, 1, 1, 1, 0, 1,
  1, 1, 1, 1, 0, 1, 1, 1, 1, 1, 0, 0, 0, 1, 0, 1, 1, 1, 1, 1, 1, 1, 0, 0, 0, 0, 0, 0, 0, 0, 0, 0,
  0, 0, 0, 0, 3, 1, 3, 3, 3, 3, 3, 3, 3, 3, 3, 3, 3, 3, 3, 0, 0, 0, 0, 0, 0, 0, 0, 0, 0, 0, 0, 0,
  0, 0, 0, 0, 0, 0, 0, 0, 0, 0, 0, 0, 0, 0, 0, 0, 0, 0, 0, 0, 0, 1, 1, 1, 1, 1, 1, 1, 1, 1, 1, 1,
  1, 1, 1, 1, 1, 1, 1, 1, 1, 1, 1, 1, 1, 1, 1, 1, 1, 1, 1, 1, 1, 0, 1, 1, 1, 1, 1, 1, 1, 1, 1, 0,
  0, 0, 0, 0, 0, 0, 0, 0, 0, 0, 0, 0, 0, 0, 0, 3, 3, 3, 3, 3, 3, 3, 3, 3, 3, 3, 3, 3, 3, 0, 0, 0,
  0, 0, 0, 0, 0, 0, 0, 0, 0, 0, 0, 0, 0, 0, 0, 0, 0, 0, 0, 0, 0, 0, 0, 0, 0, 0, 0, 0, 0, 0, 0, 0,
  1, 1, 1, 1, 1, 1, 1, 1, 1, 1, 0, 0, 0, 1, 1, 1, 1, 1, 1, 1, 1, 1, 1, 1, 1, 1, 1, 1, 1, 1, 1, 1,
  1, 1, 1, 1, 1, 1, 1, 1, 1, 0, 0, 0, 0, 0, 0, 0, 0, 0, 0, 0, 0, 0, 0, 0, 0, 0, 3, 3, 3, 3, 3, 3,
  3, 3, 3, 3, 3, 3, 3, 3, 0, 0, 0, 0, 0, 0, 0, 0, 0, 0, 0, 0, 0, 0, 0, 0, 0, 0, 0, 0, 0, 0, 0, 0,
  0, 0, 0, 0, 0, 0, 0, 0, 0, 0, 0, 0, 1, 1, 1, 1, 1, 1, 1, 0, 0, 1, 1, 1, 1, 1, 1, 1, 1, 1, 1, 1,
  1, 1, 1, 1, 1, 1, 1, 1, 1, 1, 1, 1, 1, 1, 1, 1, 1, 1, 1, 0, 0, 0, 0, 0, 0, 0, 0, 0, 0, 0, 0, 0,
  0, 0, 0, 0, 0, 3, 3, 3, 3, 3, 3, 3, 3, 3, 3, 3, 3, 3, 3, 0, 0, 0, 0, 0, 0, 0, 0, 0, 0, 0, 0, 0,
  0, 0, 0, 0, 0, 0, 0, 0, 0, 0, 0, 0, 0, 0, 0, 0, 0, 0, 0, 0, 0, 0, 0, 0, 1, 1, 1, 1, 1, 1, 1, 1,
  1, 1, 1, 1, 1, 1, 1, 0, 0, 1, 1, 1, 1, 1, 1, 1, 0, 1, 1, 1, 1, 1, 1, 1, 1, 1, 1, 1, 0, 0, 0, 0,
  0, 0, 0, 0, 0, 0, 0, 0, 0, 0, 0, 0, 0, 0, 0, 0, 3, 3, 3, 3, 1, 1, 3, 3, 3, 3, 3, 3, 3, 3, 0, 0,
  0, 0, 0, 0, 0, 0, 0, 0, 0, 0, 0, 0, 0, 0, 0, 0, 0, 0, 0, 0, 0, 0, 0, 0, 0, 0, 0, 0, 0, 0, 0, 0,
  0, 0, 0, 0, 1, 1, 1, 1, 1, 1, 1, 1, 1, 1, 1, 1, 1, 1, 1, 1, 1, 1, 1, 1, 1, 1, 1, 1, 1, 1, 1, 1,
  1, 1, 1, 1, 1, 0, 0, 0, 0, 0, 0, 0, 0, 0, 0, 0, 0, 0, 0, 0, 0, 0, 0, 0, 0, 0, 0, 3, 1, 1, 1, 1,
  1, 3, 3, 3, 3, 3, 3, 3, 3, 0, 0, 0, 0, 0, 0, 0, 0, 0, 0, 0, 0, 0, 0, 0, 0, 0, 0, 0, 0, 0, 0, 0,
  0, 0, 0, 0, 0, 0, 0, 0, 0, 0, 0, 0, 0, 0, 0, 0, 1, 1, 1, 1, 1, 1, 1, 1, 1, 1, 1, 1, 1, 1, 1, 1,
  1, 1, 1, 1, 1, 1, 1, 1, 1, 1, 1, 1, 1, 1, 0, 0, 0, 0, 0, 0, 0, 0, 0, 0, 0, 0, 0, 0, 0, 0, 0, 0,
  0, 0, 0, 0, 0, 0, 3, 3, 3, 3, 3, 3, 3, 3, 3, 3, 3, 3, 3, 3, 0, 0, 0, 0, 0, 0, 0, 0, 0, 0, 0, 0,
  0, 0, 0, 0, 0, 0, 0, 0, 0, 0, 0, 0, 0, 0, 0, 0, 0, 0, 0, 0, 0, 0, 0, 0, 0, 0, 0, 0, 0, 1, 1, 1,
  1, 1, 1, 1, 1, 1, 1, 1, 1, 1, 1, 1, 1, 1, 1, 1, 1, 1, 1, 1, 1, 0, 0, 0, 0, 0, 0, 0, 0, 0, 0, 0,
  0, 0, 0, 0, 0, 0, 0, 0, 0, 0, 0, 0, 0, 0, 0, 0, 0, 3, 3, 3, 3, 3, 3, 3, 3, 3, 3, 3, 3, 3, 3, 0,
  0, 0, 0, 0, 0, 0, 0, 0, 0, 0, 0, 0, 0, 0, 0, 0, 0, 0, 0, 0, 0, 0, 0, 0, 0, 1, 0, 0, 0, 1, 1, 1,
  0, 0, 0, 0, 0, 0, 0, 0, 0, 0, 0, 1, 1, 1, 1, 1, 1, 1, 1, 1, 1, 1, 1, 1, 1, 1, 1, 1, 1, 1, 1, 0,
  0, 0, 0, 0, 0, 0, 0, 0, 0, 0, 0, 0, 0, 0, 0, 0, 0, 0, 0, 0, 0, 0, 0, 0, 0, 0, 0, 0, 3, 3, 3, 3,
  3, 3, 3, 0, 3, 3, 3, 3, 3, 0, 0, 0, 0, 0, 0, 0, 0, 0, 0, 0, 0, 0, 0, 0, 0, 0, 0, 0, 0, 0, 0, 0,
  0, 0, 1, 1, 1, 1, 0, 0, 1, 1, 1, 1, 0, 0, 0, 0, 0, 0, 0, 0, 1, 1, 1, 1, 0, 0, 0, 1, 1, 0, 0, 1,
  1, 1, 1, 1, 1, 1, 1, 1, 1, 0, 0, 0, 0, 0, 0, 0, 0, 0, 0, 0, 0, 0, 0, 0, 0, 0, 0, 0, 0, 0, 0, 0,
  0, 0, 0, 0, 0, 0, 0, 3, 3, 3, 3, 3, 3, 3, 3, 3, 3, 3, 3, 3, 0, 0, 0, 0, 0, 0, 0, 0, 0, 0, 0, 0,
  0, 0, 0, 0, 0, 0, 0, 0, 0, 0, 0, 0, 0, 1, 1, 1, 1, 1, 1, 1, 1, 1, 1, 0, 0, 0, 0, 0, 0, 0, 0, 1,
  1, 1, 1, 1, 1, 1, 1, 1, 1, 1, 0, 0, 1, 1, 1, 1, 1, 1, 1, 1, 1, 0, 0, 0, 0, 0, 0, 0, 0, 0, 0, 0,
  0, 0, 0, 0, 0, 0, 0, 0, 0, 0, 0, 0, 0, 0, 0, 0, 0, 0, 0, 0, 0, 0, 0, 0, 0, 0, 0, 0, 0, 0, 0, 0,
  0, 0, 0, 0, 0, 0, 0, 0, 0, 0, 0, 0, 0, 0, 0, 0, 0, 0, 0, 0, 0, 0, 0, 1, 1, 1, 1, 1, 1, 1, 1, 1,
  1, 1, 0, 0, 0, 0, 0, 0, 0, 1, 1, 1, 1, 1, 1, 1, 1, 1, 1, 1, 1, 1, 0, 0, 0, 0, 0, 0, 0, 0, 1, 1,
  0, 0, 0, 0, 0, 0, 0, 0, 0, 0, 0, 0, 0, 0, 0, 0, 0, 0, 0, 0, 0, 0, 0, 0, 0, 0, 0, 0, 0, 0, 0, 0,
  0, 0, 0, 0, 0, 0, 0, 0, 0, 0, 0, 0, 0, 0, 0, 0, 0, 0, 0, 0, 0, 0, 0, 0, 0, 0, 0, 0, 0, 0, 0, 0,
  0, 1, 1, 1, 1, 1, 1, 1, 1, 1, 1, 1, 1, 1, 0, 0, 0, 0, 0, 0, 1, 1, 1, 1, 1, 1, 1, 1, 1, 1, 1, 1,
  1, 1, 1, 1, 1, 0, 1, 1, 1, 1, 1, 0, 0, 0, 0, 0, 0, 0, 0, 0, 0, 0, 0, 0, 0, 0, 0, 0, 0, 0, 0, 0,
  0, 0, 0, 0, 0, 0, 0, 0, 0, 0, 0, 0, 0, 0, 0, 0, 0, 0, 0, 0, 0, 0, 0, 0, 0, 0, 0, 0, 0, 0, 0, 0,
  0, 0, 0, 0, 0, 0, 0, 0, 0, 0, 0, 1, 1, 1, 1, 1, 1, 1, 1, 1, 1, 0, 1, 1, 1, 0, 0, 0, 0, 0, 1, 1,
  1, 1, 1, 1, 1, 1, 1, 1, 1, 1, 1, 1, 1, 1, 1, 1, 1, 1, 1, 1, 1, 1, 0, 0, 0, 0, 0, 0, 0, 0, 0, 0,
  0, 0, 0, 0, 0, 0, 0, 0, 0, 0, 0, 0, 0, 0, 0, 0, 0, 0, 0, 0, 0, 0, 0, 0, 0, 0, 0, 0, 0, 0, 0, 0,
  0, 0, 0, 0, 0, 0, 0, 0, 0, 0, 0, 0, 0, 0, 0, 0, 0, 0, 0, 0, 0, 0, 0, 1, 1, 1, 1, 1, 1, 1, 1, 1,
  0, 1, 0, 0, 0, 0, 0, 0, 0, 1, 1, 1, 1, 1, 1, 1, 1, 1, 1, 1, 1, 1, 1, 1, 1, 1, 1, 1, 1, 1, 1, 1,
  1, 0, 0, 0, 0, 0, 0, 0, 0, 0, 0, 0, 0, 0, 0, 0, 0, 0, 0, 0, 0, 0, 0, 0, 0, 0, 0, 0, 0, 0, 0, 0,
  1, 1, 0, 0, 0, 0, 0, 0, 0, 0, 0, 0, 0, 0, 0, 0, 0, 0, 0, 0, 0, 0, 0, 0, 0, 0, 0, 0, 0, 0, 0, 0,
  0, 1, 1, 1, 1, 1, 1, 1, 0, 0, 1, 1, 1, 0, 0, 0, 0, 0, 0, 1, 1, 1, 1, 1, 1, 1, 1, 1, 1, 1, 1, 1,
  1, 1, 1, 1, 1, 1, 1, 1, 1, 1, 1, 0, 0, 0, 0, 0, 0, 0, 0, 0, 0, 0, 0, 0, 0, 0, 0, 0, 0, 0, 0, 0,
  0, 0, 0, 1, 0, 0, 1, 1, 1, 1, 1, 1, 1, 0, 0, 0, 0, 0, 0, 0, 0, 0, 0, 0, 0, 0, 0, 0, 0, 0, 0, 0,
  0, 0, 0, 0, 0, 0, 0, 0, 0, 0, 0, 0, 1, 1, 1, 1, 1, 1, 1, 1, 1, 1, 1, 1, 0, 0, 0, 0, 0, 1, 1, 1,
  1, 1, 1, 1, 1, 1, 1, 1, 1, 1, 1, 1, 1, 1, 1, 1, 1, 1, 1, 1, 1, 0, 0, 0, 0, 0, 0, 0, 0, 0, 0, 0,
  0, 0, 0, 0, 0, 0, 0, 0, 0, 1, 1, 1, 1, 1, 1, 1, 1, 1, 1, 1, 1, 1, 1, 1, 0, 0, 0, 0, 0, 0, 0, 0,
  0, 0, 0, 0, 0, 0, 0, 0, 0, 0, 0, 0, 0, 0, 0, 0, 0, 0, 0, 0, 0, 0, 0, 1, 1, 1, 1, 1, 1, 1, 1, 1,
  1, 1, 1, 0, 0, 0, 0, 1, 1, 1, 1, 1, 1, 1, 1, 1, 1, 1, 1, 1, 1, 1, 1, 1, 1, 1, 1, 1, 1, 1, 1, 0,
  0, 0, 0, 0, 0, 0, 0, 0, 0, 0, 0, 0, 1, 1, 1, 1, 1, 1, 1, 1, 1, 1, 1, 1, 1, 1, 1, 1, 1, 1, 1, 0,
  0, 0, 0, 0, 0, 0, 0, 0, 0, 0, 0, 0, 0, 0, 0, 0, 0, 0, 0, 0, 0, 0, 0, 0, 0, 0, 0, 0, 0, 0, 0, 0,
  0, 0, 0, 1, 1, 1, 1, 1, 1, 1, 1, 1, 1, 1, 1, 1, 0, 0, 1, 1, 1, 1, 1, 1, 1, 0, 1, 1, 1, 1, 1, 1,
  1, 1, 1, 1, 1, 1, 1, 1, 0, 0, 0, 0, 0, 0, 0, 1, 1, 0, 0, 0, 1, 1, 1, 1, 1, 1, 0, 1, 1, 1, 1, 1,
  1, 1, 1, 1, 0, 0, 0, 0, 0, 0, 0, 0, 0, 0, 0, 0, 0, 0, 0, 0, 0, 0, 0, 0, 0, 0, 0, 0, 0, 0, 0, 0,
  0, 0, 0, 0, 0, 0, 0, 0, 0, 0, 0, 0, 0, 0, 1, 1, 1, 1, 1, 1, 0, 1, 1, 1, 1, 1, 1, 1, 1, 1, 1, 1,
  1, 1, 1, 0, 0, 1, 1, 1, 1, 1, 1, 1, 1, 1, 1, 1, 1, 1, 0, 0, 0, 0, 0, 0, 1, 1, 1, 1, 0, 0, 0, 1,
  1, 1, 1, 1, 1, 1, 1, 1, 1, 1, 1, 1, 1, 0, 0, 0, 0, 0, 0, 0, 0, 0, 0, 0, 0, 0, 0, 0, 0, 0, 0, 0,
  0, 0, 0, 0, 0, 0, 0, 0, 0, 0, 0, 0, 0, 0, 0, 0, 0, 0, 0, 0, 0, 0, 0, 0, 0, 0, 1, 1, 1, 1, 1, 1,
  1, 1, 1, 1, 1, 1, 1, 1, 1, 1, 1, 1, 1, 0, 0, 0, 1, 1, 1, 1, 1, 1, 1, 1, 1, 1, 1, 1, 0, 0, 0, 0,
  0, 1, 1, 1, 1, 1, 0, 0, 0, 0, 0, 1, 1, 1, 1, 1, 1, 1, 1, 1, 1, 1, 1, 0, 0, 0, 0, 0, 0, 0, 0, 0,
  0, 0, 0, 0, 0, 0, 0, 0, 0, 0, 0, 0, 0, 0, 0, 0, 0, 0, 0, 0, 0, 0, 0, 0, 0, 0, 0, 0, 0, 0, 0, 0,
  0, 0, 0, 0, 0, 0, 1, 1, 1, 1, 1, 1, 1, 1, 1, 1, 1, 1, 1, 1, 1, 1, 1, 0, 0, 0, 0, 1, 1, 1, 1, 1,
  1, 1, 1, 1, 1, 0, 0, 0, 0, 0, 0, 1, 1, 1, 1, 1, 1, 0, 0, 0, 0, 0, 1, 1, 1, 1, 1, 1, 1, 1, 1, 1,
  1, 1, 0, 0, 0, 0, 0, 0, 0, 0, 0, 0, 0, 0, 0, 0, 0, 0, 0, 0, 0, 0, 0, 0, 0, 0, 0, 0, 0, 0, 0, 0,
  0, 0, 0, 0, 0, 0, 0, 0, 0, 0, 0, 0, 0, 0, 0, 0, 0, 0, 1, 1, 1, 1, 1, 1, 1, 1, 1, 1, 1, 1, 1, 1,
  1, 0, 0, 0, 0, 0, 1, 1, 1, 1, 1, 1, 1, 1, 1, 0, 0, 0, 0, 0, 1, 1, 1, 1, 1, 1, 1, 1, 0, 0, 0, 0,
  0, 0, 1, 1, 1, 1, 1, 1, 1, 1, 1, 1, 0, 0, 0, 0, 0, 0, 0, 0, 0, 0, 0, 0, 0, 0, 0, 0, 0, 0, 0, 0,
  0, 0, 0, 0, 0, 0, 0, 0, 0, 0, 0, 0, 0, 0, 0, 0, 0, 0, 0, 0, 0, 0, 0, 0, 0, 0, 0, 0, 0, 0, 0, 1,
  1, 1, 1, 1, 1, 1, 1, 1, 1, 1, 1, 0, 0, 0, 0, 0, 0, 1, 1, 1, 1, 1, 1, 1, 1, 0, 0, 0, 0, 0, 1, 1,
  1, 1, 1, 1, 1, 1, 1, 0, 0, 0, 0, 0, 0, 0, 1, 1, 1, 1, 1, 1, 1, 1, 0, 0, 0, 0, 0, 0, 0, 0, 0, 0,
  0, 0, 0, 0, 0, 0, 0, 0, 0, 0, 0, 0, 0, 0, 0, 0, 0, 0, 0, 0, 0, 0, 0, 0, 0, 0, 0, 0, 0, 0, 0, 0,
  0, 0, 0, 0, 0, 0, 0, 0, 0, 0, 0, 0, 0, 0, 0, 1, 1, 1, 1, 1, 1, 1, 0, 0, 0, 0, 0, 0, 1, 1, 1, 1,
  1, 1, 0, 0, 0, 0, 0, 1, 1, 1, 1, 1, 1, 1, 1, 1, 1, 1, 1, 0, 0, 0, 0, 0, 0, 0, 1, 1, 1, 1, 1, 1,
  0, 0, 0, 0, 0, 0, 0, 0, 0, 0, 0, 0, 0, 0, 0, 0, 0, 0, 0, 0, 0, 0, 0, 0, 0, 0, 0, 0, 0, 0, 0, 0,
  0, 0, 0, 0, 0, 0, 0, 0, 0, 0, 0, 0, 0, 0, 0, 0, 0, 0, 0, 0, 0, 0, 0, 0, 0, 0, 0, 1, 1, 1, 1, 1,
  0, 0, 0, 0, 0, 0, 0, 1, 1, 1, 1, 1, 0, 0, 0, 0, 0, 1, 1, 1, 1, 1, 1, 1, 1, 1, 1, 1, 1, 1, 0, 0,
  0, 0, 0, 0, 0, 0, 1, 1, 1, 1, 0, 0, 0, 0, 0, 0, 0, 0, 0, 0, 0, 0, 0, 0, 0, 0, 0, 0, 0, 0, 0, 0,
  0, 0, 0, 0, 0, 0, 0, 0, 0, 0, 0, 0, 0, 0, 0, 0, 0, 0, 0, 0, 0, 0, 0, 0, 0, 0, 0, 0, 0, 0, 0, 0,
  0, 0, 0, 0, 0, 0, 0, 0, 0, 0, 0, 0, 0, 0, 0, 0, 0, 0, 1, 1, 1, 1, 0, 0, 0, 0, 0, 1, 1, 1, 1, 1,
  1, 1, 1, 1, 1, 1, 1, 1, 1, 0, 0, 0, 0, 0, 0, 0, 0, 1, 1, 0, 0, 0, 0, 0, 0, 0, 0, 0, 0, 0, 0, 0,
  0, 0, 0, 0, 0, 0, 0, 0, 0, 0, 0, 0, 0, 0, 0, 0, 0, 0, 0, 0, 0, 0, 0, 0, 0, 0, 0, 0, 0, 0, 0, 0,
  0, 0, 0, 0, 0, 0, 0, 0, 0, 0, 0, 0, 0, 0, 0, 0, 0, 0, 0, 0, 0, 0, 0, 0, 0, 0, 0, 0, 1, 1, 1, 0,
  0, 0, 0, 0, 1, 1, 1, 1, 1, 1, 1, 1, 1, 1, 1, 1, 1, 1, 1, 1, 0, 0, 0, 0, 0, 0, 0, 0, 0, 0, 0, 0,
  0, 0, 0, 0, 0, 0, 0, 0, 0, 0, 0, 0, 0, 0, 0, 0, 0, 0, 0, 0, 0, 0, 0, 0, 0, 0, 0, 0, 0, 0, 0, 0,
  0, 0, 0, 0, 0, 0, 0, 0, 0, 0, 0, 0, 0, 0, 0, 0, 0, 0, 0, 0, 0, 0, 0, 0, 0, 0, 0, 0, 0, 0, 0, 0,
  0, 0, 0, 0, 0, 0, 0, 0, 0, 0, 0, 0, 0, 0, 1, 1, 1, 1, 1, 1, 1, 1, 1, 1, 1, 1, 1, 1, 1, 1, 1, 0,
  0, 0, 0, 0, 0, 0, 0, 0, 0, 0, 0, 0, 0, 0, 0, 0, 0, 0, 0, 0, 0, 0, 0, 0, 0, 0, 0, 0, 0, 0, 0, 0,
  0, 0, 0, 0, 0, 0, 0, 0, 0, 0, 0, 0, 0, 0, 0, 0, 0, 0, 0, 0, 0, 0, 0, 0, 0, 0, 0, 0, 0, 0, 0, 0,
  0, 0, 0, 0, 0, 0, 0, 0, 0, 0, 0, 0, 0, 0, 0, 0, 0, 0, 0, 0, 0, 0, 0, 1, 1, 1, 1, 1, 1, 1, 1, 1,
  1, 1, 1, 1, 1, 1, 1, 1, 1, 1, 0, 0, 0, 0, 0, 0, 0, 0, 0, 0, 0, 0, 0, 0, 0, 0, 0, 0, 0, 0, 0, 0,
  0, 0, 0, 0, 0, 0, 0, 0, 0, 0, 0, 0, 0, 0, 0, 0, 0, 0, 0, 0, 0, 0, 0, 0, 0, 0, 0, 0, 0, 0, 0, 0,
  0, 0, 0, 0, 0, 0, 0, 0, 0, 0, 0, 0, 0, 0, 0, 0, 0, 0, 0, 0, 0, 0, 0, 0, 0, 0, 0, 0, 0, 0, 0, 0,
  0, 1, 1, 1, 1, 1, 1, 1, 1, 1, 1, 1, 1, 1, 1, 1, 1, 1, 1, 1, 1, 0, 0, 0, 0, 0, 0, 0, 0, 0, 0, 0,
  0, 0, 0, 0, 0, 0, 0, 0, 0, 0, 0, 0, 0, 0, 0, 0, 0, 0, 0, 0, 0, 0, 0, 0, 0, 0, 0, 0, 0, 0, 0, 0,
  0, 0, 0, 0, 0, 0, 0, 0, 0, 0, 0, 0, 0, 0, 0, 0, 0, 0, 0, 0, 0, 0, 0, 0, 0, 0, 0, 0, 0, 0, 0, 0,
  0, 0, 0, 0, 0, 0, 0, 0, 0, 0, 1, 1, 1, 1, 1, 1, 1, 1, 1, 1, 1, 1, 1, 1, 1, 1, 1, 1, 1, 1, 1, 0,
  0, 0, 0, 0, 0, 0, 0, 0, 0, 0, 0, 0, 0, 0, 0, 0, 0, 0, 0, 0, 0, 0, 0, 0, 0, 0, 0, 0, 0, 0, 0, 0,
  0, 0, 0, 0, 0, 0, 0, 0, 0, 0, 0, 0, 0, 0, 0, 0, 0, 0, 0, 0, 0, 0, 0, 0, 0, 0, 0, 0, 0, 0, 0, 0,
  0, 0, 0, 0, 0, 0, 0, 0, 0, 0, 0, 0, 0, 0, 0, 0, 0, 0, 0, 0, 0, 1, 1, 1, 1, 1, 1, 1, 1, 1, 1, 1,
  1, 1, 1, 1, 1, 1, 1, 1, 1, 0, 0, 0, 0, 0, 0, 0, 0, 0, 0, 0, 0, 0, 0, 0, 0, 0, 0, 0, 0, 0, 0, 0,
  0, 0, 0, 0, 0, 0, 0, 0, 0, 0, 0, 0, 0, 0, 0, 0, 0, 0, 0, 0, 0, 0, 0, 0, 0, 0, 0, 0, 0, 0, 0, 0,
  0, 0, 0, 0, 0, 0, 0, 0, 0, 0, 0, 0, 0, 0, 0, 0, 0, 0, 0, 0, 0, 0, 0, 0, 0, 0, 0, 0, 0, 0, 0, 1,
  1, 1, 1, 1, 1, 1, 1, 1, 1, 1, 1, 1, 1, 1, 1, 1, 1, 1, 1, 0, 1, 1, 0, 0, 0, 0, 0, 0, 0, 0, 0, 0,
  0, 0, 0, 0, 0, 0, 0, 0, 0, 0, 0, 0, 0, 0, 0, 0, 0, 0, 0, 0, 0, 0, 0, 0, 0, 0, 0, 0, 0, 0, 0, 0,
  0, 0, 0, 0, 0, 0, 0, 0, 0, 0, 0, 0, 0, 0, 0, 0, 0, 0, 0, 0, 0, 0, 0, 0, 0, 0, 0, 0, 0, 0, 0, 0,
  0, 0, 0, 0, 0, 0, 0, 0, 0, 1, 1, 1, 0, 0, 1, 1, 1, 1, 1, 1, 1, 1, 1, 1, 1, 1, 1, 1, 1, 0, 1, 1,
  1, 1, 0, 0, 0, 0, 0, 0, 0, 0, 0, 0, 0, 0, 0, 0, 0, 0, 0, 0, 0, 0, 0, 0, 0, 0, 0, 0, 0, 0, 0, 0,
  0, 0, 0, 0, 0, 0, 0, 0, 0, 0, 0, 0, 0, 0, 0, 0, 0, 0, 0, 0, 0, 0, 0, 0, 0, 0, 0, 0, 0, 0, 0, 0,
  0, 0, 0, 0, 0, 0, 0, 0, 0, 0, 0, 0, 0, 0, 0, 0, 0, 0, 0, 0, 1, 1, 1, 1, 1, 0, 1, 1, 1, 1, 1, 1,
  1, 1, 1, 1, 1, 1, 1, 0, 1, 1, 1, 1, 1, 1, 0, 0, 0, 0, 0, 0, 0, 0, 0, 0, 0, 0, 0, 0, 0, 0, 0, 0,
  0, 0, 0, 0, 0, 0, 0, 0, 0, 0, 0, 0, 0, 0, 0, 0, 0, 0, 0, 0, 0, 0, 0, 0, 0, 0, 0, 0, 0, 0, 0, 0,
  0, 0, 0, 0, 0, 0, 0, 0, 0, 0, 0, 0, 0, 0, 0, 0, 0, 0, 0, 0, 0, 0, 0, 0, 0, 0, 0, 0, 0, 0, 1, 1,
  1, 1, 1, 1, 1, 1, 1, 1, 1, 1, 1, 1, 1, 1, 1, 1, 1, 0, 1, 1, 1, 1, 1, 1, 1, 0, 0, 0, 0, 0, 0, 0,
  0, 0, 0, 0, 0, 0, 0, 0, 0, 0, 0, 0, 0, 0, 0, 0, 0, 0, 0, 0, 0, 0, 0, 0, 0, 0, 0, 0, 0, 0, 0, 0,
  0, 0, 0, 0, 0, 0, 0, 0, 0, 0, 0, 0, 0, 0, 0, 0, 0, 0, 0, 0, 0, 0, 0, 0, 0, 0, 0, 0, 0, 0, 0, 0,
  0, 0, 0, 0, 0, 0, 0, 0, 1, 1, 1, 1, 1, 1, 1, 1, 1, 0, 0, 1, 1, 1, 1, 1, 1, 0, 0, 0, 1, 1, 1, 1,
  1, 1, 1, 1, 1, 0, 0, 0, 0, 0, 0, 0, 0, 0, 0, 0, 0, 0, 0, 0, 0, 0, 0, 0, 0, 0, 0, 0, 0, 0, 0, 0,
  0, 0, 0, 0, 0, 0, 0, 0, 0, 0, 0, 0, 0, 0, 0, 0, 0, 0, 0, 0, 0, 0, 0, 0, 0, 0, 0, 0, 0, 0, 0, 0,
  0, 0, 0, 0, 0, 0, 0, 0, 0, 0, 0, 0, 0, 0, 0, 0, 0, 0, 0, 1, 1, 1, 1, 1, 1, 1, 1, 0, 0, 0, 0, 0,
  0, 0, 0, 0, 0, 0, 0, 0, 1, 1, 1, 1, 1, 1, 1, 1, 1, 0, 0, 0, 0, 0, 0, 0, 0, 0, 0, 0, 0, 0, 0, 0,
  0, 0, 0, 0, 0, 0, 0, 0, 0, 0, 0, 0, 0, 0, 0, 0, 0, 0, 0, 0, 0, 0, 0, 0, 0, 0, 0, 0, 0, 0, 0, 0,
  0, 0, 0, 0, 0, 0, 0, 0, 0, 0, 0, 0, 0, 0, 0, 0, 0, 0, 0, 0, 0, 0, 0, 0, 0, 0, 0, 0, 0, 1, 1, 1,
  1, 1, 1, 1, 1, 0, 0, 0, 0, 0, 0, 0, 0, 0, 0, 0, 0, 0, 0, 0, 1, 1, 1, 1, 1, 1, 1, 1, 1, 0, 0, 0,
  0, 0, 0, 0, 0, 0, 0, 0, 0, 0, 0, 0, 0, 0, 0, 0, 0, 0, 0, 0, 0, 0, 0, 0, 0, 0, 0, 0, 0, 0, 0, 0,
  0, 0, 0, 0, 0, 0, 0, 0, 0, 0, 0, 0, 0, 0, 0, 0, 0, 0, 0, 0, 0, 0, 0, 0, 0, 0, 0, 0, 0, 0, 0, 0,
  0, 0, 0, 0, 0, 0, 0, 0, 1, 1, 1, 1, 1, 1, 1, 0, 0, 0, 0, 0, 0, 0, 0, 0, 0, 0, 0, 0, 0, 0, 0, 0,
  1, 1, 1, 1, 1, 1, 1, 1, 0, 0, 0, 0, 0, 0, 0, 0, 0, 0, 0, 0, 0, 0, 0, 0, 0, 0, 0, 0, 0, 0, 0, 0,
  0, 0, 0, 0, 0, 0, 0, 0, 0, 0, 0, 0, 0, 0, 0, 0, 0, 0, 0, 0, 0, 0, 0, 0, 0, 0, 0, 0, 0, 0, 0, 0,
  0, 0, 0, 0, 0, 0, 0, 0, 0, 0, 0, 0, 0, 0, 0, 0, 0, 0, 0, 1, 1, 1, 1, 1, 1, 0, 0, 0, 0, 0, 0, 0,
  0, 0, 0, 0, 0, 0, 0, 0, 0, 0, 0, 0, 1, 1, 1, 1, 1, 1, 1, 0, 0, 0, 0, 0, 0, 0, 0, 0, 0, 0, 0, 0,
  0, 0, 0, 0, 0, 0, 0, 0, 0, 0, 0, 0, 0, 0, 0, 0, 0, 0, 0, 0, 0, 0, 0, 0, 0, 0, 0, 0, 0, 0, 0, 0,
  0, 0, 0, 0, 0, 0, 0, 0, 0, 0, 0, 0, 0, 0, 0, 0, 0, 0, 0, 0, 0, 0, 0, 0, 0, 0, 0, 0, 0, 0, 1, 1,
  1, 1, 1, 1, 1, 0, 0, 0, 0, 0, 0, 0, 0, 0, 0, 0, 0, 0, 0, 0, 0, 0, 0, 1, 1, 1, 1, 1, 1, 1, 0, 0,
  0, 0, 0, 0, 0, 0, 0, 0, 0, 0, 0, 0, 0, 0, 0, 0, 0, 0, 0, 0, 0, 0, 0, 0, 0, 0, 0, 0, 0, 0, 0, 0,
  0, 0, 0, 0, 0, 0, 0, 0, 0, 0, 0, 0, 0, 0, 0, 0, 0, 0, 0, 0, 0, 0, 0, 0, 0, 0, 0, 0, 0, 0, 0, 0,
  0, 0, 0, 0, 0, 0, 0, 0, 0, 1, 1, 1, 1, 1, 1, 1, 1, 0, 0, 0, 0, 0, 0, 0, 0, 0, 0, 0, 0, 0, 0, 0,
  0, 1, 1, 1, 1, 1, 1, 1, 1, 0, 0, 0, 0, 0, 0, 0, 0, 0, 0, 0, 0, 0, 0, 0, 0, 0, 0, 0, 0, 0, 0, 0,
  0, 0, 0, 0, 0, 0, 0, 0, 0, 0, 0, 0, 0, 0, 0, 0, 0, 0, 0, 0, 0, 0, 0, 0, 0, 0, 0, 0, 0, 0, 0, 0,
  0, 0, 0, 0, 0, 0, 0, 0, 0, 0, 0, 0, 0, 0, 0, 0, 0, 0, 0, 0, 0, 1, 1, 1, 1, 1, 1, 1, 0, 0, 0, 0,
  0, 0, 0, 0, 0, 0, 0, 0, 0, 0, 0, 0, 1, 1, 1, 1, 1, 1, 1, 0, 0, 0, 0, 0, 0, 0, 0, 0, 0, 0, 0, 0,
  0, 0, 0, 0, 0, 0, 0, 0, 0, 0, 0, 0, 0, 0, 0, 0, 0, 0, 0, 0, 0, 0, 0, 0, 0, 0, 0, 0, 0, 0, 0, 0,
  0, 0, 0, 0, 0, 0, 0, 0, 0, 0, 0, 0, 0, 0, 0, 0, 0, 0, 0, 0, 0, 0, 0, 0, 0, 0, 0, 0, 0, 0, 0, 0,
  0, 0, 1, 1, 1, 1, 1, 1, 0, 0, 0, 0, 0, 0, 0, 0, 0, 0, 0, 0, 0, 0, 1, 1, 1, 1, 1, 1, 1, 0, 0, 0,
  0, 0, 0, 0, 0, 0, 0, 0, 0, 0, 0, 0, 0, 0, 0, 0, 0, 0, 0, 0, 0, 0, 0, 0, 0, 0, 0, 0, 0, 0, 0, 0,
  0, 0, 0, 0, 0, 0, 0, 0, 0, 0, 0, 0, 0, 0, 0, 0, 0, 0, 0, 0, 0, 0, 0, 0, 0, 0, 0, 0, 0, 0, 0, 0,
  0, 0, 0, 0, 0, 0, 0, 0, 0, 0, 0, 0, 0, 0, 1, 1, 1, 1, 1, 1, 0, 0, 0, 0, 0, 0, 0, 0, 0, 0, 0, 0,
  1, 1, 1, 1, 1, 1, 0, 0, 0, 0, 0, 0, 0, 0, 0, 0, 0, 0, 0, 0, 0, 0, 0, 0, 0, 0, 0, 0, 0, 0, 0, 0,
  0, 0, 0, 0, 0, 0, 0, 0, 0, 0, 0, 0, 0, 0, 0, 0, 0, 0, 0, 0, 0, 0, 0, 0, 0, 0, 0, 0, 0, 0, 0, 0,
  0, 0, 0, 0, 0, 0, 0, 0, 0, 0, 0, 0, 0, 0, 0, 0, 0, 0, 0, 0, 0, 0, 0, 0, 0, 0, 0, 1, 1, 1, 1, 1,
  0, 0, 0, 0, 0, 0, 0, 0, 0, 0, 0, 1, 1, 1, 1, 1, 0, 0, 0, 0, 0, 0, 0, 0, 0, 0, 0, 0, 0, 0, 0, 0,
  0, 0, 0, 0, 0, 0, 0, 0, 0, 0, 0, 0, 0, 0, 0, 0, 0, 0, 0, 0, 0, 0, 0, 0, 0, 0, 0, 0, 0, 0, 0, 0,
  0, 0, 0, 0, 0, 0, 0, 0, 0, 0, 0, 0, 0, 0, 0, 0, 0, 0, 0, 0, 0, 0, 0, 0, 0, 0, 0, 0, 0, 0, 0, 0,
  0, 0, 0, 0, 0, 0, 0, 1, 1, 1, 1, 1, 0, 0, 0, 0, 0, 0, 0, 0, 0, 1, 1, 1, 1, 1, 0, 0, 0, 0, 0, 0,
  0, 0, 0, 0, 0, 0, 0, 0, 0, 0, 0, 0, 0, 0, 0, 0, 0, 0, 0, 0, 0, 0, 0, 0, 0, 0, 0, 0, 0, 0, 0, 0,
  0, 0, 0, 0, 0, 0, 0, 0, 0, 0, 0, 0, 0, 0, 0, 0, 0, 0, 0, 0, 0, 0, 0, 0, 0, 0, 0, 0, 0, 0, 0, 0,
  0, 0, 0, 0, 0, 0, 0, 0, 0, 0, 0, 0, 0, 0, 0, 1, 1, 1, 1, 1, 1, 1, 1, 1, 0, 0, 0, 0, 0, 0, 0, 1,
  1, 1, 1, 1, 1, 1, 1, 1, 0, 0, 0, 0, 0, 0, 0, 0, 0, 0, 0, 0, 0, 0, 0, 0, 0, 0, 0, 0, 0, 0, 0, 0,
  0, 0, 0, 0, 0, 0, 0, 0, 0, 0, 0, 0, 0, 0, 0, 0, 0, 0, 0, 0, 0, 0, 0, 0, 0, 0, 0, 0, 0, 0, 0, 0,
  0, 0, 0, 0, 0, 0, 0, 0, 0, 0, 0, 0, 0, 0, 0, 0, 0, 0, 0, 0, 0, 0, 0, 0, 0, 1, 1, 1, 1, 1, 1, 1,
  1, 1, 1, 0, 0, 0, 0, 0, 0, 0, 1, 1, 1, 1, 1, 1, 1, 1, 1, 1, 0, 0, 0, 0, 0, 0, 0, 0, 0, 0, 0, 0,
  0, 0, 0, 0, 0, 0, 0, 0, 0, 0, 0, 0, 0, 0, 0, 0, 0, 0, 0, 0, 0, 0, 0, 0, 0, 0, 0, 0, 0, 0, 0, 0,
  0, 0, 0, 0, 0, 0, 0, 0, 0, 0, 0, 0, 0, 0, 0, 0, 0, 0, 0, 0, 0, 0, 0, 0, 0, 0, 0, 0, 0, 0, 0, 0,
  0, 0, 0, 1, 1, 1, 1, 1, 1, 1, 1, 1, 1, 1, 0, 0, 0, 0, 0, 0, 0, 1, 1, 1, 1, 1, 1, 1, 1, 1, 1, 1,
  0, 0, 0, 0, 0, 0, 0, 0, 0, 0, 0, 0, 0, 0, 0, 0, 0, 0, 0, 0, 0, 0, 0, 0, 0, 0, 0, 0, 0, 0, 0, 0,
  0, 0, 0, 0, 0, 0, 0, 0, 0, 0, 0, 0, 0, 0, 0, 0, 0, 0, 0, 0, 0, 0, 0, 0, 0, 0, 0, 0, 0, 0, 0, 0,
  0, 0, 0, 0, 0, 0, 0, 0, 0, 0, 0, 0, 1, 1, 1, 1, 1, 1, 1, 1, 1, 1, 1, 1, 1, 0, 0, 0, 0, 0, 0, 0,
  1, 1, 1, 1, 1, 1, 1, 1, 1, 1, 1, 1, 1, 0, 0, 0, 0, 0, 0, 0, 0, 0, 0, 0, 0, 0, 0, 0, 0, 0, 0, 0,
  0, 0, 0, 0, 0, 0, 0, 0, 0, 0, 0, 0, 0, 0, 0, 0, 0, 0, 0, 0, 0, 0, 0, 0, 0, 0, 0, 0, 0, 0, 0, 0,
  0, 0, 0, 0, 0, 0, 0, 0, 0, 0, 0, 0, 0, 0, 0, 1, 1, 1, 1, 1, 1, 1, 1, 1, 1, 1, 1, 1, 1, 1, 1, 1,
  1, 1, 1, 1, 0, 0, 0, 0, 0, 0, 0, 0, 1, 1, 1, 1, 1, 1, 1, 1, 1, 1, 1, 1, 1, 1, 1, 1, 1, 1, 0, 0,
  0, 0, 0, 0, 0, 0, 0, 0, 0, 0, 0, 0, 0, 0, 0, 0, 0, 0, 0, 0, 0, 0, 0, 0, 0, 0, 0, 0, 0, 0, 0, 0,
  0, 0, 0, 0, 0, 0, 0, 0, 0, 0, 0, 0, 0, 0, 0, 0, 0, 0, 0, 0, 0, 0, 0, 0, 0, 1, 1, 1, 1, 1, 1, 1,
  1, 1, 1, 1, 1, 1, 1, 1, 1, 1, 1, 0, 0, 0, 0, 0, 0, 0, 0, 0, 0, 0, 0, 0, 0, 0, 0, 1, 1, 1, 1, 1,
  1, 1, 1, 1, 1, 1, 1, 1, 1, 1, 0, 0, 0, 0, 0, 0, 0, 0, 0, 0, 0, 0, 0, 0, 0, 0, 0, 0, 0, 0, 0, 0,
  0, 0, 0, 0, 0, 0, 0, 0, 0, 0, 0, 0, 0, 0, 0, 0, 0, 0, 0, 0, 0, 0, 0, 0, 0, 0, 0, 0, 0, 0, 0, 0,
  0, 0, 0, 0, 1, 1, 1, 1, 1, 1, 1, 1, 1, 1, 1, 1, 1, 1, 1, 0, 0, 0, 0, 0, 0, 0, 0, 0, 0, 0, 0, 0,
  0, 0, 0, 0, 0, 0, 0, 1, 1, 1, 1, 1, 1, 1, 1, 1, 1, 1, 1, 1, 1, 1, 0, 0, 0, 0, 0, 0, 0, 0, 0, 0,
  0, 0, 0, 0, 0, 0, 0, 0, 0, 0, 0, 0, 0, 0, 0, 0, 0, 0, 0, 0, 0, 0, 0, 0, 0, 0, 0, 0, 0, 0, 0, 0,
  0, 0, 0, 0, 0, 0, 0, 0, 0, 0, 0, 0, 0, 0, 0, 1, 1, 1, 1, 1, 1, 1, 1, 1, 1, 1, 1, 1, 0, 0, 0, 0,
  0, 0, 0, 0, 0, 0, 0, 0, 0, 0, 0, 0, 0, 0, 0, 0, 0, 0, 0, 0, 1, 1, 1, 1, 1, 1, 1, 1, 1, 1, 1, 1,
  1, 0, 0, 0, 0, 0, 0, 0, 0, 0, 0, 0, 0, 0, 0, 0, 0, 0, 0, 0, 0, 0, 0, 0, 0, 0, 0, 0, 0, 0, 0, 0,
  0, 0, 0, 0, 0, 0, 0, 0, 0, 0, 0, 0, 0, 0, 0, 0, 0, 0, 0, 0, 0, 0, 0, 0, 0, 0, 0, 0, 0, 1, 1, 1,
  1, 1, 1, 1, 1, 1, 0, 0, 0, 0, 0, 0, 0, 0, 0, 0, 0, 0, 0, 0, 0, 0, 0, 0, 0, 0, 0, 0, 0, 0, 0, 0,
  0, 1, 1, 1, 1, 1, 1, 0, 1, 0, 0, 0, 0, 0, 0, 0, 0, 0, 0, 0, 0, 0, 0, 0, 0, 0, 0, 0, 0, 0, 0, 0,
  0, 0, 0, 0, 0, 0, 0, 0, 0, 0, 0, 0, 0, 0, 0, 0, 0, 0, 0, 0, 0, 0, 0, 0, 0, 0, 0, 0, 0, 0, 0, 0,
  0, 0, 0, 0, 0, 0, 0, 0, 0, 1, 1, 1, 1, 1, 0, 0, 0, 0, 0, 0, 0, 0, 0, 0, 0, 0, 0, 0, 0, 0, 0, 0,
  0, 0, 0, 0, 0, 0, 0, 0, 0, 0, 0, 0, 0, 0, 1, 1, 1, 1, 1, 0, 0, 0, 0, 0, 0, 0, 0, 0, 0, 0, 0, 0,
  0, 0, 0, 0, 0, 0, 0, 0, 0, 0, 0, 0, 0, 0, 0, 0, 0, 0, 0, 0, 0, 0, 0, 0, 0, 0, 0, 0, 0, 0, 0, 0,
  0, 0, 0, 0, 0, 0, 0, 0, 0, 0, 0, 0, 0, 0, 0, 0, 0, 0, 0, 0, 0, 0, 0, 0, 0, 0, 0, 0, 0, 0, 0, 0,
  0, 0, 0, 0, 0, 0, 0, 0, 0, 0, 0, 0, 0, 0, 0, 0, 0, 0, 0, 0, 0, 0, 0, 0, 0, 0, 0, 0, 0, 0, 0, 0,
  0, 0, 0, 0, 0, 0, 0, 0, 0, 0, 0, 0, 0, 0, 0, 0, 0, 0, 0, 0, 0, 0, 0, 0, 0, 0, 0, 0, 0, 0, 0, 0,
  0, 0, 0, 0, 0, 0, 0, 0, 0, 0, 0, 0, 0, 0, 0, 0, 0, 0, 0, 0, 0, 0, 0, 0, 0, 0, 0, 0, 0, 0, 0, 0,
  0, 0, 0, 0, 0, 0, 0, 0, 0, 0, 0, 0, 0, 0, 0, 0, 0, 0, 0, 0, 0, 0, 0, 0, 0, 0, 0, 0, 0, 0, 0, 0,
  0, 0, 0, 0, 0, 0, 0, 0, 0, 0, 0, 0, 0, 0, 0, 0, 0, 0, 0, 0, 0, 0, 0, 0, 0, 0, 0, 0, 0, 0, 0, 0,
  0, 0, 0, 0, 0, 0, 0, 0, 0, 0, 0, 0, 0, 0, 0, 0, 0, 0, 0, 0, 0, 0, 0, 0, 0, 0, 0, 0, 0, 0, 0, 0,
  0, 0, 0, 0, 0, 0, 0, 0, 0, 0, 0, 0, 0, 0, 0, 0, 0, 0, 0, 0, 0, 0, 0, 0, 0, 0, 0, 0, 0, 0, 0, 0,
  0, 0, 0, 0, 0, 0, 0, 0, 0, 0, 0, 0, 0, 0, 0, 0, 0, 0, 0, 0, 0, 0, 0, 0, 0, 0, 0, 0, 0, 0, 0, 0,
  0, 0, 0, 0, 0, 0, 0, 0, 0, 0, 0, 0, 0, 0, 0, 0, 0, 0, 0, 0, 0, 0, 0, 0, 0,
};

const int16_t kGoblinEyeL[4] = {36, 36, 43, 41};  // x0,y0,x1,y1
const int16_t kGoblinEyeR[4] = {55, 33, 60, 39};
const int16_t kGoblinScreenX = 92;
const int16_t kGoblinScreenY = 44;
const uint16_t kGoblinAuraPad = 8;
const uint16_t kGoblinAuraW = 123;
const uint16_t kGoblinAuraH = 123;
const uint8_t kGoblinAura[15129] = {
  0, 0, 0, 0, 0, 0, 0, 0, 0, 0, 0, 0, 0, 0, 0, 0, 0, 0, 0, 0, 0, 0, 0, 0,
  0, 0, 0, 0, 0, 0, 0, 0, 0, 0, 0, 0, 0, 0, 0, 0, 0, 0, 0, 0, 0, 0, 0, 0,
  0, 0, 0, 0, 0, 0, 0, 0, 0, 0, 0, 0, 0, 0, 0, 0, 0, 0, 0, 0, 0, 0, 0, 0,
  0, 0, 0, 0, 1, 1, 2, 3, 4, 6, 8, 10, 13, 15, 17, 18, 19, 20, 19, 19, 17, 15, 13, 10,
  8, 6, 4, 3, 2, 1, 0, 0, 0, 0, 0, 0, 0, 0, 0, 0, 0, 0, 0, 0, 0, 0, 0, 0,
  0, 0, 0, 0, 0, 0, 0, 0, 0, 0, 0, 0, 0, 0, 0, 0, 0, 0, 0, 0, 0, 0, 0, 0,
  0, 0, 0, 0, 0, 0, 0, 0, 0, 0, 0, 0, 0, 0, 0, 0, 0, 0, 0, 0, 0, 0, 0, 0,
  0, 0, 0, 0, 0, 0, 0, 0, 0, 0, 0, 0, 0, 0, 0, 0, 0, 0, 0, 0, 0, 0, 0, 0,
  0, 0, 0, 0, 0, 0, 1, 1, 2, 3, 5, 7, 9, 12, 15, 19, 22, 24, 26, 28, 28, 28, 26, 24,
  21, 18, 15, 11, 8, 6, 4, 3, 1, 1, 0, 0, 0, 0, 0, 0, 0, 0, 0, 0, 0, 0, 0, 0,
  0, 0, 0, 0, 0, 0, 0, 0, 0, 0, 0, 0, 0, 0, 0, 0, 0, 0, 0, 0, 0, 0, 0, 0,
  0, 0, 0, 0, 0, 0, 0, 0, 0, 0, 0, 0, 0, 0, 0, 0, 0, 0, 0, 0, 0, 0, 0, 0,
  0, 0, 0, 0, 0, 0, 0, 0, 0, 0, 0, 0, 0, 0, 0, 0, 0, 0, 0, 0, 0, 0, 0, 0,
  0, 0, 0, 0, 0, 0, 0, 0, 1, 1, 2, 3, 5, 8, 11, 14, 18, 23, 27, 31, 35, 37, 39, 40,
  39, 37, 34, 30, 25, 21, 16, 12, 9, 6, 4, 2, 1, 0, 0, 0, 0, 0, 0, 0, 0, 0, 0, 0,
  0, 0, 0, 0, 0, 0, 0, 0, 0, 0, 0, 0, 0, 0, 0, 0, 0, 0, 0, 0, 0, 0, 0, 0,
  0, 0, 0, 0, 0, 0, 0, 0, 0, 0, 0, 0, 0, 0, 0, 0, 0, 0, 0, 0, 0, 0, 0, 0,
  0, 0, 0, 0, 0, 0, 0, 0, 0, 0, 0, 0, 0, 0, 0, 0, 0, 0, 0, 0, 0, 0, 0, 0,
  0, 0, 0, 0, 0, 0, 0, 0, 0, 0, 1, 1, 2, 4, 6, 8, 12, 16, 21, 27, 33, 38, 44, 48,
  52, 54, 55, 53, 50, 46, 41, 35, 28, 22, 17, 12, 8, 5, 3, 1, 0, 0, 0, 0, 0, 0, 0, 0,
  0, 0, 0, 0, 0, 0, 0, 0, 0, 0, 0, 0, 0, 0, 0, 0, 0, 1, 1, 1, 1, 1, 1, 1,
  1, 1, 1, 1, 1, 1, 1, 1, 1, 0, 0, 0, 0, 0, 0, 0, 0, 0, 0, 0, 0, 0, 0, 0,
  0, 0, 0, 0, 0, 0, 0, 0, 0, 0, 0, 0, 0, 0, 0, 0, 0, 0, 0, 0, 0, 0, 0, 0,
  0, 0, 0, 0, 0, 0, 0, 0, 0, 0, 0, 0, 1, 1, 2, 4, 6, 9, 13, 18, 24, 30, 38, 45,
  53, 59, 65, 69, 72, 73, 71, 67, 61, 54, 46, 38, 29, 22, 16, 11, 7, 4, 2, 1, 0, 0, 0, 0,
  0, 0, 0, 0, 0, 0, 0, 0, 0, 0, 0, 0, 0, 0, 0, 0, 1, 1, 1, 1, 2, 2, 2, 3,
  3, 3, 3, 3, 3, 3, 3, 3, 3, 2, 2, 2, 1, 1, 1, 0, 0, 0, 0, 0, 0, 0, 0, 0,
  0, 0, 0, 0, 0, 0, 0, 0, 0, 0, 0, 0, 0, 0, 0, 0, 0, 0, 0, 0, 0, 0, 0, 0,
  0, 0, 0, 0, 0, 0, 0, 0, 0, 0, 0, 0, 0, 0, 0, 1, 2, 4, 6, 9, 13, 19, 25, 33,
  41, 51, 60, 69, 78, 84, 89, 92, 93, 90, 85, 77, 68, 58, 48, 37, 28, 20, 14, 9, 5, 2, 1, 0,
  0, 0, 0, 0, 0, 0, 0, 0, 0, 0, 0, 0, 0, 0, 0, 0, 0, 0, 1, 1, 1, 2, 3, 3,
  4, 5, 5, 6, 6, 7, 7, 7, 7, 7, 6, 6, 5, 4, 4, 3, 2, 2, 1, 1, 1, 0, 0, 0,
  0, 0, 0, 0, 0, 0, 0, 0, 0, 0, 0, 0, 0, 0, 0, 0, 0, 0, 0, 0, 0, 1, 1, 1,
  1, 1, 1, 1, 1, 1, 1, 1, 1, 1, 1, 1, 0, 0, 0, 0, 0, 1, 2, 3, 6, 9, 13, 19,
  26, 34, 44, 55, 66, 77, 88, 97, 105, 111, 113, 113, 110, 103, 94, 83, 71, 58, 46, 34, 25, 17, 11, 6,
  3, 1, 0, 0, 0, 0, 0, 0, 0, 0, 0, 0, 0, 0, 0, 0, 0, 0, 0, 0, 0, 1, 2, 3,
  4, 5, 6, 7, 9, 10, 11, 12, 12, 13, 13, 12, 12, 11, 10, 9, 8, 7, 6, 5, 4, 3, 2, 1,
  1, 1, 0, 0, 0, 0, 0, 0, 0, 0, 0, 0, 0, 0, 0, 0, 0, 0, 0, 0, 0, 1, 1, 1,
  2, 2, 2, 3, 3, 3, 3, 3, 3, 3, 3, 2, 2, 2, 1, 1, 1, 1, 1, 1, 2, 3, 5, 8,
  13, 19, 26, 35, 45, 57, 69, 82, 95, 108, 118, 127, 132, 135, 134, 129, 121, 110, 97, 83, 68, 53, 40, 29,
  20, 13, 7, 4, 2, 1, 0, 0, 0, 0, 0, 0, 0, 0, 0, 0, 0, 0, 0, 0, 0, 0, 0, 0,
  2, 4, 5, 6, 8, 10, 12, 14, 16, 18, 19, 20, 21, 21, 21, 20, 19, 18, 16, 14, 12, 11, 9, 7,
  5, 4, 3, 2, 1, 1, 1, 0, 0, 0, 0, 0, 0, 0, 0, 0, 0, 0, 0, 0, 0, 1, 1, 1,
  2, 2, 3, 3, 4, 5, 6, 6, 6, 7, 7, 7, 6, 6, 5, 5, 4, 3, 3, 2, 2, 2, 2, 3,
  5, 8, 12, 18, 26, 34, 45, 58, 72, 86, 100, 114, 128, 139, 148, 153, 155, 153, 148, 138, 125, 110, 93, 77,
  60, 45, 33, 22, 14, 8, 4, 2, 1, 0, 0, 0, 0, 0, 0, 0, 0, 0, 0, 0, 0, 0, 0, 0,
  0, 0, 0, 4, 5, 7, 10, 13, 16, 19, 22, 25, 28, 30, 31, 32, 33, 32, 31, 30, 28, 26, 23, 20,
  17, 15, 12, 9, 7, 5, 4, 3, 2, 1, 1, 0, 0, 0, 0, 0, 0, 0, 0, 0, 0, 0, 1, 1,
  2, 2, 3, 4, 5, 6, 7, 8, 9, 10, 11, 12, 12, 12, 12, 12, 11, 10, 9, 7, 6, 5, 4, 4,
  4, 4, 6, 8, 12, 18, 25, 34, 45, 58, 72, 87, 103, 119, 134, 148, 159, 167, 172, 173, 170, 163, 152, 138,
  120, 102, 84, 66, 50, 36, 24, 16, 9, 4, 2, 1, 0, 0, 0, 0, 0, 0, 0, 0, 0, 0, 0, 0,
  0, 0, 0, 0, 0, 0, 5, 8, 10, 14, 18, 23, 28, 32, 37, 40, 44, 46, 47, 48, 47, 46, 44, 41,
  38, 35, 31, 27, 23, 19, 15, 12, 9, 7, 5, 3, 2, 1, 1, 1, 0, 0, 0, 0, 0, 0, 1, 1,
  1, 2, 2, 3, 4, 6, 7, 9, 10, 12, 14, 16, 18, 19, 20, 20, 20, 20, 19, 18, 17, 15, 13, 11,
  9, 8, 7, 7, 7, 9, 13, 18, 25, 33, 44, 57, 72, 87, 104, 121, 137, 152, 166, 177, 185, 189, 188, 184,
  176, 163, 147, 128, 109, 89, 70, 52, 37, 25, 16, 9, 4, 2, 1, 0, 0, 0, 0, 0, 0, 0, 0, 0,
  0, 0, 0, 0, 0, 0, 0, 0, 0, 7, 11, 14, 19, 25, 32, 38, 44, 51, 56, 60, 63, 65, 66, 65,
  64, 61, 58, 54, 50, 45, 39, 34, 28, 24, 19, 15, 11, 8, 6, 4, 3, 2, 1, 1, 1, 1, 1, 1,
  1, 2, 2, 3, 4, 5, 6, 8, 10, 12, 15, 17, 20, 23, 25, 28, 30, 31, 32, 32, 31, 30, 28, 26,
  24, 21, 18, 15, 13, 12, 11, 12, 15, 19, 25, 33, 44, 56, 71, 87, 104, 121, 138, 155, 170, 183, 193, 199,
  202, 200, 194, 184, 170, 152, 133, 112, 91, 71, 53, 38, 26, 16, 9, 4, 2, 1, 0, 0, 0, 0, 0, 0,
  0, 0, 0, 0, 0, 0, 0, 0, 0, 0, 0, 0, 9, 14, 18, 25, 33, 41, 50, 58, 66, 73, 79, 82,
  85, 87, 86, 85, 82, 78, 73, 68, 61, 55, 48, 41, 34, 28, 22, 17, 13, 10, 7, 5, 4, 3, 2, 1,
  1, 1, 2, 2, 3, 4, 5, 7, 9, 11, 14, 17, 20, 24, 27, 31, 35, 38, 41, 44, 45, 46, 46, 46,
  44, 42, 39, 35, 31, 27, 24, 21, 19, 18, 19, 22, 27, 34, 44, 56, 70, 86, 103, 120, 138, 155, 171, 186,
  197, 206, 211, 211, 208, 201, 189, 173, 154, 134, 112, 91, 71, 53, 37, 25, 16, 9, 4, 2, 1, 0, 0, 0,
  0, 0, 0, 0, 0, 0, 0, 0, 0, 0, 0, 0, 0, 0, 0, 12, 17, 23, 31, 40, 51, 61, 72, 82,
  91, 98, 103, 107, 109, 109, 107, 104, 100, 94, 88, 80, 73, 64, 56, 48, 40, 33, 26, 21, 16, 12, 9, 7,
  5, 4, 3, 3, 3, 3, 4, 6, 7, 9, 12, 15, 18, 22, 26, 30, 36, 40, 45, 50, 54, 58, 61, 63,
  65, 65, 64, 62, 59, 55, 50, 45, 40, 35, 31, 28, 27, 28, 32, 38, 46, 57, 70, 85, 102, 120, 137, 155,
  171, 186, 199, 209, 216, 219, 218, 213, 203, 190, 173, 153, 132, 110, 88, 68, 51, 35, 24, 15, 9, 4, 2, 1,
  0, 0, 0, 0, 0, 0, 0, 0, 0, 0, 0, 0, 0, 0, 0, 0, 0, 0, 14, 20, 27, 36, 48, 60,
  73, 86, 98, 109, 117, 124, 129, 131, 132, 130, 127, 123, 117, 110, 101, 93, 83, 73, 64, 54, 45, 37, 30, 24,
  19, 15, 11, 9, 7, 6, 5, 6, 6, 8, 10, 12, 15, 19, 23, 28, 33, 38, 44, 50, 56, 62, 68, 73,
  78, 82, 84, 86, 86, 85, 82, 78, 73, 67, 61, 55, 49, 44, 40, 39, 40, 44, 51, 60, 72, 86, 102, 119,
  137, 154, 171, 186, 200, 211, 219, 223, 225, 221, 214, 203, 188, 170, 149, 127, 105, 84, 64, 47, 33, 22, 14, 8,
  4, 2, 0, 0, 0, 0, 0, 0, 0, 0, 0, 0, 0, 0, 0, 0, 0, 0, 0, 0, 0, 15, 22, 30,
  41, 54, 69, 83, 98, 112, 125, 135, 143, 149, 153, 154, 153, 150, 146, 140, 132, 123, 114, 104, 93, 82, 71, 61,
  51, 43, 35, 29, 23, 18, 15, 12, 10, 10, 10, 11, 13, 16, 20, 24, 29, 34, 40, 47, 53, 60, 68, 75,
  82, 89, 94, 100, 104, 107, 108, 109, 107, 104, 100, 94, 87, 80, 72, 65, 59, 55, 53, 55, 59, 66, 76, 89,
  104, 120, 137, 154, 170, 186, 199, 211, 220, 226, 229, 228, 222, 213, 200, 184, 164, 143, 121, 99, 78, 59, 43, 30,
  19, 12, 7, 3, 1, 0, 0, 0, 0, 0, 0, 0, 0, 0, 0, 0, 0, 0, 0, 0, 0, 0, 0, 0,
  16, 24, 33, 45, 59, 76, 92, 109, 124, 139, 151, 160, 168, 172, 175, 174, 172, 168, 162, 154, 146, 136, 125, 113,
  102, 90, 79, 68, 58, 48, 41, 34, 28, 23, 20, 17, 17, 17, 18, 21, 25, 29, 35, 41, 48, 56, 64, 71,
  79, 88, 96, 103, 111, 117, 123, 127, 130, 132, 132, 131, 128, 122, 116, 108, 100, 92, 84, 77, 73, 71, 72, 76,
  84, 94, 107, 122, 138, 154, 170, 185, 199, 211, 221, 228, 232, 232, 229, 221, 210, 196, 178, 157, 136, 113, 92, 71,
  54, 39, 26, 17, 10, 5, 2, 1, 0, 0, 0, 0, 0, 0, 0, 0, 0, 0, 0, 0, 0, 0, 0, 0,
  0, 0, 0, 17, 25, 34, 47, 63, 80, 97, 116, 133, 149, 163, 174, 183, 188, 192, 193, 191, 187, 182, 175, 167,
  158, 147, 135, 123, 110, 98, 87, 75, 65, 55, 47, 40, 34, 30, 27, 26, 26, 27, 31, 36, 42, 49, 57, 65,
  74, 83, 92, 100, 110, 118, 126, 134, 140, 146, 151, 154, 156, 156, 154, 151, 145, 139, 130, 121, 112, 104, 97, 92,
  90, 91, 95, 103, 114, 126, 141, 156, 171, 186, 199, 211, 221, 229, 234, 235, 233, 228, 219, 206, 190, 171, 150, 127,
  105, 84, 64, 48, 34, 22, 14, 8, 4, 2, 1, 0, 0, 0, 0, 0, 0, 0, 0, 0, 0, 0, 0, 0,
  0, 0, 0, 0, 0, 0, 17, 25, 34, 47, 63, 81, 99, 119, 137, 155, 170, 183, 193, 200, 205, 207, 207, 204,
  200, 194, 186, 178, 167, 156, 144, 131, 119, 107, 94, 83, 73, 64, 55, 48, 43, 40, 38, 38, 40, 44, 50, 57,
  65, 74, 84, 94, 104, 113, 123, 132, 141, 149, 157, 163, 169, 173, 176, 178, 178, 176, 173, 167, 160, 152, 143, 134,
  125, 118, 113, 111, 112, 116, 123, 134, 146, 159, 173, 187, 200, 211, 222, 229, 235, 238, 237, 234, 227, 216, 201, 183,
  163, 141, 119, 96, 76, 57, 42, 29, 19, 11, 7, 3, 1, 0, 0, 0, 0, 0, 0, 0, 0, 0, 0, 0,
  0, 0, 0, 0, 0, 0, 0, 0, 0, 16, 23, 33, 46, 62, 80, 98, 118, 137, 156, 172, 186, 198, 207, 214,
  217, 218, 218, 215, 210, 203, 196, 186, 176, 164, 152, 140, 128, 115, 104, 92, 82, 73, 65, 59, 55, 53, 53, 55,
  60, 67, 75, 84, 94, 105, 115, 126, 135, 145, 155, 163, 171, 178, 184, 189, 193, 196, 198, 198, 196, 192, 187, 181,
  172, 164, 155, 146, 139, 134, 132, 133, 137, 144, 154, 164, 177, 189, 201, 212, 222, 230, 236, 240, 241, 238, 233, 224,
  212, 196, 177, 156, 134, 111, 88, 68, 51, 36, 25, 15, 9, 5, 2, 1, 0, 0, 0, 0, 0, 0, 0, 0,
  0, 0, 0, 0, 0, 0, 0, 0, 0, 0, 0, 0, 15, 22, 31, 43, 58, 75, 93, 114, 133, 152, 170, 186,
  199, 210, 218, 223, 226, 227, 226, 222, 217, 211, 203, 194, 183, 172, 161, 149, 137, 125, 114, 103, 93, 85, 78, 74,
  72, 72, 74, 79, 86, 94, 104, 115, 126, 137, 147, 157, 167, 176, 184, 191, 197, 203, 207, 211, 213, 214, 214, 213,
  210, 205, 199, 191, 183, 174, 166, 160, 156, 153, 154, 158, 164, 173, 182, 193, 204, 214, 223, 231, 237, 241, 243, 243,
  239, 232, 222, 208, 191, 171, 149, 126, 103, 81, 62, 45, 32, 21, 13, 7, 4, 2, 1, 1, 0, 0, 0, 0,
  0, 0, 0, 0, 0, 0, 0, 0, 0, 0, 0, 0, 0, 0, 0, 13, 19, 27, 38, 53, 69, 86, 106, 126,
  145, 164, 180, 195, 208, 218, 225, 230, 233, 233, 232, 228, 223, 217, 209, 200, 190, 180, 169, 158, 146, 135, 125, 115,
  107, 99, 95, 92, 92, 95, 100, 107, 115, 126, 136, 148, 158, 168, 178, 186, 195, 202, 208, 213, 218, 222, 225, 227,
  228, 228, 226, 223, 219, 214, 207, 200, 192, 185, 179, 175, 174, 174, 177, 183, 190, 198, 207, 216, 224, 232, 238, 243,
  245, 246, 244, 239, 231, 219, 205, 186, 165, 143, 120, 97, 76, 57, 41, 29, 19, 11, 7, 4, 2, 2, 1, 1,
  1, 1, 1, 1, 0, 0, 0, 0, 0, 0, 0, 0, 0, 0, 0, 0, 0, 0, 11, 16, 23, 33, 46, 61,
  77, 96, 115, 135, 154, 172, 188, 203, 214, 224, 231, 235, 238, 238, 236, 233, 228, 222, 215, 206, 198, 188, 178, 167,
  157, 147, 138, 129, 122, 117, 115, 115, 117, 122, 129, 137, 147, 157, 168, 178, 188, 196, 204, 211, 217, 222, 227, 230,
  233, 236, 237, 238, 238, 237, 234, 231, 226, 220, 214, 208, 202, 197, 194, 192, 192, 195, 200, 206, 213, 220, 227, 233,
  239, 243, 247, 248, 247, 244, 238, 229, 217, 201, 182, 161, 138, 115, 92, 71, 53, 38, 27, 18, 11, 7, 5, 4,
  3, 3, 3, 3, 2, 2, 2, 1, 1, 1, 1, 0, 0, 0, 0, 0, 0, 0, 0, 0, 0, 9, 13, 19,
  28, 39, 52, 67, 85, 103, 122, 142, 160, 178, 194, 208, 220, 228, 235, 239, 241, 242, 240, 237, 232, 227, 220, 213,
  204, 196, 186, 177, 168, 159, 151, 145, 140, 138, 138, 139, 144, 150, 158, 168, 177, 187, 196, 204, 212, 219, 224, 229,
  233, 237, 239, 242, 243, 245, 245, 245, 244, 242, 239, 236, 231, 226, 221, 216, 212, 209, 208, 208, 210, 214, 219, 224,
  230, 235, 240, 244, 248, 250, 250, 248, 244, 237, 228, 215, 198, 179, 157, 134, 112, 89, 69, 52, 38, 27, 19, 13,
  10, 8, 7, 7, 7, 6, 6, 5, 4, 3, 3, 2, 2, 1, 1, 1, 0, 0, 0, 0, 0, 0, 0, 0,
  7, 10, 15, 22, 31, 43, 57, 73, 90, 109, 128, 147, 166, 184, 199, 213, 224, 233, 239, 242, 244, 244, 243, 240,
  236, 231, 225, 218, 211, 204, 196, 188, 180, 173, 167, 163, 160, 160, 162, 166, 171, 178, 187, 195, 204, 212, 218, 225,
  230, 235, 239, 241, 244, 246, 247, 249, 249, 250, 250, 249, 247, 245, 242, 239, 235, 231, 227, 224, 222, 222, 222, 223,
  226, 230, 234, 238, 242, 245, 248, 251, 251, 251, 249, 244, 236, 226, 213, 196, 176, 154, 132, 110, 88, 69, 53, 40,
  30, 23, 18, 15, 14, 13, 12, 12, 11, 10, 9, 8, 7, 6, 5, 3, 3, 2, 1, 1, 1, 0, 0, 0,
  0, 0, 0, 5, 7, 11, 17, 24, 35, 46, 61, 77, 94, 114, 133, 153, 172, 189, 205, 217, 228, 236, 242, 245,
  247, 247, 245, 243, 239, 235, 230, 224, 218, 212, 205, 198, 192, 187, 183, 181, 181, 182, 186, 191, 197, 204, 210, 218,
  224, 230, 235, 239, 242, 245, 247, 249, 250, 251, 252, 252, 253, 253, 252, 251, 249, 247, 245, 242, 239, 236, 234, 233,
  232, 232, 233, 236, 238, 241, 244, 247, 249, 251, 252, 253, 251, 249, 243, 236, 225, 212, 195, 175, 153, 131, 110, 89,
  71, 56, 44, 36, 29, 25, 23, 22, 21, 21, 20, 19, 17, 16, 14, 12, 10, 8, 7, 5, 4, 3, 2, 2,
  1, 1, 1, 0, 0, 0, 3, 5, 8, 12, 18, 27, 37, 49, 64, 81, 99, 119, 139, 159, 178, 195, 210, 222,
  232, 240, 245, 247, 249, 248, 247, 245, 242, 238, 234, 229, 225, 219, 214, 209, 205, 202, 200, 200, 201, 204, 207, 212,
  218, 223, 229, 234, 238, 242, 245, 248, 250, 251, 252, 253, 253, 254, 254, 254, 254, 254, 253, 252, 250, 249, 247, 245,
  243, 242, 241, 240, 240, 241, 243, 244, 246, 248, 250, 251, 253, 254, 253, 252, 249, 243, 235, 225, 211, 194, 175, 154,
  133, 112, 93, 76, 62, 52, 45, 39, 36, 34, 34, 33, 32, 31, 29, 27, 25, 22, 19, 17, 14, 11, 9, 7,
  6, 4, 3, 2, 1, 1, 1, 0, 0, 2, 3, 5, 9, 13, 20, 28, 39, 53, 68, 86, 105, 126, 146, 166,
  185, 201, 216, 227, 236, 243, 247, 250, 250, 250, 249, 247, 245, 242, 238, 235, 231, 227, 223, 220, 217, 216, 216, 217,
  219, 221, 225, 229, 233, 238, 241, 244, 247, 249, 251, 252, 253, 254, 254, 254, 255, 255, 255, 255, 254, 254, 253, 252,
  251, 250, 249, 248, 247, 246, 246, 246, 247, 248, 249, 250, 251, 252, 253, 254, 254, 254, 252, 249, 243, 235, 225, 211,
  195, 176, 156, 136, 117, 99, 84, 72, 63, 57, 53, 50, 49, 49, 48, 47, 46, 43, 41, 37, 33, 30, 26, 22,
  18, 15, 12, 9, 7, 5, 4, 3, 2, 1, 1, 0, 1, 2, 3, 6, 9, 15, 22, 31, 43, 57, 74, 92,
  113, 133, 154, 174, 192, 208, 221, 232, 240, 245, 249, 251, 252, 251, 251, 249, 247, 245, 242, 240, 237, 234, 232, 230,
  229, 229, 229, 230, 233, 235, 238, 241, 244, 247, 249, 251, 252, 253, 254, 254, 254, 255, 255, 255, 255, 255, 255, 255,
  254, 254, 254, 253, 252, 252, 251, 250, 250, 250, 250, 250, 251, 251, 252, 253, 254, 254, 254, 255, 254, 252, 249, 243,
  235, 225, 213, 197, 179, 160, 142, 124, 108, 95, 84, 78, 73, 69, 68, 67, 67, 67, 65, 63, 60, 57, 53, 48,
  43, 37, 33, 28, 23, 19, 15, 11, 9, 6, 5, 3, 2, 1, 1, 1, 1, 2, 4, 6, 10, 16, 24, 34,
  47, 63, 80, 100, 121, 142, 163, 183, 200, 215, 227, 236, 243, 248, 251, 253, 253, 253, 252, 251, 249, 248, 246, 244,
  242, 240, 239, 238, 238, 239, 239, 241, 243, 245, 247, 248, 250, 252, 253, 254, 254, 255, 255, 255, 255, 255, 255, 255,
  255, 255, 255, 255, 255, 254, 254, 254, 253, 253, 253, 252, 252, 252, 253, 253, 253, 254, 254, 254, 254, 255, 255, 254,
  252, 249, 243, 236, 227, 214, 200, 183, 166, 150, 134, 120, 109, 100, 95, 91, 89, 88, 88, 88, 88, 86, 84, 80,
  76, 71, 65, 59, 52, 46, 39, 33, 28, 22, 17, 13, 10, 7, 5, 3, 2, 1, 0, 1, 1, 2, 4, 7,
  11, 18, 27, 38, 53, 70, 89, 109, 131, 152, 173, 191, 208, 222, 232, 240, 246, 250, 252, 253, 254, 253, 253, 252,
  251, 250, 249, 248, 247, 246, 245, 245, 245, 246, 247, 248, 249, 250, 251, 252, 253, 254, 254, 255, 255, 255, 255, 255,
  255, 255, 255, 255, 255, 255, 255, 255, 255, 254, 254, 254, 254, 254, 254, 254, 254, 254, 254, 254, 254, 254, 255, 255,
  255, 255, 254, 252, 249, 244, 237, 229, 217, 204, 189, 173, 159, 146, 134, 125, 118, 114, 112, 111, 111, 111, 111, 111,
  109, 107, 103, 98, 91, 85, 77, 69, 62, 54, 46, 39, 31, 25, 19, 14, 10, 7, 5, 3, 2, 0, 0, 1,
  1, 2, 5, 8, 14, 21, 31, 44, 60, 78, 98, 120, 141, 163, 182, 200, 215, 228, 237, 244, 249, 252, 253, 254,
  254, 254, 253, 253, 252, 252, 251, 251, 250, 250, 250, 250, 250, 250, 251, 252, 252, 253, 254, 254, 254, 255, 255, 255,
  255, 255, 255, 255, 255, 255, 255, 255, 255, 255, 255, 255, 255, 255, 255, 255, 255, 255, 255, 255, 255, 255, 255, 255,
  255, 255, 255, 255, 255, 254, 252, 250, 245, 239, 231, 221, 209, 196, 182, 170, 159, 149, 142, 137, 134, 133, 133, 134,
  135, 135, 135, 133, 130, 126, 120, 113, 106, 98, 89, 80, 70, 61, 52, 42, 34, 26, 20, 14, 10, 6, 4, 2,
  0, 0, 0, 1, 1, 3, 6, 10, 16, 25, 37, 51, 68, 88, 109, 131, 153, 173, 192, 209, 222, 233, 241, 247,
  251, 253, 254, 255, 255, 254, 254, 254, 254, 253, 253, 253, 253, 253, 253, 253, 253, 253, 254, 254, 254, 254, 255, 255,
  255, 255, 255, 255, 255, 255, 255, 255, 255, 255, 255, 255, 255, 255, 255, 255, 255, 255, 255, 255, 255, 255, 255, 255,
  255, 255, 255, 255, 255, 255, 255, 255, 254, 253, 250, 246, 241, 234, 225, 214, 203, 192, 182, 173, 165, 160, 156, 155,
  155, 156, 157, 158, 158, 158, 156, 153, 149, 143, 136, 128, 119, 109, 99, 88, 77, 66, 55, 44, 34, 26, 19, 13,
  9, 5, 3, 0, 0, 0, 0, 1, 2, 4, 7, 13, 20, 30, 44, 60, 78, 99, 120, 143, 164, 184, 202, 217,
  229, 238, 245, 250, 252, 254, 255, 255, 255, 255, 255, 254, 254, 254, 254, 254, 254, 254, 254, 254, 254, 254, 255, 255,
  255, 255, 255, 255, 255, 255, 255, 255, 255, 255, 255, 255, 255, 255, 255, 255, 255, 255, 255, 255, 255, 255, 255, 255,
  255, 255, 255, 255, 255, 255, 255, 255, 255, 255, 255, 254, 253, 251, 247, 242, 237, 229, 221, 211, 202, 194, 187, 182,
  178, 176, 175, 176, 177, 179, 180, 180, 180, 178, 175, 171, 165, 159, 150, 141, 130, 119, 107, 94, 82, 68, 56, 44,
  33, 24, 17, 11, 7, 4, 0, 0, 0, 0, 0, 1, 3, 5, 10, 16, 25, 37, 52, 69, 89, 110, 133, 155,
  175, 195, 211, 224, 235, 243, 248, 252, 254, 255, 255, 255, 255, 255, 255, 255, 255, 255, 255, 255, 255, 255, 255, 255,
  255, 255, 255, 255, 255, 255, 255, 255, 255, 255, 255, 255, 255, 255, 255, 255, 255, 255, 255, 255, 255, 255, 255, 255,
  255, 255, 255, 255, 255, 255, 255, 255, 255, 255, 255, 255, 255, 255, 254, 253, 251, 249, 245, 240, 233, 227, 219, 212,
  206, 201, 197, 194, 193, 194, 195, 197, 198, 200, 200, 200, 198, 195, 191, 186, 179, 171, 162, 151, 139, 126, 112, 97,
  82, 67, 53, 40, 30, 20, 14, 8, 5, 0, 0, 0, 0, 0, 1, 2, 4, 7, 13, 20, 31, 45, 61, 80,
  101, 123, 145, 167, 187, 204, 219, 231, 240, 246, 250, 253, 254, 255, 255, 255, 255, 255, 255, 255, 255, 255, 255, 255,
  255, 255, 255, 255, 255, 255, 255, 255, 255, 255, 255, 255, 255, 255, 255, 255, 255, 255, 255, 255, 255, 255, 255, 255,
  255, 255, 255, 255, 255, 255, 255, 255, 255, 255, 255, 255, 255, 255, 255, 255, 255, 255, 254, 252, 250, 247, 243, 238,
  233, 227, 221, 217, 213, 211, 209, 209, 210, 212, 213, 215, 216, 216, 216, 214, 212, 209, 204, 198, 190, 181, 170, 158,
  144, 129, 113, 95, 79, 62, 48, 35, 25, 16, 10, 6, 0, 0, 0, 0, 0, 0, 1, 3, 5, 10, 17, 26,
  38, 54, 71, 92, 114, 136, 158, 179, 198, 214, 227, 237, 244, 249, 252, 254, 255, 255, 255, 255, 255, 255, 255, 255,
  255, 255, 255, 255, 255, 255, 255, 255, 255, 255, 255, 255, 255, 255, 255, 255, 255, 255, 255, 255, 255, 255, 255, 255,
  255, 255, 255, 255, 255, 255, 255, 255, 255, 255, 255, 255, 255, 255, 255, 255, 255, 255, 255, 255, 255, 254, 253, 251,
  249, 246, 242, 238, 234, 230, 227, 224, 223, 222, 223, 224, 225, 226, 228, 229, 229, 229, 228, 226, 223, 219, 214, 206,
  198, 187, 175, 161, 145, 127, 108, 90, 72, 55, 41, 28, 19, 12, 7, 0, 0, 0, 0, 0, 0, 1, 2, 4,
  8, 13, 22, 33, 47, 64, 83, 104, 127, 149, 171, 190, 208, 222, 233, 241, 247, 251, 253, 254, 255, 255, 255, 255,
  255, 255, 255, 255, 255, 255, 255, 255, 255, 255, 255, 255, 255, 255, 255, 255, 255, 255, 255, 255, 255, 255, 255, 255,
  255, 255, 255, 255, 255, 255, 255, 255, 255, 255, 255, 255, 255, 255, 255, 255, 255, 255, 255, 255, 255, 255, 255, 255,
  254, 253, 252, 250, 248, 245, 243, 240, 237, 235, 233, 233, 232, 233, 234, 235, 237, 238, 239, 239, 239, 238, 236, 234,
  231, 226, 220, 212, 202, 190, 175, 159, 140, 120, 100, 80, 62, 46, 32, 22, 14, 9, 0, 0, 0, 0, 0, 0,
  0, 1, 3, 6, 11, 18, 28, 41, 56, 75, 96, 118, 140, 163, 183, 201, 217, 229, 238, 245, 250, 253, 254, 255,
  255, 255, 255, 255, 255, 255, 255, 255, 255, 255, 255, 255, 255, 255, 255, 255, 255, 255, 255, 255, 255, 255, 255, 255,
  255, 255, 255, 255, 255, 255, 255, 255, 255, 255, 255, 255, 255, 255, 255, 255, 255, 255, 255, 255, 255, 255, 255, 255,
  255, 255, 255, 255, 254, 253, 252, 250, 248, 247, 244, 243, 241, 241, 240, 240, 241, 242, 243, 244, 245, 246, 246, 246,
  245, 244, 242, 239, 236, 230, 223, 213, 202, 187, 170, 151, 130, 109, 88, 68, 51, 36, 24, 16, 10, 0, 0, 0,
  0, 0, 0, 0, 1, 2, 5, 8, 15, 24, 35, 50, 67, 87, 109, 131, 154, 175, 194, 211, 224, 235, 243, 248,
  252, 253, 254, 255, 255, 255, 255, 255, 255, 255, 255, 255, 255, 255, 255, 255, 255, 255, 255, 255, 255, 255, 255, 255,
  255, 255, 255, 255, 255, 255, 255, 255, 255, 255, 255, 255, 255, 255, 255, 255, 255, 255, 255, 255, 255, 255, 255, 255,
  255, 255, 255, 255, 255, 255, 255, 254, 254, 253, 252, 251, 250, 248, 247, 246, 246, 246, 246, 247, 247, 248, 249, 250,
  250, 250, 250, 250, 249, 248, 246, 243, 238, 231, 222, 211, 197, 180, 160, 139, 117, 95, 74, 55, 39, 26, 17, 11,
  0, 0, 0, 0, 0, 0, 0, 0, 1, 3, 6, 12, 20, 30, 43, 60, 79, 100, 122, 145, 167, 186, 204, 219,
  231, 240, 246, 250, 253, 254, 255, 255, 255, 255, 255, 255, 255, 255, 255, 255, 255, 255, 255, 255, 255, 255, 255, 255,
  255, 255, 255, 255, 255, 255, 255, 255, 255, 255, 255, 255, 255, 255, 255, 255, 255, 255, 255, 255, 255, 255, 255, 255,
  255, 255, 255, 255, 255, 255, 255, 255, 255, 255, 255, 254, 254, 253, 252, 252, 251, 250, 250, 250, 250, 250, 250, 251,
  251, 252, 253, 253, 253, 253, 253, 252, 251, 250, 248, 244, 238, 229, 218, 204, 187, 168, 146, 123, 101, 79, 59, 42,
  28, 19, 12, 0, 0, 0, 0, 0, 0, 0, 0, 1, 2, 5, 10, 16, 26, 38, 53, 71, 91, 113, 136, 158,
  178, 197, 213, 226, 236, 243, 248, 251, 253, 254, 255, 255, 255, 255, 255, 255, 255, 255, 255, 255, 255, 255, 255, 255,
  255, 255, 255, 255, 255, 255, 255, 255, 255, 255, 255, 255, 255, 255, 255, 255, 255, 255, 255, 255, 255, 255, 255, 255,
  255, 255, 255, 255, 255, 255, 255, 255, 255, 255, 255, 255, 255, 255, 255, 254, 254, 253, 253, 253, 252, 252, 252, 252,
  252, 253, 253, 253, 254, 254, 254, 254, 254, 254, 254, 253, 252, 251, 247, 242, 234, 224, 210, 193, 173, 151, 128, 105,
  83, 62, 45, 30, 20, 13, 0, 0, 0, 0, 0, 0, 0, 0, 0, 2, 4, 8, 13, 22, 32, 47, 63, 83,
  104, 126, 148, 169, 189, 206, 220, 232, 240, 246, 250, 252, 254, 255, 255, 255, 255, 255, 255, 255, 255, 255, 255, 255,
  255, 255, 255, 255, 255, 255, 255, 255, 255, 255, 255, 255, 255, 255, 255, 255, 255, 255, 255, 255, 255, 255, 255, 255,
  255, 255, 255, 255, 255, 255, 255, 255, 255, 255, 255, 255, 255, 255, 255, 255, 255, 255, 255, 254, 254, 254, 254, 254,
  254, 254, 254, 254, 254, 254, 254, 254, 255, 255, 255, 255, 255, 254, 254, 254, 252, 249, 245, 237, 227, 214, 198, 178,
  156, 132, 109, 86, 65, 47, 32, 22, 14, 0, 0, 0, 0, 0, 0, 0, 0, 0, 1, 3, 6, 11, 18, 28,
  40, 56, 74, 94, 116, 138, 160, 180, 198, 213, 226, 236, 243, 248, 251, 253, 254, 255, 255, 255, 255, 255, 255, 255,
  255, 255, 255, 255, 255, 255, 255, 255, 255, 255, 255, 255, 255, 255, 255, 255, 255, 255, 255, 255, 255, 255, 255, 255,
  255, 255, 255, 255, 255, 255, 255, 255, 255, 255, 255, 255, 255, 255, 255, 255, 255, 255, 255, 255, 255, 255, 255, 255,
  255, 255, 254, 254, 254, 254, 255, 255, 255, 255, 255, 255, 255, 255, 255, 255, 255, 255, 254, 253, 251, 246, 239, 230,
  217, 201, 181, 160, 136, 113, 89, 68, 49, 34, 23, 15, 0, 0, 0, 0, 0, 0, 0, 0, 0, 1, 2, 5,
  9, 15, 23, 35, 49, 66, 85, 106, 128, 149, 170, 189, 205, 220, 230, 239, 245, 249, 252, 253, 254, 255, 255, 255,
  255, 255, 255, 255, 255, 255, 255, 255, 255, 255, 255, 255, 255, 255, 255, 255, 255, 255, 255, 255, 255, 255, 255, 255,
  255, 255, 255, 255, 255, 255, 255, 255, 255, 255, 255, 255, 255, 255, 255, 255, 255, 255, 255, 255, 255, 255, 255, 255,
  255, 255, 255, 255, 255, 255, 255, 255, 255, 255, 255, 255, 255, 255, 255, 255, 255, 255, 255, 255, 255, 255, 254, 251,
  247, 240, 232, 219, 203, 184, 163, 139, 116, 92, 70, 51, 36, 25, 16, 0, 0, 0, 0, 0, 0, 0, 0, 0,
  0, 1, 3, 7, 12, 19, 29, 42, 57, 75, 96, 117, 138, 159, 179, 196, 212, 224, 234, 241, 246, 250, 252, 253,
  254, 254, 255, 255, 255, 255, 255, 255, 255, 255, 255, 255, 255, 255, 255, 255, 255, 255, 255, 255, 255, 255, 255, 255,
  255, 255, 255, 255, 255, 255, 255, 255, 255, 255, 255, 255, 255, 255, 255, 255, 255, 255, 255, 255, 255, 255, 255, 255,
  255, 255, 255, 255, 255, 255, 255, 255, 255, 255, 255, 255, 255, 255, 255, 255, 255, 255, 255, 255, 255, 255, 255, 255,
  255, 254, 252, 248, 241, 233, 221, 205, 187, 165, 142, 118, 95, 73, 53, 37, 26, 17, 0, 0, 0, 0, 0, 0,
  0, 0, 0, 0, 1, 2, 5, 9, 15, 24, 36, 49, 66, 85, 105, 126, 148, 168, 186, 203, 216, 227, 236, 242,
  247, 250, 252, 253, 254, 254, 255, 255, 255, 255, 255, 255, 255, 255, 255, 255, 255, 255, 255, 255, 255, 255, 255, 255,
  255, 255, 255, 255, 255, 255, 255, 255, 255, 255, 255, 255, 255, 255, 255, 255, 255, 255, 255, 255, 255, 255, 255, 255,
  255, 255, 255, 255, 255, 255, 255, 255, 255, 255, 255, 255, 255, 255, 255, 255, 255, 255, 255, 255, 255, 255, 255, 255,
  255, 255, 255, 255, 254, 252, 248, 242, 234, 222, 207, 188, 167, 144, 120, 97, 75, 55, 39, 27, 18, 0, 0, 0,
  0, 0, 0, 0, 0, 0, 0, 1, 2, 4, 7, 12, 20, 30, 42, 57, 75, 94, 114, 135, 156, 175, 192, 207,
  220, 230, 238, 244, 247, 250, 252, 253, 254, 255, 255, 255, 255, 255, 255, 255, 255, 255, 255, 255, 255, 255, 255, 255,
  255, 255, 255, 255, 255, 255, 255, 255, 255, 255, 255, 255, 255, 255, 255, 255, 255, 255, 255, 255, 255, 255, 255, 255,
  255, 255, 255, 255, 255, 255, 255, 255, 255, 255, 255, 255, 255, 255, 255, 255, 255, 255, 255, 255, 255, 255, 255, 255,
  255, 255, 255, 255, 255, 255, 255, 254, 252, 248, 242, 234, 223, 208, 190, 168, 145, 122, 99, 76, 56, 40, 28, 19,
  0, 0, 0, 0, 0, 0, 0, 0, 0, 0, 0, 1, 3, 5, 10, 16, 25, 35, 49, 65, 83, 103, 123, 144,
  163, 182, 198, 211, 223, 232, 239, 244, 248, 251, 252, 253, 254, 255, 255, 255, 255, 255, 255, 255, 255, 255, 255, 255,
  255, 255, 255, 255, 255, 255, 255, 255, 255, 255, 255, 255, 255, 255, 255, 255, 255, 255, 255, 255, 255, 255, 255, 255,
  255, 255, 255, 255, 255, 255, 255, 255, 255, 255, 255, 255, 255, 255, 255, 255, 255, 255, 255, 255, 255, 255, 255, 255,
  255, 255, 255, 255, 255, 255, 255, 255, 255, 255, 254, 252, 248, 242, 234, 223, 208, 190, 169, 146, 123, 100, 77, 57,
  41, 29, 20, 0, 0, 0, 0, 0, 0, 0, 0, 0, 0, 0, 1, 2, 4, 8, 13, 20, 29, 42, 57, 74,
  92, 112, 132, 152, 171, 188, 203, 216, 226, 235, 241, 246, 249, 251, 253, 254, 254, 255, 255, 255, 255, 255, 255, 255,
  255, 255, 255, 255, 255, 255, 255, 255, 255, 255, 255, 255, 255, 255, 255, 255, 255, 255, 255, 255, 255, 255, 255, 255,
  255, 255, 255, 255, 255, 255, 255, 255, 255, 255, 255, 255, 255, 255, 255, 255, 255, 255, 255, 255, 255, 255, 255, 255,
  255, 255, 255, 255, 255, 255, 255, 255, 255, 255, 255, 255, 254, 253, 251, 247, 241, 233, 222, 207, 189, 169, 146, 123,
  100, 78, 58, 42, 30, 20, 0, 0, 0, 0, 0, 0, 0, 0, 0, 0, 0, 0, 1, 3, 6, 10, 17, 25,
  36, 50, 65, 83, 102, 122, 141, 161, 178, 194, 208, 220, 230, 237, 243, 247, 250, 252, 254, 254, 255, 255, 255, 255,
  255, 255, 255, 255, 255, 255, 255, 255, 255, 255, 255, 255, 255, 255, 255, 255, 255, 255, 255, 255, 255, 255, 255, 255,
  255, 255, 255, 255, 255, 255, 255, 255, 255, 255, 255, 255, 255, 255, 255, 255, 255, 255, 255, 255, 255, 255, 255, 255,
  255, 255, 255, 255, 255, 255, 255, 255, 255, 255, 255, 255, 255, 255, 254, 254, 253, 250, 246, 240, 231, 219, 205, 187,
  167, 144, 121, 99, 77, 57, 42, 30, 20, 0, 0, 0, 0, 0, 0, 0, 0, 0, 0, 0, 0, 1, 3, 5,
  9, 15, 22, 32, 45, 59, 76, 94, 113, 133, 152, 170, 186, 202, 214, 225, 233, 240, 245, 248, 251, 253, 254, 255,
  255, 255, 255, 255, 255, 255, 255, 255, 255, 255, 255, 255, 255, 255, 255, 255, 255, 255, 255, 255, 255, 255, 255, 255,
  255, 255, 255, 255, 255, 255, 255, 255, 255, 255, 255, 255, 255, 255, 255, 255, 255, 255, 255, 255, 255, 255, 255, 255,
  255, 255, 255, 255, 255, 255, 255, 255, 255, 255, 255, 255, 255, 255, 255, 255, 255, 254, 253, 252, 249, 244, 237, 228,
  216, 201, 184, 163, 141, 119, 97, 75, 56, 41, 29, 20, 0, 0, 0, 0, 0, 0, 0, 0, 0, 0, 0, 0,
  1, 3, 5, 9, 14, 21, 30, 42, 56, 71, 89, 107, 126, 145, 164, 180, 196, 209, 221, 230, 237, 243, 247, 250,
  252, 253, 254, 255, 255, 255, 255, 255, 255, 255, 255, 255, 255, 255, 255, 255, 255, 255, 255, 255, 255, 255, 255, 255,
  255, 255, 255, 255, 255, 255, 255, 255, 255, 255, 255, 255, 255, 255, 255, 255, 255, 255, 255, 255, 255, 255, 255, 255,
  255, 255, 255, 255, 255, 255, 255, 255, 255, 255, 255, 255, 255, 255, 255, 255, 255, 255, 255, 255, 254, 252, 250, 247,
  241, 234, 224, 211, 196, 178, 158, 136, 114, 93, 72, 53, 39, 28, 19, 0, 0, 0, 0, 0, 0, 0, 0, 0,
  0, 0, 1, 1, 3, 6, 9, 15, 22, 31, 42, 55, 71, 87, 105, 124, 142, 160, 176, 192, 206, 217, 227, 235,
  241, 246, 249, 252, 253, 254, 254, 255, 255, 255, 255, 255, 255, 255, 255, 255, 255, 255, 255, 255, 255, 255, 255, 255,
  255, 255, 255, 255, 255, 255, 255, 255, 255, 255, 255, 255, 255, 255, 255, 255, 255, 255, 255, 255, 255, 255, 255, 255,
  255, 255, 255, 255, 255, 255, 255, 255, 255, 255, 255, 255, 255, 255, 255, 255, 255, 255, 255, 255, 255, 255, 254, 253,
  251, 249, 244, 238, 230, 218, 205, 189, 171, 150, 129, 107, 87, 67, 50, 36, 26, 18, 0, 0, 0, 0, 0, 0,
  0, 0, 0, 0, 0, 1, 2, 4, 7, 11, 17, 24, 34, 45, 59, 74, 90, 107, 125, 143, 160, 176, 191, 204,
  216, 226, 234, 241, 245, 249, 252, 253, 254, 254, 255, 255, 255, 255, 255, 255, 255, 255, 255, 255, 255, 255, 255, 255,
  255, 255, 255, 255, 255, 255, 255, 255, 255, 255, 255, 255, 255, 255, 255, 255, 255, 255, 255, 255, 255, 255, 255, 255,
  255, 255, 255, 255, 255, 255, 255, 255, 255, 255, 255, 255, 255, 255, 255, 255, 255, 255, 255, 255, 255, 255, 255, 255,
  255, 254, 252, 250, 247, 242, 234, 225, 212, 197, 181, 162, 142, 121, 99, 81, 62, 45, 33, 23, 16, 0, 0, 0,
  0, 0, 0, 0, 0, 0, 0, 0, 2, 3, 5, 9, 14, 21, 29, 39, 51, 65, 80, 96, 113, 130, 147, 163,
  178, 192, 205, 216, 226, 234, 240, 245, 249, 251, 253, 254, 254, 255, 255, 255, 255, 255, 255, 255, 255, 255, 255, 255,
  255, 255, 255, 255, 255, 255, 255, 255, 255, 255, 255, 255, 255, 255, 255, 255, 255, 255, 255, 255, 255, 255, 255, 255,
  255, 255, 255, 255, 255, 255, 255, 255, 255, 255, 255, 255, 255, 255, 255, 255, 255, 255, 255, 255, 255, 255, 255, 255,
  255, 255, 255, 255, 254, 252, 249, 244, 238, 230, 219, 205, 189, 172, 152, 132, 111, 91, 73, 55, 40, 29, 20, 14,
  0, 0, 0, 0, 0, 0, 0, 0, 0, 0, 1, 2, 4, 7, 12, 18, 26, 35, 47, 60, 74, 90, 106, 122,
  138, 154, 169, 183, 196, 208, 218, 227, 234, 241, 245, 249, 251, 253, 254, 254, 255, 255, 255, 255, 255, 255, 255, 255,
  255, 255, 255, 255, 255, 255, 255, 255, 255, 255, 255, 255, 255, 255, 255, 255, 255, 255, 255, 255, 255, 255, 255, 255,
  255, 255, 255, 255, 255, 255, 255, 255, 255, 255, 255, 255, 255, 255, 255, 255, 255, 255, 255, 255, 255, 255, 255, 255,
  255, 255, 255, 255, 255, 255, 254, 253, 251, 247, 242, 235, 225, 213, 198, 181, 162, 142, 121, 101, 81, 64, 49, 35,
  25, 17, 12, 0, 0, 0, 0, 0, 0, 0, 0, 0, 0, 1, 3, 6, 10, 15, 23, 32, 43, 56, 70, 86,
  102, 118, 134, 150, 164, 178, 190, 202, 212, 221, 229, 236, 241, 246, 249, 252, 253, 254, 254, 255, 255, 255, 255, 255,
  255, 255, 255, 255, 255, 255, 255, 255, 255, 255, 255, 255, 255, 255, 255, 255, 255, 255, 255, 255, 255, 255, 255, 255,
  255, 255, 255, 255, 255, 255, 255, 255, 255, 255, 255, 255, 255, 255, 255, 255, 255, 255, 255, 255, 255, 255, 255, 255,
  255, 255, 255, 255, 255, 255, 255, 255, 255, 254, 253, 250, 246, 240, 232, 221, 207, 190, 172, 153, 131, 111, 91, 72,
  56, 42, 29, 20, 14, 10, 0, 0, 0, 0, 0, 0, 0, 0, 0, 0, 2, 4, 7, 12, 19, 28, 39, 52,
  67, 83, 99, 116, 133, 148, 163, 176, 189, 199, 209, 218, 226, 233, 238, 243, 247, 250, 252, 253, 254, 254, 255, 255,
  255, 255, 255, 255, 255, 255, 255, 255, 255, 255, 255, 255, 255, 255, 255, 255, 255, 255, 255, 255, 255, 255, 255, 255,
  255, 255, 255, 255, 255, 255, 255, 255, 255, 255, 255, 255, 255, 255, 255, 255, 255, 255, 255, 255, 255, 255, 255, 255,
  255, 255, 255, 255, 255, 255, 255, 255, 255, 255, 255, 255, 254, 253, 249, 244, 237, 228, 216, 201, 183, 163, 143, 121,
  100, 81, 63, 48, 35, 24, 16, 11, 7, 0, 0, 0, 0, 0, 0, 0, 0, 0, 1, 2, 5, 9, 15, 24,
  34, 47, 62, 79, 96, 114, 131, 148, 163, 177, 189, 200, 209, 218, 225, 231, 236, 241, 245, 248, 250, 252, 253, 254,
  255, 255, 255, 255, 255, 255, 255, 255, 255, 255, 255, 255, 255, 255, 255, 255, 255, 255, 255, 255, 255, 255, 255, 255,
  255, 255, 255, 255, 255, 255, 255, 255, 255, 255, 255, 255, 255, 255, 255, 255, 255, 255, 255, 255, 255, 255, 255, 255,
  255, 255, 255, 255, 255, 255, 255, 255, 255, 255, 255, 255, 255, 255, 255, 254, 252, 248, 242, 235, 225, 211, 195, 176,
  155, 134, 112, 91, 71, 54, 41, 29, 19, 13, 8, 5, 0, 0, 0, 0, 0, 0, 0, 0, 0, 1, 3, 7,
  12, 19, 28, 40, 55, 72, 90, 109, 128, 146, 163, 178, 191, 202, 212, 219, 226, 232, 237, 241, 244, 247, 249, 251,
  253, 254, 255, 255, 255, 255, 255, 255, 255, 255, 255, 255, 255, 255, 255, 255, 255, 255, 255, 255, 255, 255, 255, 255,
  255, 255, 255, 255, 255, 255, 255, 255, 255, 255, 255, 255, 255, 255, 255, 255, 255, 255, 255, 255, 255, 255, 255, 255,
  255, 255, 255, 255, 255, 255, 255, 255, 255, 255, 255, 255, 255, 255, 255, 254, 254, 254, 253, 250, 246, 240, 231, 221,
  206, 189, 168, 147, 126, 103, 82, 63, 47, 34, 24, 15, 9, 6, 4, 0, 0, 0, 0, 0, 0, 0, 0, 0,
  2, 4, 8, 14, 22, 33, 47, 64, 82, 101, 121, 141, 160, 177, 191, 204, 214, 222, 229, 234, 238, 242, 244, 247,
  249, 251, 252, 253, 254, 255, 255, 255, 255, 255, 255, 255, 255, 255, 255, 255, 255, 255, 255, 255, 255, 255, 255, 255,
  255, 255, 255, 255, 255, 255, 255, 255, 255, 255, 255, 255, 255, 255, 255, 255, 255, 255, 255, 255, 255, 255, 255, 255,
  255, 255, 255, 255, 255, 255, 255, 255, 255, 255, 255, 255, 255, 255, 255, 254, 254, 254, 254, 253, 253, 251, 248, 243,
  236, 227, 216, 200, 182, 161, 139, 118, 95, 75, 56, 41, 29, 19, 12, 7, 4, 2, 0, 0, 0, 0, 0, 0,
  0, 0, 0, 2, 5, 10, 16, 26, 38, 53, 71, 91, 112, 133, 154, 172, 189, 203, 215, 224, 231, 236, 240, 243,
  246, 248, 249, 251, 252, 253, 254, 254, 255, 255, 255, 255, 255, 255, 255, 255, 255, 255, 255, 255, 255, 255, 255, 255,
  255, 255, 255, 255, 255, 255, 255, 255, 255, 255, 255, 255, 255, 255, 255, 255, 255, 255, 255, 255, 255, 255, 255, 255,
  255, 255, 255, 255, 255, 255, 255, 255, 255, 255, 255, 255, 255, 255, 255, 255, 254, 254, 254, 253, 253, 252, 251, 250,
  248, 244, 239, 231, 222, 209, 193, 175, 154, 131, 110, 88, 68, 50, 36, 24, 16, 9, 5, 3, 1, 0, 0, 0,
  0, 0, 0, 0, 0, 1, 3, 6, 12, 19, 29, 43, 59, 79, 99, 121, 143, 164, 183, 199, 213, 224, 232, 238,
  243, 246, 247, 249, 250, 251, 252, 253, 254, 254, 255, 255, 255, 255, 255, 255, 255, 255, 255, 255, 255, 255, 255, 255,
  255, 255, 255, 255, 255, 255, 255, 255, 255, 255, 255, 255, 255, 255, 255, 255, 255, 255, 255, 255, 255, 255, 255, 255,
  255, 255, 255, 255, 255, 255, 255, 255, 255, 255, 255, 255, 255, 255, 255, 255, 255, 255, 254, 254, 254, 253, 252, 251,
  249, 248, 246, 243, 239, 233, 224, 214, 201, 185, 166, 145, 123, 102, 80, 61, 45, 31, 21, 13, 7, 3, 2, 1,
  0, 0, 0, 0, 0, 0, 0, 0, 1, 3, 7, 13, 21, 33, 47, 65, 85, 107, 130, 152, 173, 192, 208, 221,
  231, 239, 244, 247, 249, 251, 252, 252, 253, 253, 254, 254, 255, 255, 255, 255, 255, 255, 255, 255, 255, 255, 255, 255,
  255, 255, 255, 255, 255, 255, 255, 255, 255, 255, 255, 255, 255, 255, 255, 255, 255, 255, 255, 255, 255, 255, 255, 255,
  255, 255, 255, 255, 255, 255, 255, 255, 255, 255, 255, 255, 255, 255, 255, 255, 255, 255, 255, 255, 254, 254, 253, 252,
  251, 249, 248, 245, 243, 240, 236, 231, 224, 215, 204, 191, 174, 156, 135, 114, 94, 73, 55, 40, 27, 18, 11, 6,
  2, 1, 0, 0, 0, 0, 0, 0, 0, 0, 0, 1, 4, 8, 15, 24, 36, 52, 70, 92, 114, 137, 159, 181,
  199, 214, 227, 236, 243, 248, 251, 252, 253, 253, 254, 254, 254, 254, 255, 255, 255, 255, 255, 255, 255, 255, 255, 255,
  255, 255, 255, 255, 255, 255, 255, 255, 255, 255, 255, 255, 255, 255, 255, 255, 255, 255, 255, 255, 255, 255, 255, 255,
  255, 255, 255, 255, 255, 255, 255, 255, 255, 255, 255, 255, 255, 255, 255, 255, 255, 255, 255, 254, 254, 254, 254, 253,
  252, 251, 250, 248, 245, 243, 239, 236, 232, 227, 221, 213, 203, 192, 178, 162, 144, 124, 104, 85, 66, 49, 35, 24,
  15, 9, 4, 2, 1, 0, 0, 0, 0, 0, 0, 0, 0, 0, 2, 4, 9, 16, 26, 39, 55, 74, 97, 119,
  143, 165, 186, 204, 219, 231, 240, 246, 250, 253, 254, 254, 254, 254, 255, 255, 255, 255, 255, 255, 255, 255, 255, 255,
  255, 255, 255, 255, 255, 255, 255, 255, 255, 255, 255, 255, 255, 255, 255, 255, 255, 255, 255, 255, 255, 255, 255, 255,
  255, 255, 255, 255, 255, 255, 255, 255, 255, 255, 255, 255, 255, 255, 255, 255, 255, 255, 255, 254, 254, 254, 253, 253,
  253, 252, 251, 249, 247, 246, 242, 239, 235, 231, 226, 221, 214, 207, 198, 188, 176, 163, 147, 130, 112, 93, 75, 58,
  43, 30, 20, 13, 7, 3, 1, 0, 0, 0, 0, 0, 0, 0, 0, 0, 1, 2, 5, 10, 17, 27, 41, 58,
  78, 100, 123, 147, 169, 190, 208, 222, 234, 242, 248, 252, 254, 255, 255, 255, 255, 255, 255, 255, 255, 255, 255, 255,
  255, 255, 255, 255, 255, 255, 255, 255, 255, 255, 255, 255, 255, 255, 255, 255, 255, 255, 255, 255, 255, 255, 255, 255,
  255, 255, 255, 255, 255, 255, 255, 255, 255, 255, 255, 255, 255, 255, 255, 255, 255, 255, 255, 255, 254, 254, 253, 253,
  252, 252, 251, 250, 249, 247, 245, 242, 239, 235, 231, 226, 220, 213, 207, 199, 190, 181, 171, 159, 146, 131, 115, 98,
  81, 65, 50, 37, 26, 17, 11, 6, 3, 1, 0, 0, 0, 0, 0, 0, 0, 0, 0, 1, 2, 5, 11, 18,
  29, 43, 60, 80, 103, 126, 150, 172, 193, 210, 224, 235, 244, 249, 252, 254, 255, 255, 255, 255, 255, 255, 255, 255,
  255, 255, 255, 255, 255, 255, 255, 255, 255, 255, 255, 255, 255, 255, 255, 255, 255, 255, 255, 255, 255, 255, 255, 255,
  255, 255, 255, 255, 255, 255, 255, 255, 255, 255, 255, 255, 255, 255, 255, 255, 255, 255, 255, 255, 255, 254, 254, 254,
  253, 252, 251, 250, 249, 247, 245, 244, 241, 238, 234, 231, 226, 220, 213, 206, 198, 190, 181, 172, 162, 151, 139, 127,
  113, 98, 83, 69, 55, 42, 31, 21, 14, 9, 5, 2, 1, 0, 0, 0, 0, 0, 0, 0, 0, 0, 1, 2,
  5, 11, 19, 29, 43, 61, 81, 104, 127, 151, 173, 194, 211, 225, 235, 244, 249, 252, 254, 255, 255, 255, 255, 255,
  255, 255, 255, 255, 255, 255, 255, 255, 255, 255, 255, 255, 255, 255, 255, 255, 255, 255, 255, 255, 255, 255, 255, 255,
  255, 255, 255, 255, 255, 255, 255, 255, 255, 255, 255, 255, 255, 255, 255, 255, 255, 255, 255, 255, 255, 255, 255, 254,
  254, 253, 252, 251, 250, 248, 246, 244, 241, 239, 236, 233, 229, 224, 219, 213, 206, 198, 190, 180, 171, 161, 151, 141,
  130, 119, 107, 95, 82, 69, 57, 45, 34, 25, 17, 11, 7, 4, 2, 0, 0, 0, 0, 0, 0, 0, 0, 0,
  0, 1, 2, 5, 11, 19, 29, 43, 61, 81, 104, 126, 150, 172, 192, 210, 223, 234, 243, 248, 251, 254, 254, 255,
  255, 255, 255, 255, 255, 255, 255, 255, 255, 255, 255, 255, 255, 255, 255, 255, 255, 255, 255, 255, 255, 255, 255, 255,
  255, 255, 255, 255, 255, 255, 255, 255, 255, 255, 255, 255, 255, 255, 255, 255, 255, 255, 255, 255, 255, 255, 255, 255,
  255, 254, 254, 253, 252, 250, 249, 246, 243, 240, 237, 233, 230, 226, 222, 216, 211, 205, 198, 190, 181, 171, 161, 151,
  140, 130, 119, 109, 98, 88, 77, 66, 55, 45, 35, 27, 19, 13, 9, 5, 3, 1, 0, 0, 0, 0, 0, 0,
  0, 0, 0, 0, 1, 2, 5, 11, 18, 28, 42, 60, 79, 102, 124, 147, 169, 189, 207, 220, 231, 240, 246, 250,
  252, 253, 254, 254, 254, 255, 255, 255, 255, 255, 255, 255, 255, 255, 255, 255, 255, 255, 255, 255, 255, 255, 255, 255,
  255, 255, 255, 255, 255, 255, 255, 255, 255, 255, 255, 255, 255, 255, 255, 255, 255, 255, 255, 255, 255, 255, 255, 255,
  255, 255, 255, 254, 254, 253, 252, 250, 247, 245, 241, 237, 233, 228, 223, 218, 213, 207, 201, 194, 187, 179, 170, 161,
  150, 140, 129, 119, 108, 98, 88, 79, 69, 60, 51, 42, 35, 27, 20, 14, 10, 6, 4, 2, 1, 0, 0, 0,
  0, 0, 0, 0, 0, 0, 0, 1, 2, 5, 10, 17, 27, 40, 57, 76, 98, 119, 142, 164, 184, 201, 215, 227,
  236, 243, 247, 250, 251, 253, 253, 254, 254, 254, 255, 255, 255, 255, 255, 255, 255, 255, 255, 255, 255, 255, 255, 255,
  255, 255, 255, 255, 255, 255, 255, 255, 255, 255, 255, 255, 255, 255, 255, 255, 255, 255, 255, 255, 255, 255, 255, 255,
  255, 255, 255, 255, 255, 254, 254, 253, 252, 250, 247, 243, 239, 234, 228, 223, 216, 209, 203, 196, 190, 182, 175, 167,
  159, 150, 140, 129, 118, 108, 97, 87, 78, 69, 60, 52, 45, 37, 31, 25, 19, 14, 10, 7, 4, 2, 1, 0,
  0, 0, 0, 0, 0, 0, 0, 0, 0, 0, 1, 2, 5, 9, 16, 25, 38, 53, 71, 92, 113, 135, 156, 176,
  194, 208, 220, 230, 237, 242, 246, 249, 251, 252, 253, 253, 254, 255, 255, 255, 255, 255, 255, 255, 255, 255, 255, 255,
  255, 255, 255, 255, 255, 255, 255, 255, 255, 255, 255, 255, 255, 255, 255, 255, 255, 255, 255, 255, 255, 255, 255, 255,
  255, 255, 255, 255, 255, 255, 254, 254, 254, 253, 251, 249, 246, 243, 238, 232, 225, 218, 210, 202, 193, 185, 177, 170,
  162, 153, 146, 137, 128, 118, 107, 97, 87, 77, 68, 60, 52, 44, 38, 32, 26, 21, 17, 13, 10, 7, 5, 3,
  2, 1, 0, 0, 0, 0, 0, 0, 0, 0, 0, 0, 0, 1, 2, 4, 8, 14, 23, 34, 49, 65, 84, 104,
  125, 146, 166, 183, 198, 211, 222, 230, 237, 242, 245, 248, 250, 251, 252, 253, 254, 255, 255, 255, 255, 255, 255, 255,
  255, 255, 255, 255, 255, 255, 255, 255, 255, 255, 255, 255, 255, 255, 255, 255, 255, 255, 255, 255, 255, 255, 255, 255,
  255, 255, 254, 254, 254, 254, 254, 254, 254, 253, 253, 252, 251, 249, 246, 242, 237, 230, 223, 214, 205, 195, 185, 175,
  166, 157, 148, 139, 131, 123, 115, 106, 96, 87, 77, 68, 59, 51, 44, 37, 31, 26, 22, 17, 14, 11, 9, 6,
  4, 3, 2, 1, 1, 0, 0, 0, 0, 0, 0, 0, 0, 0, 0, 0, 0, 1, 3, 7, 13, 20, 30, 43,
  58, 76, 94, 114, 134, 153, 171, 186, 200, 212, 221, 229, 235, 240, 244, 247, 249, 251, 253, 254, 254, 255, 255, 255,
  255, 255, 255, 255, 255, 255, 255, 255, 255, 255, 255, 255, 255, 255, 255, 255, 255, 255, 255, 255, 255, 255, 255, 255,
  255, 255, 255, 255, 254, 254, 254, 254, 253, 253, 252, 252, 251, 250, 249, 247, 244, 241, 235, 229, 221, 211, 201, 190,
  179, 167, 155, 145, 135, 126, 117, 108, 101, 93, 85, 76, 67, 60, 51, 44, 37, 31, 26, 21, 17, 14, 11, 9,
  7, 5, 4, 3, 2, 1, 1, 0, 0, 0, 0, 0, 0, 0, 0, 0, 0, 0, 0, 0, 1, 3, 6, 10,
  17, 26, 37, 51, 66, 83, 102, 120, 139, 156, 172, 187, 200, 210, 220, 228, 234, 240, 244, 247, 250, 252, 253, 254,
  255, 255, 255, 255, 255, 255, 255, 255, 255, 255, 255, 255, 255, 255, 255, 255, 255, 255, 255, 255, 255, 255, 255, 255,
  255, 255, 255, 255, 255, 255, 254, 254, 253, 253, 252, 252, 251, 250, 249, 248, 247, 245, 242, 238, 233, 227, 219, 209,
  198, 186, 173, 160, 147, 135, 123, 113, 104, 95, 87, 79, 72, 65, 58, 50, 44, 37, 31, 26, 21, 17, 14, 11,
  8, 6, 5, 4, 3, 2, 1, 1, 1, 0, 0, 0, 0, 0, 0, 0, 0, 0, 0, 0, 0, 0, 0, 1,
  2, 5, 8, 14, 21, 31, 43, 56, 71, 88, 106, 123, 140, 156, 172, 186, 198, 209, 219, 227, 234, 240, 244, 248,
  251, 253, 254, 255, 255, 255, 255, 255, 255, 255, 255, 255, 255, 255, 255, 255, 255, 255, 255, 255, 255, 255, 255, 255,
  255, 255, 255, 255, 255, 255, 255, 255, 254, 254, 253, 253, 252, 251, 249, 248, 247, 245, 243, 241, 238, 235, 230, 224,
  216, 206, 195, 183, 169, 155, 141, 127, 114, 102, 92, 82, 74, 66, 60, 54, 48, 42, 36, 31, 26, 21, 17, 14,
  10, 8, 6, 5, 3, 2, 2, 2, 1, 1, 0, 0, 0, 0, 0, 0, 0, 0, 0, 0, 0, 0, 0, 0,
  0, 0, 0, 2, 4, 6, 11, 17, 25, 35, 47, 60, 75, 91, 107, 124, 140, 156, 171, 185, 198, 210, 220, 229,
  236, 242, 246, 249, 252, 253, 254, 255, 255, 255, 255, 255, 255, 255, 255, 255, 255, 255, 255, 255, 255, 255, 255, 255,
  255, 255, 255, 255, 255, 255, 255, 255, 255, 255, 255, 254, 254, 253, 251, 250, 248, 246, 244, 242, 240, 237, 234, 230,
  225, 219, 211, 202, 192, 179, 166, 151, 136, 122, 107, 94, 82, 72, 63, 55, 49, 43, 38, 33, 29, 25, 21, 17,
  14, 11, 8, 6, 4, 3, 2, 2, 1, 1, 1, 0, 0, 0, 0, 0, 0, 0, 0, 0, 0, 0, 0, 0,
  0, 0, 0, 0, 0, 0, 1, 3, 5, 8, 13, 19, 27, 37, 48, 62, 76, 91, 108, 124, 141, 157, 172, 187,
  201, 213, 223, 232, 239, 244, 248, 251, 253, 254, 254, 255, 255, 255, 255, 255, 255, 255, 255, 255, 255, 255, 255, 255,
  255, 255, 255, 255, 255, 255, 255, 255, 255, 255, 255, 255, 255, 255, 254, 253, 252, 250, 248, 246, 243, 240, 236, 233,
  228, 224, 219, 213, 205, 197, 186, 175, 162, 147, 132, 117, 102, 88, 75, 64, 54, 47, 40, 34, 30, 26, 22, 19,
  16, 13, 11, 8, 6, 5, 3, 2, 1, 1, 1, 0, 0, 0, 0, 0, 0, 0, 0, 0, 0, 0, 0, 0,
  0, 0, 0, 0, 0, 0, 0, 0, 0, 1, 2, 3, 6, 10, 15, 21, 29, 38, 50, 63, 77, 93, 109, 127,
  144, 161, 177, 193, 206, 218, 228, 237, 243, 247, 251, 253, 254, 254, 255, 255, 255, 255, 255, 255, 255, 255, 255, 255,
  255, 255, 255, 255, 255, 255, 255, 255, 255, 255, 255, 255, 255, 255, 255, 255, 254, 253, 252, 251, 249, 246, 242, 239,
  234, 229, 224, 218, 213, 206, 198, 190, 180, 169, 156, 143, 128, 113, 98, 84, 71, 59, 48, 40, 33, 27, 23, 19,
  17, 14, 12, 10, 8, 6, 5, 3, 3, 2, 1, 1, 0, 0, 0, 0, 0, 0, 0, 0, 0, 0, 0, 0,
  0, 0, 0, 0, 0, 0, 0, 0, 0, 0, 0, 0, 0, 1, 2, 4, 7, 10, 15, 22, 29, 39, 51, 64,
  80, 96, 114, 132, 150, 168, 185, 201, 214, 226, 235, 242, 247, 251, 253, 254, 254, 255, 255, 255, 255, 255, 255, 255,
  255, 255, 255, 255, 255, 255, 255, 255, 255, 255, 255, 255, 255, 255, 255, 255, 255, 255, 254, 254, 253, 252, 250, 247,
  243, 239, 234, 228, 221, 215, 207, 200, 191, 182, 172, 161, 149, 136, 123, 109, 94, 80, 68, 55, 45, 36, 28, 22,
  18, 15, 12, 10, 8, 7, 5, 4, 3, 3, 2, 1, 1, 1, 0, 0, 0, 0, 0, 0, 0, 0, 0, 0,
  0, 0, 0, 0, 0, 0, 0, 0, 0, 0, 0, 0, 0, 0, 0, 0, 1, 1, 3, 5, 7, 11, 16, 22,
  31, 41, 54, 68, 85, 103, 122, 142, 161, 180, 196, 211, 223, 233, 241, 247, 251, 253, 254, 254, 255, 255, 255, 255,
  255, 255, 255, 255, 255, 255, 255, 255, 255, 255, 255, 255, 255, 255, 255, 255, 255, 255, 255, 255, 255, 254, 254, 253,
  252, 249, 246, 241, 236, 229, 222, 214, 205, 196, 186, 176, 165, 154, 142, 130, 117, 104, 90, 77, 64, 53, 42, 33,
  25, 19, 14, 11, 9, 7, 5, 4, 3, 3, 2, 2, 1, 1, 1, 0, 0, 0, 0, 0, 0, 0, 0, 0,
  0, 0, 0, 0, 0, 0, 0, 0, 0, 0, 0, 0, 0, 0, 0, 0, 0, 0, 0, 0, 1, 2, 3, 5,
  7, 11, 16, 24, 34, 45, 60, 76, 95, 115, 135, 156, 176, 193, 209, 222, 233, 241, 247, 251, 253, 254, 254, 255,
  255, 255, 255, 255, 255, 255, 255, 255, 255, 255, 255, 255, 255, 255, 255, 255, 255, 255, 255, 255, 255, 255, 255, 255,
  254, 254, 253, 251, 248, 245, 239, 233, 225, 216, 206, 196, 184, 173, 161, 148, 136, 123, 110, 97, 85, 73, 61, 50,
  40, 31, 23, 18, 13, 9, 6, 5, 3, 2, 2, 2, 1, 1, 1, 0, 0, 0, 0, 0, 0, 0, 0, 0,
  0, 0, 0, 0, 0, 0, 0, 0, 0, 0, 0, 0, 0, 0, 0, 0, 0, 0, 0, 0, 0, 0, 0, 0,
  1, 2, 3, 5, 8, 12, 19, 28, 39, 53, 70, 89, 110, 131, 152, 173, 192, 208, 222, 233, 241, 247, 251, 253,
  254, 254, 255, 255, 255, 255, 255, 255, 255, 255, 255, 255, 255, 255, 255, 255, 255, 255, 255, 255, 255, 255, 255, 255,
  255, 255, 255, 254, 254, 253, 251, 248, 244, 238, 231, 222, 212, 200, 188, 174, 160, 146, 132, 119, 105, 92, 80, 68,
  57, 47, 37, 29, 22, 16, 12, 8, 5, 3, 2, 1, 1, 1, 1, 0, 0, 0, 0, 0, 0, 0, 0, 0,
  0, 0, 0, 0, 0, 0, 0, 0, 0, 0, 0, 0, 0, 0, 0, 0, 0, 0, 0, 0, 0, 0, 0, 0,
  0, 0, 0, 0, 1, 2, 3, 5, 9, 16, 24, 35, 49, 66, 85, 107, 128, 151, 172, 191, 208, 222, 233, 241,
  247, 251, 253, 254, 255, 255, 255, 255, 255, 255, 255, 255, 255, 255, 255, 255, 255, 255, 255, 255, 254, 254, 254, 254,
  254, 254, 254, 254, 255, 255, 254, 254, 253, 251, 248, 244, 238, 230, 220, 209, 195, 181, 166, 150, 134, 118, 104, 89,
  77, 64, 54, 44, 35, 27, 21, 15, 11, 8, 5, 3, 2, 1, 1, 0, 0, 0, 0, 0, 0, 0, 0, 0,
  0, 0, 0, 0, 0, 0, 0, 0, 0, 0, 0, 0, 0, 0, 0, 0, 0, 0, 0, 0, 0, 0, 0, 0,
  0, 0, 0, 0, 0, 0, 0, 0, 1, 2, 4, 7, 14, 21, 32, 46, 63, 83, 105, 127, 150, 172, 192, 209,
  223, 233, 242, 248, 252, 254, 255, 255, 255, 255, 255, 255, 255, 255, 255, 255, 255, 255, 255, 254, 254, 254, 254, 254,
  253, 253, 253, 253, 253, 253, 254, 254, 254, 254, 254, 253, 251, 248, 244, 238, 229, 219, 207, 192, 176, 159, 142, 125,
  107, 91, 76, 63, 52, 41, 33, 25, 19, 14, 10, 7, 5, 3, 1, 1, 0, 0, 0, 0, 0, 0, 0, 0,
  0, 0, 0, 0, 0, 0, 0, 0, 0, 0, 0, 0, 0, 0, 0, 0, 0, 0, 0, 0, 0, 0, 0, 0,
  0, 0, 0, 0, 0, 0, 0, 0, 0, 0, 0, 0, 1, 3, 6, 12, 20, 31, 45, 62, 81, 104, 126, 150,
  172, 192, 209, 223, 234, 242, 248, 252, 254, 255, 255, 255, 255, 255, 255, 255, 255, 255, 255, 255, 255, 254, 254, 253,
  253, 253, 252, 252, 252, 251, 251, 252, 252, 252, 253, 253, 253, 253, 253, 251, 249, 244, 238, 230, 219, 206, 191, 174,
  156, 137, 118, 99, 82, 66, 53, 42, 32, 24, 18, 13, 9, 6, 4, 3, 2, 1, 0, 0, 0, 0, 0, 0,
  0, 0, 0, 0, 0, 0, 0, 0, 0, 0, 0, 0, 0, 0, 0, 0, 0, 0, 0, 0, 0, 0, 0, 0,
  0, 0, 0, 0, 0, 0, 0, 0, 0, 0, 0, 0, 0, 0, 0, 1, 2, 5, 11, 19, 30, 43, 60, 80,
  103, 125, 149, 171, 191, 209, 223, 234, 242, 248, 252, 253, 255, 255, 255, 255, 255, 255, 255, 255, 255, 255, 255, 254,
  254, 253, 252, 252, 251, 250, 250, 249, 248, 249, 249, 249, 250, 251, 252, 252, 253, 253, 252, 249, 245, 239, 231, 220,
  208, 192, 174, 155, 134, 114, 95, 76, 60, 46, 35, 25, 18, 13, 9, 6, 4, 2, 2, 1, 0, 0, 0, 0,
  0, 0, 0, 0, 0, 0, 0, 0, 0, 0, 0, 0, 0, 0, 0, 0, 0, 0, 0, 0, 0, 0, 0, 0,
  0, 0, 0, 0, 0, 0, 0, 0, 0, 0, 0, 0, 0, 0, 0, 0, 0, 0, 1, 2, 5, 11, 18, 28,
  42, 59, 78, 101, 123, 147, 169, 190, 207, 222, 232, 241, 247, 251, 253, 254, 254, 254, 255, 255, 255, 255, 255, 255,
  255, 255, 254, 253, 252, 251, 250, 249, 248, 247, 246, 245, 245, 246, 246, 247, 248, 250, 251, 252, 252, 252, 250, 246,
  241, 233, 223, 210, 194, 176, 156, 135, 114, 93, 73, 56, 42, 30, 21, 14, 9, 6, 4, 2, 1, 1, 0, 0,
  0, 0, 0, 0, 0, 0, 0, 0, 0, 0, 0, 0, 0, 0, 0, 0, 0, 0, 0, 0, 0, 0, 0, 0,
  0, 0, 0, 0, 0, 0, 0, 0, 0, 0, 0, 0, 0, 0, 0, 0, 0, 0, 0, 0, 0, 1, 2, 4,
  10, 17, 27, 40, 57, 76, 98, 121, 144, 166, 186, 204, 219, 230, 239, 245, 249, 251, 253, 253, 254, 254, 254, 254,
  255, 255, 255, 255, 254, 254, 253, 251, 250, 248, 246, 244, 243, 242, 241, 241, 242, 242, 244, 246, 248, 249, 251, 252,
  252, 250, 248, 243, 236, 225, 213, 197, 179, 158, 137, 115, 93, 73, 55, 40, 28, 19, 12, 7, 4, 2, 1, 1,
  0, 0, 0, 0, 0, 0, 0, 0, 0, 0, 0, 0, 0, 0, 0, 0, 0, 0, 0, 0, 0, 0, 0, 0,
  0, 0, 0, 0, 0, 0, 0, 0, 0, 0, 0, 0, 0, 0, 0, 0, 0, 0, 0, 0, 0, 0, 0, 0,
  0, 2, 4, 9, 16, 26, 38, 54, 73, 94, 116, 139, 161, 181, 199, 214, 225, 235, 241, 246, 248, 250, 251, 252,
  253, 253, 254, 254, 254, 255, 255, 254, 253, 252, 250, 248, 246, 243, 241, 239, 237, 236, 236, 237, 238, 240, 242, 245,
  247, 250, 251, 252, 251, 249, 244, 238, 228, 216, 201, 183, 162, 140, 117, 95, 74, 56, 40, 27, 18, 11, 6, 3,
  1, 1, 0, 0, 0, 0, 0, 0, 0, 0, 0, 0, 0, 0, 0, 0, 0, 0, 0, 0, 0, 0, 0, 0,
  0, 0, 0, 0, 0, 0, 0, 0, 0, 0, 0, 0, 0, 0, 0, 0, 0, 0, 0, 0, 0, 0, 0, 0,
  0, 0, 0, 0, 2, 4, 8, 15, 24, 35, 51, 68, 89, 110, 133, 154, 174, 192, 207, 219, 229, 236, 241, 244,
  247, 249, 250, 251, 252, 253, 254, 254, 255, 254, 254, 253, 251, 249, 246, 243, 240, 237, 234, 232, 230, 230, 231, 233,
  236, 239, 242, 245, 248, 250, 251, 251, 250, 246, 240, 231, 219, 205, 186, 166, 144, 121, 98, 76, 57, 41, 28, 18,
  11, 5, 3, 1, 0, 0, 0, 0, 0, 0, 0, 0, 0, 0, 0, 0, 0, 0, 0, 0, 0, 0, 0, 0,
  0, 0, 0, 0, 0, 0, 0, 0, 0, 0, 0, 0, 0, 0, 0, 0, 0, 0, 0, 0, 0, 0, 0, 0,
  0, 0, 0, 0, 0, 0, 0, 1, 3, 7, 13, 21, 32, 47, 63, 83, 103, 124, 145, 165, 183, 198, 210, 221,
  229, 235, 239, 243, 245, 247, 249, 251, 252, 253, 254, 254, 254, 253, 252, 251, 248, 245, 241, 237, 233, 230, 227, 225,
  225, 226, 229, 232, 235, 239, 243, 247, 249, 251, 252, 251, 247, 242, 233, 222, 208, 190, 170, 147, 124, 101, 79, 60,
  43, 29, 19, 12, 6, 3, 1, 0, 0, 0, 0, 0, 0, 0, 0, 0, 0, 0, 0, 0, 0, 0, 0, 0,
  0, 0, 0, 0, 0, 0, 0, 0, 0, 0, 0, 0, 0, 0, 0, 0, 0, 0, 0, 0, 0, 0, 0, 0,
  0, 0, 0, 0, 0, 0, 0, 0, 0, 0, 1, 3, 6, 12, 19, 29, 42, 57, 76, 95, 115, 135, 155, 172,
  188, 201, 211, 220, 227, 233, 237, 241, 244, 247, 249, 251, 252, 253, 254, 254, 253, 252, 250, 247, 243, 239, 235, 231,
  227, 224, 221, 221, 222, 225, 228, 232, 237, 242, 246, 249, 251, 252, 251, 248, 244, 235, 225, 211, 193, 174, 151, 128,
  105, 83, 63, 46, 32, 21, 13, 8, 4, 3, 1, 1, 1, 1, 1, 0, 0, 0, 0, 0, 0, 0, 0, 0,
  0, 0, 0, 0, 0, 0, 0, 0, 0, 0, 0, 0, 0, 0, 0, 0, 0, 0, 0, 0, 0, 0, 0, 0,
  0, 0, 0, 0, 0, 0, 0, 0, 0, 0, 0, 0, 0, 1, 2, 5, 10, 17, 26, 37, 51, 68, 86, 105,
  125, 143, 161, 177, 190, 201, 211, 219, 226, 231, 236, 240, 244, 247, 249, 251, 252, 253, 253, 253, 252, 250, 247, 243,
  238, 234, 229, 224, 221, 219, 219, 220, 223, 226, 231, 235, 241, 245, 248, 251, 252, 252, 249, 245, 237, 227, 214, 196,
  177, 155, 132, 109, 87, 67, 50, 36, 25, 17, 11, 7, 5, 3, 3, 2, 2, 1, 1, 1, 0, 0, 0, 0,
  0, 0, 0, 0, 0, 0, 0, 0, 0, 0, 0, 0, 0, 0, 0, 0, 0, 0, 0, 0, 0, 0, 0, 0,
  0, 0, 0, 0, 0, 0, 0, 0, 0, 0, 0, 0, 0, 0, 0, 0, 1, 2, 5, 9, 15, 23, 33, 46,
  62, 78, 96, 114, 132, 149, 165, 179, 191, 201, 210, 218, 225, 231, 236, 240, 244, 248, 250, 252, 253, 253, 253, 252,
  250, 247, 243, 238, 233, 228, 224, 220, 218, 218, 219, 222, 225, 230, 235, 240, 245, 248, 251, 252, 252, 250, 245, 238,
  228, 216, 199, 180, 159, 136, 114, 92, 73, 55, 41, 30, 22, 15, 11, 9, 7, 6, 5, 4, 3, 2, 2, 1,
  1, 1, 0, 0, 0, 0, 0, 0, 0, 0, 0, 0, 0, 0, 0, 0, 0, 0, 0, 0, 0, 0, 0, 0,
  0, 0, 0, 0, 0, 0, 0, 0, 0, 0, 0, 0, 0, 0, 0, 0, 0, 0, 0, 1, 2, 4, 8, 14,
  21, 30, 42, 56, 72, 88, 106, 123, 139, 155, 169, 181, 192, 202, 211, 219, 226, 232, 237, 242, 246, 249, 251, 253,
  253, 253, 252, 250, 247, 243, 239, 234, 229, 224, 221, 219, 218, 219, 222, 226, 230, 235, 240, 245, 248, 251, 252, 252,
  250, 246, 239, 230, 217, 201, 183, 163, 141, 120, 99, 79, 62, 48, 38, 29, 22, 18, 15, 12, 11, 9, 7, 6,
  5, 4, 3, 2, 1, 1, 1, 0, 0, 0, 0, 0, 0, 0, 0, 0, 0, 0, 0, 0, 0, 0, 0, 0,
  0, 0, 0, 0, 0, 0, 0, 0, 0, 0, 0, 0, 0, 0, 0, 0, 0, 0, 0, 0, 0, 0, 1, 2,
  5, 8, 13, 20, 29, 40, 53, 68, 83, 100, 116, 132, 147, 161, 174, 185, 196, 205, 214, 222, 229, 235, 240, 245,
  248, 251, 252, 253, 253, 252, 251, 248, 244, 240, 235, 231, 227, 223, 221, 220, 222, 224, 227, 232, 236, 241, 245, 248,
  251, 252, 252, 250, 246, 240, 231, 219, 204, 187, 168, 147, 127, 107, 88, 72, 58, 48, 39, 32, 27, 24, 20, 18,
  15, 13, 11, 9, 7, 5, 4, 3, 2, 1, 1, 0, 0, 0, 0, 0, 0, 0, 0, 0, 0, 0, 0, 0,
  0, 0, 0, 0, 0, 0, 0, 0, 0, 0, 0, 0, 0, 0, 0, 0, 0, 0, 0, 0, 0, 0, 0, 0,
  1, 2, 3, 6, 9, 14, 21, 30, 40, 53, 66, 81, 97, 113, 128, 143, 156, 169, 181, 192, 202, 211, 220, 227,
  233, 239, 244, 248, 250, 252, 253, 253, 253, 251, 249, 245, 242, 238, 234, 230, 227, 225, 224, 225, 227, 230, 234, 238,
  243, 246, 249, 251, 253, 252, 250, 247, 241, 233, 222, 208, 192, 174, 155, 136, 117, 100, 84, 71, 61, 52, 45, 40,
  35, 31, 28, 24, 21, 18, 14, 11, 9, 6, 5, 3, 2, 1, 1, 0, 0, 0, 0, 0, 0, 0, 0, 0,
  0, 0, 0, 0, 0, 0, 0, 0, 0, 0, 0, 0, 0, 0, 0, 0, 0, 0, 0, 0, 0, 0, 0, 0,
  0, 0, 1, 1, 2, 4, 7, 11, 17, 24, 33, 43, 55, 69, 83, 98, 113, 128, 143, 156, 169, 180, 191, 201,
  210, 219, 227, 233, 239, 244, 247, 250, 252, 253, 253, 253, 252, 250, 247, 244, 241, 237, 234, 231, 230, 229, 230, 232,
  234, 237, 241, 245, 248, 250, 252, 253, 253, 251, 248, 242, 234, 225, 212, 197, 181, 164, 147, 130, 114, 99, 87, 77,
  69, 62, 55, 50, 45, 41, 36, 31, 27, 22, 18, 14, 10, 8, 5, 3, 2, 1, 1, 0, 0, 0, 0, 0,
  0, 0, 0, 0, 0, 0, 0, 0, 0, 0, 0, 0, 0, 0, 0, 0, 0, 0, 0, 0, 0, 0, 0, 0,
  0, 0, 0, 0, 0, 1, 2, 4, 6, 10, 14, 21, 28, 38, 49, 62, 75, 89, 104, 118, 133, 146, 159, 171,
  182, 193, 202, 211, 220, 227, 233, 239, 244, 248, 250, 252, 253, 254, 254, 253, 251, 249, 246, 244, 241, 238, 236, 235,
  235, 235, 237, 239, 241, 244, 247, 249, 251, 253, 253, 253, 251, 248, 243, 237, 228, 217, 204, 189, 174, 159, 144, 130,
  117, 106, 96, 88, 81, 74, 68, 62, 56, 50, 44, 38, 31, 26, 20, 15, 11, 8, 5, 3, 2, 1, 0, 0,
  0, 0, 0, 0, 0, 0, 0, 0, 0, 0, 0, 0, 0, 0, 0, 0, 0, 0, 0, 0, 0, 0, 0, 0,
  0, 0, 0, 0, 0, 0, 0, 0, 1, 3, 5, 8, 13, 19, 26, 35, 46, 58, 71, 85, 99, 113, 127, 141,
  154, 166, 177, 187, 197, 206, 214, 222, 229, 235, 240, 245, 248, 251, 252, 254, 254, 254, 253, 252, 250, 249, 247, 244,
  243, 241, 240, 240, 240, 241, 243, 244, 246, 249, 251, 252, 253, 254, 253, 252, 249, 245, 239, 232, 222, 211, 199, 185,
  172, 159, 147, 136, 126, 117, 110, 102, 95, 89, 82, 75, 67, 59, 51, 43, 35, 28, 21, 16, 11, 7, 5, 3,
  1, 0, 0, 0, 0, 0, 0, 0, 0, 0, 0, 0, 0, 0, 0, 0, 0, 0, 0, 0, 0, 0, 0, 0,
  0, 0, 0, 0, 0, 0, 0, 0, 0, 0, 1, 2, 4, 7, 11, 17, 24, 33, 43, 55, 69, 83, 97, 112,
  126, 140, 153, 165, 176, 186, 195, 204, 212, 219, 226, 232, 237, 242, 246, 249, 251, 253, 254, 254, 254, 254, 253, 252,
  251, 249, 248, 246, 245, 244, 244, 245, 245, 246, 247, 249, 251, 252, 253, 254, 254, 254, 252, 250, 246, 242, 235, 228,
  218, 208, 197, 186, 175, 165, 155, 147, 139, 132, 125, 118, 111, 103, 95, 86, 76, 67, 56, 46, 37, 29, 21, 15,
  10, 6, 4, 2, 1, 0, 0, 0, 0, 0, 0, 0, 0, 0, 0, 0, 0, 0, 0, 0, 0, 0, 0, 0,
  0, 0, 0, 0, 0, 0, 0, 0, 0, 0, 0, 0, 0, 1, 2, 5, 9, 14, 21, 29, 40, 52, 65, 81,
  96, 111, 126, 140, 154, 166, 178, 187, 197, 204, 212, 219, 225, 231, 236, 240, 244, 248, 250, 252, 253, 254, 254, 255,
  254, 254, 253, 252, 251, 250, 249, 249, 248, 248, 248, 248, 249, 250, 251, 252, 253, 253, 254, 254, 254, 253, 251, 248,
  244, 239, 233, 226, 217, 209, 200, 191, 183, 175, 167, 161, 154, 148, 140, 133, 124, 115, 105, 94, 82, 70, 58, 47,
  36, 27, 19, 13, 8, 5, 2, 1, 0, 0, 0, 0, 0, 0, 0, 0, 0, 0, 0, 0, 0, 0, 0, 0,
  0, 0, 0, 0, 0, 0, 0, 0, 0, 0, 0, 0, 0, 0, 0, 0, 1, 3, 6, 10, 17, 25, 35, 47,
  61, 76, 92, 109, 125, 141, 155, 168, 180, 190, 199, 208, 214, 220, 226, 231, 236, 240, 243, 246, 249, 251, 252, 253,
  254, 254, 254, 254, 254, 253, 253, 253, 252, 252, 251, 251, 251, 251, 251, 251, 251, 252, 253, 253, 253, 254, 254, 253,
  253, 251, 249, 246, 243, 238, 232, 226, 219, 213, 206, 199, 192, 186, 180, 175, 168, 161, 154, 144, 134, 123, 111, 98,
  83, 69, 56, 43, 32, 23, 16, 10, 6, 3, 1, 0, 0, 0, 0, 0, 0, 0, 0, 0, 0, 0, 0, 0,
  0, 0, 0, 0, 0, 0, 0, 0, 0, 0, 0, 0, 0, 0, 0, 0, 0, 0, 1, 2, 4, 7, 12, 19,
  28, 40, 53, 69, 85, 103, 121, 137, 153, 168, 180, 192, 202, 210, 217, 222, 227, 232, 236, 240, 243, 245, 247, 249,
  251, 252, 253, 253, 254, 254, 254, 254, 253, 253, 253, 253, 253, 252, 252, 252, 252, 252, 252, 252, 252, 252, 252, 252,
  252, 252, 252, 252, 251, 249, 247, 245, 241, 237, 233, 228, 223, 218, 212, 207, 202, 197, 192, 186, 179, 171, 162, 151,
  139, 126, 111, 95, 79, 65, 50, 38, 27, 18, 12, 7, 4, 2, 1, 0, 0, 0, 0, 0, 0, 0, 0, 0,
  0, 0, 0, 0, 0, 0, 0, 0, 0, 0, 0, 0, 0, 0, 0, 0, 0, 0, 0, 0, 0, 1, 2, 4,
  8, 13, 21, 31, 44, 58, 75, 93, 112, 130, 147, 163, 177, 190, 201, 210, 217, 223, 228, 232, 236, 239, 241, 244,
  245, 247, 248, 250, 250, 251, 251, 251, 252, 252, 252, 252, 252, 252, 252, 252, 252, 252, 252, 252, 252, 252, 251, 251,
  251, 250, 250, 250, 250, 250, 249, 249, 248, 247, 245, 243, 240, 237, 233, 230, 226, 222, 218, 214, 209, 205, 200, 193,
  185, 175, 164, 152, 137, 122, 104, 87, 71, 56, 42, 30, 20, 13, 8, 4, 2, 1, 0, 0, 0, 0, 0, 0,
  0, 0, 0, 0, 0, 0, 0, 0, 0, 0, 0, 0, 0, 0, 0, 0, 0, 0, 0, 0, 0, 0, 0, 0,
  1, 2, 4, 9, 14, 22, 33, 46, 62, 79, 97, 117, 135, 153, 169, 183, 195, 205, 214, 220, 226, 230, 233, 236,
  239, 241, 242, 244, 245, 246, 246, 247, 247, 247, 248, 248, 248, 248, 248, 249, 249, 249, 250, 250, 250, 250, 250, 249,
  249, 248, 248, 247, 246, 246, 246, 245, 245, 245, 245, 244, 244, 243, 242, 240, 238, 235, 233, 230, 227, 223, 220, 216,
  212, 207, 201, 193, 184, 172, 160, 145, 128, 110, 93, 76, 59, 44, 32, 21, 14, 9, 4, 2, 1, 0, 0, 0,
  0, 0, 0, 0, 0, 0, 0, 0, 0, 0, 0, 0, 0, 0, 0, 0, 0, 0, 0, 0, 0, 0, 0, 0,
  0, 0, 0, 1, 2, 4, 9, 15, 23, 34, 47, 63, 80, 99, 118, 137, 154, 170, 183, 195, 205, 213, 219, 224,
  227, 231, 233, 235, 237, 238, 239, 240, 240, 241, 241, 241, 241, 242, 242, 242, 242, 243, 243, 244, 244, 245, 245, 246,
  246, 245, 245, 244, 243, 242, 241, 240, 239, 239, 238, 238, 238, 238, 238, 238, 238, 237, 236, 235, 233, 231, 229, 227,
  224, 221, 218, 214, 209, 203, 195, 186, 175, 162, 147, 131, 112, 94, 77, 60, 45, 33, 22, 14, 9, 4, 2, 1,
  0, 0, 0, 0, 0, 0, 0, 0, 0, 0, 0, 0, 0, 0, 0, 0, 0, 0, 0, 0, 0, 0, 0, 0,
  0, 0, 0, 0, 0, 0, 1, 2, 4, 9, 14, 22, 33, 46, 61, 79, 96, 115, 133, 150, 165, 178, 189, 199,
  207, 213, 218, 221, 224, 226, 228, 229, 230, 231, 232, 232, 232, 232, 232, 232, 233, 233, 233, 234, 234, 235, 236, 236,
  237, 238, 239, 239, 238, 238, 237, 236, 234, 233, 231, 230, 229, 229, 228, 228, 229, 229, 230, 230, 229, 229, 228, 227,
  225, 224, 221, 219, 216, 213, 209, 204, 198, 191, 182, 171, 158, 143, 128, 110, 92, 76, 59, 44, 32, 21, 14, 9,
  4, 2, 1, 0, 0, 0, 0, 0, 0, 0, 0, 0, 0, 0, 0, 0, 0, 0, 0, 0, 0, 0, 0, 0,
  0, 0, 0, 0, 0, 0, 0, 0, 0, 1, 2, 4, 8, 13, 21, 31, 43, 57, 74, 90, 108, 124, 140, 155,
  167, 178, 188, 195, 201, 206, 209, 213, 215, 217, 218, 219, 219, 220, 220, 220, 220, 220, 220, 221, 221, 221, 222, 223,
  224, 225, 226, 227, 228, 228, 229, 229, 228, 227, 225, 223, 221, 219, 218, 216, 216, 215, 215, 216, 217, 217, 218, 218,
  217, 217, 216, 215, 213, 211, 208, 205, 202, 198, 194, 188, 180, 172, 161, 149, 135, 120, 103, 87, 71, 55, 42, 30,
  20, 13, 8, 4, 2, 1, 0, 0, 0, 0, 0, 0, 0, 0, 0, 0, 0, 0, 0, 0, 0, 0, 0, 0,
  0, 0, 0, 0, 0, 0, 0, 0, 0, 0, 0, 0, 1, 2, 4, 7, 12, 19, 28, 39, 52, 66, 81, 97,
  113, 127, 141, 152, 162, 172, 179, 185, 190, 193, 197, 199, 201, 202, 203, 204, 204, 204, 204, 204, 204, 204, 205, 205,
  206, 207, 207, 209, 210, 211, 213, 214, 215, 215, 215, 214, 213, 211, 209, 206, 204, 202, 200, 199, 199, 199, 200, 200,
  201, 202, 202, 202, 201, 201, 199, 198, 195, 193, 190, 186, 182, 178, 172, 165, 156, 147, 136, 123, 109, 94, 78, 64,
  50, 38, 27, 18, 12, 7, 4, 2, 1, 0, 0, 0, 0, 0, 0, 0, 0, 0, 0, 0, 0, 0, 0, 0,
  0, 0, 0, 0, 0, 0, 0, 0, 0, 0, 0, 0, 0, 0, 0, 0, 1, 3, 6, 10, 16, 24, 34, 45,
  58, 71, 85, 98, 111, 123, 134, 143, 152, 159, 165, 170, 173, 177, 179, 181, 183, 184, 184, 185, 185, 185, 185, 185,
  185, 186, 186, 187, 188, 189, 190, 192, 193, 196, 197, 198, 199, 199, 198, 196, 194, 191, 188, 186, 183, 181, 180, 179,
  179, 180, 181, 182, 182, 183, 183, 182, 182, 180, 178, 176, 173, 170, 167, 163, 158, 152, 146, 138, 129, 119, 107, 95,
  81, 68, 56, 43, 32, 23, 16, 10, 6, 3, 1, 0, 0, 0, 0, 0, 0, 0, 0, 0, 0, 0, 0, 0,
  0, 0, 0, 0, 0, 0, 0, 0, 0, 0, 0, 0, 0, 0, 0, 0, 0, 0, 0, 1, 2, 5, 9, 14,
  20, 28, 37, 48, 59, 71, 82, 94, 104, 114, 122, 130, 136, 142, 147, 151, 154, 157, 159, 161, 162, 162, 163, 163,
  163, 163, 163, 163, 164, 164, 165, 166, 167, 169, 171, 173, 175, 177, 178, 179, 179, 178, 176, 174, 171, 168, 165, 162,
  160, 158, 157, 157, 158, 159, 159, 160, 161, 161, 160, 160, 158, 156, 154, 151, 148, 144, 140, 135, 130, 124, 117, 109,
  100, 90, 79, 68, 57, 46, 36, 27, 19, 13, 8, 5, 2, 1, 0, 0, 0, 0, 0, 0, 0, 0, 0, 0,
  0, 0, 0, 0, 0, 0, 0, 0, 0, 0, 0, 0, 0, 0, 0, 0, 0, 0, 0, 0, 0, 0, 1, 2,
  4, 7, 11, 16, 22, 30, 38, 47, 57, 66, 76, 85, 93, 100, 107, 113, 119, 124, 127, 131, 133, 136, 137, 138,
  139, 139, 139, 139, 139, 139, 140, 140, 141, 142, 143, 144, 146, 148, 150, 152, 154, 156, 156, 157, 156, 154, 152, 149,
  145, 142, 139, 137, 135, 134, 134, 135, 135, 136, 137, 137, 137, 137, 136, 134, 133, 130, 127, 124, 121, 117, 112, 108,
  102, 95, 88, 81, 72, 63, 54, 45, 37, 28, 21, 15, 10, 6, 4, 2, 1, 0, 0, 0, 0, 0, 0, 0,
  0, 0, 0, 0, 0, 0, 0, 0, 0, 0, 0, 0, 0, 0, 0, 0, 0, 0, 0, 0, 0, 0, 0, 0,
  0, 0, 1, 3, 5, 8, 12, 17, 22, 29, 36, 43, 51, 59, 66, 73, 79, 85, 91, 96, 100, 104, 107, 110,
  112, 113, 114, 115, 115, 116, 116, 116, 116, 116, 116, 117, 118, 119, 120, 122, 124, 126, 129, 131, 132, 133, 133, 132,
  131, 128, 125, 122, 118, 116, 114, 112, 111, 110, 111, 111, 112, 113, 113, 113, 113, 112, 111, 109, 106, 104, 101, 97,
  94, 89, 85, 80, 74, 69, 62, 55, 48, 41, 34, 28, 21, 16, 11, 7, 5, 3, 1, 0, 0, 0, 0, 0,
  0, 0, 0, 0, 0, 0, 0, 0, 0, 0, 0, 0, 0, 0, 0, 0, 0, 0, 0, 0, 0, 0, 0, 0,
  0, 0, 0, 0, 0, 1, 2, 4, 6, 8, 12, 16, 21, 26, 32, 37, 43, 49, 54, 60, 65, 70, 74, 78,
  81, 84, 86, 88, 90, 91, 91, 92, 92, 92, 92, 92, 92, 93, 93, 94, 95, 97, 98, 100, 103, 105, 107, 108,
  109, 109, 109, 107, 105, 102, 99, 96, 93, 91, 89, 88, 88, 88, 88, 89, 90, 90, 90, 90, 89, 87, 86, 83,
  81, 78, 75, 72, 68, 64, 60, 56, 51, 45, 40, 35, 30, 25, 20, 15, 11, 8, 5, 3, 2, 1, 0, 0,
  0, 0, 0, 0, 0, 0, 0, 0, 0, 0, 0, 0, 0, 0, 0, 0, 0, 0, 0, 0, 0, 0, 0, 0,
  0, 0, 0, 0, 0, 0, 0, 0, 1, 1, 2, 4, 6, 8, 11, 14, 18, 22, 26, 30, 34, 39, 43, 47,
  51, 55, 58, 61, 63, 65, 67, 68, 69, 69, 70, 70, 70, 70, 70, 70, 71, 71, 72, 73, 74, 76, 78, 80,
  82, 84, 85, 86, 86, 86, 84, 83, 80, 77, 74, 72, 70, 68, 67, 66, 67, 67, 67, 68, 68, 68, 68, 67,
  66, 64, 63, 60, 58, 55, 53, 49, 47, 43, 39, 36, 32, 28, 24, 20, 17, 13, 10, 7, 5, 3, 2, 1,
  1, 0, 0, 0, 0, 0, 0, 0, 0, 0, 0, 0, 0, 0, 0, 0, 0, 0, 0, 0, 0, 0, 0, 0,
  0, 0, 0, 0, 0, 0, 0, 0, 0, 0, 0, 0, 1, 1, 2, 3, 5, 7, 9, 11, 14, 17, 20, 23,
  26, 29, 33, 36, 39, 41, 43, 45, 47, 48, 49, 50, 50, 51, 51, 51, 51, 51, 51, 51, 52, 53, 54, 55,
  56, 58, 60, 62, 63, 65, 65, 66, 65, 64, 62, 60, 57, 55, 53, 51, 50, 49, 48, 48, 48, 49, 49, 49,
  49, 49, 49, 48, 46, 45, 43, 41, 39, 37, 34, 32, 29, 27, 24, 21, 18, 15, 13, 11, 8, 6, 5, 3,
  2, 1, 1, 0, 0, 0, 0, 0, 0, 0, 0, 0, 0, 0, 0, 0, 0, 0, 0, 0, 0, 0, 0, 0,
  0, 0, 0, 0, 0, 0, 0, 0, 0, 0, 0, 0, 0, 0, 0, 0, 1, 1, 2, 3, 4, 5, 7, 9,
  10, 12, 15, 17, 19, 21, 24, 26, 28, 30, 31, 32, 34, 34, 35, 35, 35, 35, 35, 35, 35, 36, 36, 37,
  37, 38, 39, 40, 42, 43, 45, 46, 47, 48, 48, 48, 47, 46, 44, 42, 40, 38, 36, 35, 34, 33, 33, 34,
  34, 34, 34, 34, 34, 34, 33, 32, 31, 29, 28, 26, 24, 22, 21, 19, 17, 15, 13, 11, 9, 8, 6, 5,
  4, 3, 2, 1, 1, 0, 0, 0, 0, 0, 0, 0, 0, 0, 0, 0, 0, 0, 0, 0, 0, 0, 0, 0,
  0, 0, 0, 0, 0, 0, 0, 0, 0, 0, 0, 0, 0, 0, 0, 0, 0, 0, 0, 0, 1, 1, 2, 2,
  3, 4, 5, 6, 7, 9, 10, 12, 13, 15, 16, 18, 19, 20, 22, 22, 23, 23, 23, 24, 24, 24, 24, 24,
  24, 24, 25, 25, 26, 27, 27, 29, 30, 32, 33, 34, 34, 35, 34, 34, 33, 31, 29, 28, 26, 25, 24, 23,
  22, 22, 22, 23, 23, 23, 23, 23, 23, 22, 21, 20, 19, 18, 17, 15, 14, 13, 11, 10, 8, 7, 6, 5,
  4, 3, 2, 2, 1, 1, 1, 0, 0, 0, 0, 0, 0, 0, 0, 0, 0, 0, 0, 0, 0, 0, 0, 0,
  0, 0, 0, 0, 0, 0, 0, 0, 0, 0, 0, 0, 0, 0, 0, 0, 0, 0, 0, 0, 0, 0, 0, 0,
  0, 1, 1, 1, 2, 2, 3, 4, 5, 6, 7, 8, 9, 10, 11, 12, 13, 14, 14, 15, 15, 15, 15, 15,
  15, 15, 15, 16, 16, 16, 16, 17, 18, 18, 20, 21, 22, 23, 24, 24, 25, 24, 24, 23, 22, 20, 19, 18,
  17, 16, 15, 14, 14, 14, 14, 15, 15, 15, 15, 14, 14, 13, 12, 12, 11, 10, 9, 8, 7, 6, 6, 4,
  4, 3, 2, 2, 2, 1, 1, 1, 0, 0, 0, 0, 0, 0, 0, 0, 0, 0, 0, 0, 0, 0, 0, 0,
  0, 0, 0, 0, 0, 0, 0, 0, 0,
};

const uint16_t kGoblinSmallW = 60;
const uint16_t kGoblinSmallH = 60;
const uint16_t kGoblinSmallPx[3600] = {
  0x0000, 0x0000, 0x0000, 0x0000, 0x0000, 0x0000, 0x0000, 0x0000, 0x0000, 0x0000, 0x0000, 0x0000,
  0x0000, 0x0000, 0x0000, 0x0000, 0x0000, 0x0000, 0x0000, 0x0000, 0x0000, 0x0000, 0x0000, 0x0000,
  0x0000, 0x0000, 0x0000, 0x0000, 0x0000, 0x0000, 0x0000, 0x0000, 0x0000, 0x0000, 0x0000, 0x0000,
  0x0000, 0x0000, 0x0000, 0x0000, 0x0000, 0x0000, 0x0000, 0x0006, 0x0000, 0x0803, 0x0001, 0x0000,
  0x0000, 0x0000, 0x0000, 0x0000, 0x0000, 0x0000, 0x0000, 0x0000, 0x0000, 0x0000, 0x0000, 0x0000,
  0x0000, 0x0000, 0x0000, 0x0000, 0x0000, 0x0000, 0x0000, 0x0000, 0x0000, 0x0000, 0x0000, 0x0000,
  0x0000, 0x0000, 0x0000, 0x0000, 0x0000, 0x0000, 0x0000, 0x0000, 0x0000, 0x0000, 0x0000, 0x0000,
  0x0000, 0x0000, 0x0000, 0x0000, 0x0000, 0x0000, 0x0000, 0x0000, 0x0000, 0x0000, 0x0000, 0x0000,
  0x0000, 0x0000, 0x0000, 0x0000, 0x0000, 0x0000, 0x0000, 0x0000, 0x0000, 0x2144, 0x2123, 0x0000,
  0x0000, 0x0000, 0x0000, 0x0000, 0x0000, 0x0000, 0x0000, 0x0000, 0x0000, 0x0000, 0x0000, 0x0000,
  0x0000, 0x0000, 0x0000, 0x0000, 0x0000, 0x0000, 0x0000, 0x0000, 0x0000, 0x0000, 0x0000, 0x0000,
  0x0000, 0x0000, 0x0000, 0x0000, 0x0000, 0x0000, 0x0000, 0x0000, 0x0000, 0x0000, 0x0000, 0x0000,
  0x0000, 0x0000, 0x0000, 0x0000, 0x0000, 0x0000, 0x0000, 0x0000, 0x0000, 0x0000, 0x0000, 0x0000,
  0x0000, 0x0000, 0x0000, 0x0000, 0x0000, 0x0000, 0x28E5, 0x0001, 0x3A85, 0x42E6, 0x10A1, 0x0000,
  0x0000, 0x0000, 0x0000, 0x0000, 0x0000, 0x0000, 0x0000, 0x0000, 0x0000, 0x0000, 0x0000, 0x0000,
  0x0000, 0x0000, 0x0000, 0x0000, 0x0000, 0x0000, 0x0000, 0x0000, 0x0000, 0x0000, 0x0000, 0x0000,
  0x0000, 0x0000, 0x0000, 0x0000, 0x0000, 0x0000, 0x0000, 0x0000, 0x0000, 0x0000, 0x0000, 0x0000,
  0x0000, 0x0000, 0x0000, 0x0000, 0x0000, 0x0000, 0x0000, 0x0000, 0x0000, 0x0000, 0x0000, 0x0000,
  0x0000, 0x0000, 0x0000, 0x0000, 0x0000, 0x0000, 0x0000, 0x4326, 0x5BC7, 0x0000, 0x0000, 0x0000,
  0x0000, 0x0000, 0x0000, 0x0000, 0x0000, 0x0000, 0x0000, 0x0000, 0x0000, 0x0000, 0x0000, 0x0000,
  0x0000, 0x18E3, 0x0000, 0x0000, 0x0000, 0x0000, 0x0000, 0x0000, 0x0000, 0x0000, 0x0000, 0x0000,
  0x0000, 0x0000, 0x0000, 0x0000, 0x0000, 0x0000, 0x0000, 0x0000, 0x0000, 0x0000, 0x0000, 0x0000,
  0x0000, 0x0000, 0x52AA, 0x0000, 0x0000, 0x7BEF, 0x0000, 0x0000, 0x0000, 0x0000, 0x0000, 0x0000,
  0x0000, 0x0000, 0x0000, 0x0000, 0xFFEF, 0x0000, 0x2A04, 0x74E8, 0x2042, 0x0000, 0xFFE0, 0x0000,
  0x0000, 0x0000, 0x0000, 0x0000, 0x0000, 0x0000, 0x0000, 0x0000, 0x0000, 0x0000, 0x0000, 0x0000,
  0x0821, 0x10C2, 0x5347, 0x3265, 0x0001, 0x0000, 0x0000, 0xFFFF, 0x0000, 0x0000, 0x0000, 0x0000,
  0x0000, 0x0000, 0x0000, 0x0000, 0x0000, 0x0000, 0x0000, 0x0000, 0x0000, 0x0000, 0x0000, 0x0000,
  0x0000, 0x0000, 0x0000, 0x0000, 0x0000, 0x0000, 0x0000, 0x0000, 0x0000, 0x0000, 0x0000, 0x0000,
  0x0000, 0x0000, 0x0000, 0x0000, 0x0000, 0x18E2, 0x7569, 0x5205, 0x3802, 0x07E0, 0x3800, 0x0000,
  0x0000, 0x0000, 0x0000, 0x0000, 0x0000, 0x0000, 0x0000, 0x0000, 0x0000, 0x0000, 0x0000, 0x0000,
  0x0000, 0x0821, 0x2143, 0x63E7, 0x6CA8, 0x31E4, 0x0001, 0x0000, 0x0000, 0x0000, 0x0000, 0x0000,
  0x0000, 0x0000, 0x0000, 0x0000, 0x0000, 0x0000, 0x0000, 0x0000, 0x0000, 0x0000, 0x52AA, 0x0000,
  0x7BEF, 0x0000, 0x4226, 0x4226, 0x0000, 0x2124, 0x0000, 0x0000, 0x0000, 0x0000, 0x0000, 0x0000,
  0x0000, 0x0000, 0x0000, 0x0000, 0x18C2, 0x7D29, 0x6467, 0x48C3, 0x20E2, 0x3000, 0x5000, 0x0000,
  0x0000, 0x0000, 0x0000, 0x0000, 0x0000, 0x0000, 0x0000, 0x0000, 0x0000, 0x0000, 0x0000, 0x0000,
  0x0000, 0x0000, 0x0000, 0x0000, 0x4A65, 0x7DAA, 0x6407, 0x1903, 0x0000, 0x0000, 0x0000, 0x0000,
  0x0000, 0x0000, 0x0000, 0x0000, 0x0000, 0x0000, 0x0000, 0x0000, 0x0000, 0x0000, 0x0000, 0x0000,
  0x0000, 0x18E3, 0x7C4A, 0x2123, 0x4267, 0x4A87, 0x18E2, 0x31C4, 0x0000, 0x0000, 0x0000, 0x0000,
  0x0000, 0x632C, 0x0000, 0x1903, 0x8529, 0x7588, 0x4A05, 0x6945, 0x0123, 0x38E3, 0x0000, 0x0000,
  0x0000, 0x0000, 0x0000, 0x0000, 0x0000, 0x0000, 0x0000, 0x0000, 0x0000, 0x0000, 0x0000, 0x0000,
  0x0000, 0x0000, 0xFFFF, 0x11A2, 0x1821, 0x4984, 0x7D69, 0x7D69, 0x4285, 0x0862, 0x0000, 0x0000,
  0x0000, 0x0000, 0x0000, 0x0000, 0x0000, 0x0000, 0x7BE0, 0x3180, 0x3BE7, 0x10A2, 0x39E6, 0x2104,
  0x2124, 0x6BE8, 0x8CEA, 0x31E4, 0x8D2B, 0x6387, 0x52C6, 0x31A5, 0x2AA5, 0x0000, 0x0000, 0x7BE7,
  0x0000, 0x0000, 0x31C4, 0x95EB, 0x7568, 0x4BA6, 0x6144, 0x69E6, 0x0000, 0xF800, 0x0000, 0x0000,
  0x0000, 0x0000, 0x0000, 0x0000, 0x0000, 0x0000, 0x0000, 0x0000, 0x0000, 0x0000, 0x0000, 0x0000,
  0x0000, 0x0000, 0x0000, 0x52AA, 0x08A2, 0x50E4, 0x5165, 0x64C9, 0x85E9, 0x7489, 0x31C5, 0x0000,
  0x0000, 0x0000, 0x0000, 0x03E0, 0x0000, 0x0000, 0x0000, 0x0000, 0x31A5, 0x3165, 0x18C3, 0x3A25,
  0x5B68, 0x95AA, 0x4B05, 0x5BA7, 0x6407, 0x3225, 0x2163, 0x10C2, 0x0000, 0x52A5, 0x0000, 0x0000,
  0x0861, 0x5367, 0x9E4B, 0x6CE7, 0x64E8, 0x39E4, 0x81C6, 0x6A06, 0x0000, 0x79E7, 0x0000, 0x0000,
  0x0000, 0x0000, 0x0000, 0x0000, 0x0000, 0x0000, 0x0000, 0x0000, 0x0000, 0x0000, 0x0000, 0x0000,
  0x0000, 0x0000, 0x0000, 0x0000, 0x0000, 0x10C2, 0x79A6, 0x4904, 0x74C9, 0x7547, 0x7D69, 0x63E8,
  0x2143, 0x0000, 0x0000, 0x0000, 0x6326, 0x0000, 0x31C6, 0x3145, 0x0861, 0x3264, 0x6467, 0x5BE6,
  0x6407, 0x7CC8, 0x3264, 0x4B45, 0x2A04, 0x5387, 0x5C08, 0x4B87, 0x21A3, 0x1002, 0x1081, 0x3AA5,
  0x74C9, 0x8DEA, 0x6486, 0x6CE7, 0x5407, 0x3903, 0xA287, 0x69E5, 0x0000, 0x79E7, 0x0000, 0x0000,
  0x0000, 0x0000, 0x0000, 0x0000, 0x0000, 0x0000, 0x0000, 0x0000, 0x0000, 0x0000, 0x0000, 0x0000,
  0x0000, 0x0000, 0x0000, 0x0000, 0x79E7, 0x0041, 0x4A05, 0x9A26, 0x38E3, 0x750A, 0x64C6, 0x7D48,
  0x8DCA, 0x5BC7, 0x2983, 0x0821, 0x0000, 0x0000, 0x2102, 0x3A45, 0x6467, 0x7528, 0x7547, 0x85AA,
  0x74E7, 0x4B45, 0x42E5, 0x53E6, 0x7508, 0x7508, 0x6CC8, 0x6448, 0x53E7, 0x29E4, 0x3225, 0x6CE9,
  0x7528, 0x6467, 0x6CA7, 0x6D08, 0x3285, 0x6124, 0xB308, 0x5184, 0x0000, 0xAAAA, 0x0000, 0x0000,
  0x0000, 0x0000, 0x0000, 0x0000, 0x0000, 0x0000, 0x0000, 0x0000, 0x0000, 0x0000, 0x0000, 0x0000,
  0x0000, 0x0000, 0x0000, 0x0000, 0x0000, 0x0883, 0x10C2, 0xAB29, 0x81A5, 0x3944, 0x7D6A, 0x6486,
  0x6CC7, 0x8DE9, 0x8569, 0x5C27, 0x4306, 0x10C2, 0x1902, 0x6467, 0x7508, 0x6CC7, 0x7527, 0x8568,
  0x85A9, 0x5C26, 0x6487, 0x7508, 0x6CC7, 0x6CC7, 0x6CE7, 0x6467, 0x5407, 0x4BE7, 0x3285, 0x3AE6,
  0x6468, 0x6CE8, 0x6CC7, 0x5C68, 0x3143, 0x8A06, 0xB2E8, 0x3104, 0x0042, 0x0000, 0x0000, 0x0000,
  0x0000, 0x0000, 0x0000, 0x0000, 0x0000, 0x0000, 0x0000, 0x0000, 0x0000, 0x0000, 0x0000, 0x0000,
  0x0000, 0x0000, 0x0000, 0x0000, 0x0000, 0x0000, 0x0000, 0x6A66, 0xBB28, 0x6124, 0x4226, 0x858A,
  0x6486, 0x64A7, 0x6CA7, 0x6D08, 0x6488, 0x4306, 0x4B67, 0x7D68, 0x6CC7, 0x6487, 0x7528, 0x8588,
  0x7D68, 0x7528, 0x6CC7, 0x6CC7, 0x6CC7, 0x6CC7, 0x6467, 0x5C27, 0x5BC7, 0x29E4, 0x21A4, 0x2184,
  0x4346, 0x6488, 0x6CE8, 0x4326, 0x40E3, 0x9A67, 0xAAE8, 0x51A6, 0x00A4, 0xFFFF, 0x0000, 0x0000,
  0x0000, 0x0000, 0x0000, 0x0000, 0x0000, 0x0000, 0x0000, 0x0000, 0x0000, 0x0000, 0x0000, 0x0000,
  0x0000, 0x0000, 0x0000, 0x0000, 0x0000, 0xAAAA, 0x0000, 0x31A4, 0xAB08, 0xA288, 0x40A3, 0x53A8,
  0x7568, 0x64A7, 0x6CC7, 0x6CC7, 0x5C27, 0x53E7, 0x5C27, 0x4B45, 0x5BC6, 0x6CE7, 0x6487, 0x74E8,
  0x8589, 0x7528, 0x6CC7, 0x6CC7, 0x6CC7, 0x6CA7, 0x6466, 0x5C07, 0x3224, 0x63E7, 0x6428, 0x21A3,
  0x1923, 0x4B87, 0x6488, 0x3224, 0x5924, 0xA2C8, 0xA2E8, 0x18C3, 0x0000, 0x52AA, 0x0000, 0x0000,
  0x52AA, 0x3186, 0x2986, 0x0000, 0x0000, 0x31A5, 0x3185, 0x0000, 0x39E7, 0x7BEF, 0x0000, 0x0000,
  0x0000, 0x0000, 0x0000, 0x0000, 0x0000, 0x39E0, 0x0000, 0x0881, 0x9308, 0xAAC7, 0x8206, 0x28E3,
  0x752A, 0x6CC7, 0x6CA7, 0x6CC7, 0x5C28, 0x3AC5, 0x4AC7, 0x6408, 0x3A65, 0x3A65, 0x74E8, 0x6CC8,
  0x74E7, 0x7508, 0x6CC8, 0x6CC7, 0x6CC7, 0x6CC7, 0x6CC8, 0x42C5, 0x74E8, 0x6D08, 0x4B87, 0x4347,
  0x2183, 0x3A85, 0x4BC7, 0x3183, 0x7185, 0xAAE8, 0x92A7, 0x0062, 0x52AA, 0x52A0, 0x0000, 0x0000,
  0x0000, 0x29A4, 0x3A06, 0x0000, 0x0000, 0x31C5, 0x39E6, 0x0000, 0x0000, 0x0000, 0x0000, 0x0000,
  0x0000, 0x0000, 0x0000, 0x0000, 0x0000, 0x0000, 0xF800, 0x0042, 0x5225, 0xB308, 0x9A87, 0x5904,
  0x3A25, 0x7D49, 0x6CA7, 0x64A7, 0x4346, 0x5308, 0x8DAB, 0x6487, 0x7529, 0x5B87, 0x3AA5, 0x6CC7,
  0x74E8, 0x6CA8, 0x6487, 0x6487, 0x64A7, 0x6CC8, 0x5BE6, 0x6CA7, 0x64A8, 0x3AA6, 0x1082, 0x3265,
  0x3245, 0x3285, 0x3B46, 0x3903, 0x81E6, 0xB2E8, 0x6246, 0x0000, 0xFAA0, 0x0000, 0x0000, 0x39C7,
  0x3185, 0x31C4, 0x4A86, 0x3106, 0x0840, 0x3A45, 0x3A26, 0x2964, 0x1082, 0x4207, 0x39C6, 0x0000,
  0x0000, 0x0000, 0x0000, 0x0000, 0x0000, 0x0000, 0x52AA, 0x0000, 0x2963, 0xA329, 0x9A67, 0x8226,
  0x2842, 0x4B87, 0x7508, 0x6487, 0x3AC5, 0x63AA, 0x3AE5, 0x2A45, 0x4366, 0x7528, 0x6467, 0x4B66,
  0x5C07, 0x6CC8, 0x5C27, 0x53E6, 0x6CA7, 0x53A7, 0x5BE6, 0x7528, 0x4326, 0x0061, 0x0000, 0x2A25,
  0x2A04, 0x3AE6, 0x32A5, 0x4903, 0x8A06, 0xAB48, 0x31E5, 0x0020, 0x0020, 0x0000, 0x18E1, 0x29A2,
  0x3223, 0x3A63, 0x6C07, 0x2163, 0x2163, 0x63A8, 0x42A5, 0x29A3, 0x4266, 0x3A06, 0x0000, 0x52AA,
  0x0000, 0x0000, 0x0000, 0x0000, 0x0000, 0x0000, 0x0000, 0x0000, 0x0041, 0x8328, 0xAAA7, 0x8A27,
  0x5943, 0x1923, 0x6D09, 0x6CA7, 0x4B25, 0x3264, 0x2A04, 0x0800, 0x10E2, 0x3B06, 0x7528, 0x6CA7,
  0x4305, 0x6467, 0x6467, 0x5C26, 0x6C88, 0x4B66, 0x6CC7, 0x5C69, 0x2102, 0x6800, 0x1021, 0x32A5,
  0x2A44, 0x4347, 0x2204, 0x5924, 0x9A26, 0x8BA9, 0x1103, 0x0000, 0x0000, 0x0000, 0x3A05, 0x7C2D,
  0x94CE, 0x7C69, 0x9DCC, 0x4AC5, 0x3A43, 0x8528, 0x5363, 0x6C26, 0x63A7, 0x2163, 0x2164, 0x0000,
  0x0000, 0x0000, 0x0000, 0x0000, 0x0000, 0x0000, 0x0000, 0x0000, 0x0000, 0x39E5, 0xB369, 0x9247,
  0x7A26, 0x3082, 0x4B66, 0x7528, 0x53E7, 0x3AA6, 0x3245, 0x0841, 0x1000, 0x0841, 0x43A7, 0x7D48,
  0x6468, 0x53E7, 0x5BC7, 0x5386, 0x6427, 0x5C26, 0x7D29, 0x2AC5, 0x50E4, 0xFAA8, 0x3020, 0x2265,
  0x3265, 0x3B46, 0x31A4, 0x60E4, 0x72E7, 0x3A25, 0x0000, 0x1082, 0x5AEB, 0x8C92, 0x9D36, 0xCE9C,
  0xB6BB, 0xAE39, 0xD75B, 0xC6B8, 0xADB5, 0xC6B3, 0xBE70, 0xB60E, 0x4AE5, 0x3A45, 0x2963, 0x0000,
  0x0000, 0x0000, 0x0000, 0x0000, 0x0000, 0x0000, 0x0000, 0x0000, 0x0000, 0x0062, 0x8389, 0xAAC8,
  0x8206, 0x5924, 0x2183, 0x6CE8, 0x5C47, 0x4BA7, 0x4B67, 0x00A2, 0x9021, 0xA020, 0x0860, 0x6489,
  0x7528, 0x7508, 0x6428, 0x4B86, 0x6467, 0x7508, 0x64A9, 0x0082, 0x1905, 0xFE2C, 0x3861, 0x2225,
  0x3AC5, 0x2AA5, 0x3903, 0x51E4, 0x2A63, 0x10A3, 0x5AEC, 0x94F5, 0xAD98, 0x9D57, 0x8C95, 0xB5D8,
  0x8F5D, 0x3452, 0x7DF7, 0x9659, 0x85F8, 0xF7FD, 0xDF9D, 0xAE59, 0xC678, 0x4285, 0x2984, 0x0000,
  0x0000, 0x0000, 0x0000, 0x0000, 0x0000, 0x0000, 0x0000, 0x0000, 0xFFFF, 0x0000, 0x2983, 0xA3E9,
  0x9206, 0x71A5, 0x3082, 0x4366, 0x6467, 0x5C47, 0x5C28, 0x1123, 0x8000, 0xFC69, 0x6AAB, 0x00C1,
  0x64E9, 0x8569, 0x6447, 0x3285, 0x6CC8, 0x7569, 0x4285, 0x6A03, 0x9BC2, 0xAB43, 0x0821, 0x29C4,
  0x4367, 0x21C3, 0x2122, 0x3266, 0x39C8, 0x8453, 0xAD98, 0x94F6, 0x8CB5, 0x8CB5, 0x8C95, 0xB618,
  0x979D, 0x132F, 0x238F, 0x2C10, 0x4471, 0x5CB1, 0x6596, 0x86BA, 0xADF6, 0x52E5, 0x31C4, 0x0000,
  0x0000, 0x0000, 0x0000, 0x0000, 0x0000, 0x0000, 0x0000, 0x0000, 0x0000, 0x0000, 0x0000, 0x4AA7,
  0x8BA9, 0x71C5, 0x50A3, 0x31A4, 0x4BC7, 0x5C07, 0x5C28, 0x1984, 0x2800, 0xFD27, 0x6386, 0x38E2,
  0x49A3, 0x5428, 0x6429, 0x1922, 0x3224, 0x3B06, 0x2021, 0xA122, 0x9A43, 0x3165, 0x3A46, 0x3245,
  0x4BA7, 0x53A8, 0x21A3, 0x3168, 0x7C13, 0x7C32, 0x94D5, 0x8CB4, 0x8CD5, 0x8CD5, 0x8C95, 0xA5B7,
  0x97FF, 0x5597, 0x026C, 0x12EE, 0x12ED, 0x022B, 0x4515, 0xB79E, 0xB653, 0x4283, 0x29A4, 0x03E0,
  0x0000, 0x0000, 0x0000, 0x0000, 0x0000, 0x0000, 0x0000, 0x0000, 0x0000, 0x0000, 0x0000, 0x0001,
  0x29E5, 0x4306, 0x4A25, 0x28C2, 0x1963, 0x6447, 0x5407, 0x21A3, 0x10E4, 0x7248, 0xAA42, 0xB1A4,
  0x4801, 0x0040, 0x10C2, 0x08A2, 0x1923, 0x1102, 0x08E2, 0x0923, 0x2205, 0x4B47, 0x4306, 0x5407,
  0x7D68, 0x6CA8, 0x4B87, 0x29E4, 0x4A2B, 0x7C53, 0x94F6, 0x8CD5, 0x8CD5, 0x8CD5, 0x8C95, 0xADF8,
  0x3411, 0x0AED, 0x1B2F, 0x238F, 0x2370, 0x2390, 0x02ED, 0x7DF9, 0xC6D4, 0x63A6, 0x31C5, 0x0000,
  0x0000, 0x0000, 0x0000, 0x0000, 0x0000, 0x0000, 0x0000, 0x0000, 0x0000, 0x0000, 0x0000, 0x28A2,
  0x0000, 0x10E3, 0x2A44, 0x1943, 0x3A65, 0x6CC8, 0x6CA7, 0x53A7, 0x42A6, 0x4308, 0x3A46, 0x29E4,
  0x19C4, 0x2183, 0x4326, 0x8569, 0x7D68, 0x6CE9, 0x3225, 0x4326, 0x5C07, 0x6427, 0x6C68, 0x74A8,
  0x6CC8, 0x5C07, 0x4326, 0x3B05, 0x39C9, 0x8474, 0x94F5, 0x8CD5, 0x8CD5, 0x8CD5, 0x8CB4, 0xAE19,
  0x22C8, 0x1A82, 0x658D, 0x6E13, 0x44D2, 0x3431, 0x0B2E, 0x6D77, 0x7C0D, 0x2161, 0x4A87, 0x39C6,
  0x0000, 0x0000, 0x0000, 0x0000, 0x0000, 0x0000, 0x0000, 0x0000, 0x0000, 0x0000, 0x0000, 0x0000,
  0x0000, 0x0000, 0x0000, 0x4266, 0x7D49, 0x64A6, 0x7528, 0x7D48, 0x6CA8, 0x5BE7, 0x5BE8, 0x53E7,
  0x6447, 0x5BC7, 0x3A45, 0x5C06, 0x85E9, 0x42E5, 0x3224, 0x7529, 0x53A7, 0x1923, 0x1943, 0x29A4,
  0x3285, 0x4306, 0x4B66, 0x31E6, 0x6B71, 0x7C53, 0x94F5, 0x8CB5, 0x8CD5, 0x8CD5, 0x8C94, 0xA5F9,
  0x4C88, 0x7DC4, 0xCFEE, 0xB7F6, 0x6633, 0x3452, 0x136F, 0x5473, 0x738C, 0x0000, 0x2924, 0x39E6,
  0x0000, 0x0000, 0x0000, 0x0000, 0x0000, 0x0000, 0x0000, 0x0000, 0x0000, 0x0000, 0x0000, 0x0000,
  0x0000, 0xFFE0, 0x0000, 0x742A, 0x7547, 0x6466, 0x5C27, 0x6427, 0x4AE6, 0x3A45, 0x3A65, 0x5BC7,
  0x6CE8, 0x7D68, 0x7D08, 0x6C88, 0x7D49, 0x6CE8, 0x7D69, 0x53A7, 0x2A04, 0x3A85, 0x6448, 0x5C07,
  0x3B46, 0x4B26, 0x2163, 0x62EF, 0x8CB5, 0x73F1, 0x94F6, 0x8CD5, 0x8CD5, 0x8CD5, 0x8C94, 0xA619,
  0x86CB, 0xAF47, 0xA70C, 0x8F16, 0x5572, 0x2C11, 0x0B6F, 0x6D15, 0x62EB, 0x0000, 0x0000, 0x0000,
  0x0000, 0x0000, 0x0000, 0x0000, 0x0000, 0x0000, 0x0000, 0x0000, 0x0000, 0x0000, 0x7BEF, 0x0000,
  0x01E0, 0xAFEA, 0x0000, 0x2143, 0x6C89, 0x64C7, 0x5C06, 0x3245, 0x3244, 0x3AE5, 0x3AA6, 0x42C6,
  0x3A45, 0x3244, 0x4325, 0x5386, 0x4305, 0x42C5, 0x3204, 0x3A45, 0x4326, 0x4B86, 0x4BC6, 0x4366,
  0x3A46, 0x2126, 0x39CA, 0x8473, 0x8474, 0x73F2, 0x94F6, 0x8CD5, 0x8CD5, 0x8CD5, 0x8C94, 0xAE5A,
  0x6E09, 0x6583, 0x4448, 0x44F3, 0x3431, 0x23B0, 0x0B50, 0x8556, 0x49C6, 0x0000, 0x3186, 0x0000,
  0x0000, 0x0000, 0x0000, 0x0000, 0x0000, 0x0000, 0x0000, 0x0000, 0x0000, 0x0000, 0x0000, 0x0000,
  0x0000, 0x0000, 0x0000, 0x0000, 0x2164, 0x5BC7, 0x6CA8, 0x7528, 0x7528, 0x7508, 0x4B67, 0x4B86,
  0x6C88, 0x6C68, 0x63E8, 0x5386, 0x53A6, 0x63E7, 0x6447, 0x4BC7, 0x3AE6, 0x3A85, 0x31E4, 0x2924,
  0x28C4, 0x39EB, 0x4A6C, 0x94D5, 0x8C94, 0x73D1, 0x94F5, 0x8CD5, 0x8CD5, 0x8CD5, 0x94B5, 0xB69B,
  0x3BEB, 0x2B07, 0x1267, 0x1B70, 0x1B90, 0x1B70, 0x1370, 0x84F4, 0x1882, 0x0000, 0x3186, 0x0000,
  0x0000, 0x0000, 0x0000, 0x0000, 0x0000, 0x0000, 0x0000, 0x0000, 0x0000, 0x0001, 0x1082, 0x0000,
  0x2123, 0x18C2, 0x0000, 0x0000, 0x0000, 0x0821, 0x29E4, 0x3245, 0x4306, 0x4B86, 0x53C7, 0x3AC6,
  0x3AA6, 0x53E7, 0x6CC8, 0x7D49, 0x7528, 0x5C07, 0x3B06, 0x3245, 0x10A2, 0x1062, 0x20A4, 0x3967,
  0x41A7, 0x3A0B, 0x3A0B, 0x94D5, 0x8CD5, 0x7BF2, 0x94D6, 0x8CD5, 0x8CD5, 0x8CB5, 0x94B5, 0xA639,
  0x76FC, 0x8F5E, 0x6E9B, 0x0ACD, 0x0ACE, 0x0AEE, 0x1370, 0x7450, 0x0800, 0x0000, 0x3000, 0x0000,
  0x0000, 0x0000, 0x0000, 0x0000, 0x0000, 0x0000, 0x0000, 0x18E3, 0x0000, 0x63C7, 0x85AA, 0x08A1,
  0x42E6, 0x858A, 0x3204, 0x0000, 0x7DEF, 0x0000, 0x0000, 0x21C4, 0x2A04, 0x2183, 0x2163, 0x29C4,
  0x1923, 0x29C4, 0x42E6, 0x3AC5, 0x32A5, 0x3AE6, 0x3245, 0x10A2, 0x2084, 0x3946, 0x41A8, 0x41A7,
  0x3946, 0x426C, 0x3A0B, 0x8C94, 0x9536, 0x8433, 0x94D5, 0x8CD5, 0x8CB5, 0x8CB4, 0x94F5, 0xB659,
  0x6596, 0x65F7, 0x6E18, 0x4C92, 0x33AF, 0x33D0, 0x54F5, 0xA618, 0x0800, 0xBDF7, 0x0000, 0x0000,
  0x0000, 0x0000, 0x0000, 0x0000, 0x0000, 0x0000, 0x0000, 0x0841, 0x3A65, 0x6427, 0x53A6, 0x6CA8,
  0x21A3, 0x6CE8, 0x3A85, 0x0802, 0xAFE0, 0x0041, 0x29A4, 0x7D49, 0x6CC8, 0x5C47, 0x4347, 0x3AA5,
  0x2A45, 0x1943, 0x2123, 0x3205, 0x3A45, 0x2984, 0x1983, 0x2184, 0x3126, 0x41A7, 0x3987, 0x3987,
  0x3966, 0x39E9, 0x3A4C, 0x8453, 0x8474, 0x6B70, 0x9D16, 0x94F6, 0x9516, 0x9516, 0x94F5, 0xADB8,
  0xAD98, 0xA597, 0xA598, 0xB63A, 0xC69B, 0xBE5A, 0xD71C, 0x6B8E, 0x0000, 0xFFFF, 0x0000, 0x0000,
  0x0000, 0x0000, 0x0000, 0x0000, 0x0000, 0x52AA, 0x0000, 0x3225, 0x5BC7, 0x5386, 0x3245, 0x5BC7,
  0x4B67, 0x3204, 0x6468, 0x10C2, 0x7BE0, 0x0001, 0x63E8, 0x6D07, 0x6487, 0x64A8, 0x53E7, 0x5C07,
  0x5C48, 0x5407, 0x3AC5, 0x21A4, 0x1983, 0x2A04, 0x4387, 0x2A04, 0x3126, 0x3987, 0x41A7, 0x4187,
  0x4187, 0x3946, 0x29EA, 0x5B0E, 0xAD78, 0x73D1, 0x94D6, 0x8C74, 0x6B91, 0x630F, 0x4A2C, 0x420B,
  0x41CA, 0x41CA, 0x4A2B, 0x526C, 0x39C9, 0x20E4, 0x28A4, 0x0841, 0x0000, 0x0000, 0x0000, 0x0000,
  0x0000, 0x0000, 0x0000, 0x0000, 0x0000, 0x3BE7, 0x0000, 0x3204, 0x7D49, 0x7508, 0x42E6, 0x2164,
  0x29C4, 0x29C4, 0x2143, 0x29A3, 0x0000, 0x2984, 0x85A9, 0x6486, 0x6488, 0x5BE7, 0x53C7, 0x64A7,
  0x6CE7, 0x6CE7, 0x6CC8, 0x5C08, 0x4BA7, 0x5C67, 0x7508, 0x29A4, 0x20C4, 0x3966, 0x3966, 0x3146,
  0x3125, 0x28C4, 0x18A4, 0x29A8, 0x6B4F, 0x522C, 0x3148, 0x3969, 0x2967, 0x20C5, 0x2124, 0x1923,
  0x29E4, 0x3AA5, 0x0060, 0x0000, 0x0000, 0x0000, 0x0000, 0x0000, 0x0000, 0x0000, 0x0000, 0x0000,
  0x0000, 0x0000, 0x0000, 0x0000, 0x0000, 0xAFEA, 0x0001, 0x74E8, 0x6487, 0x3A85, 0x5C07, 0x42C6,
  0x2A04, 0x4306, 0x0000, 0x0000, 0x18C2, 0x6CA8, 0x6CE7, 0x5C47, 0x4B87, 0x2183, 0x4326, 0x7528,
  0x6CE7, 0x6CE8, 0x7507, 0x6CA7, 0x6CA8, 0x6487, 0x3A25, 0x3926, 0x1863, 0x20A3, 0x28E4, 0x28C4,
  0x1863, 0x2944, 0x3184, 0x0882, 0x10A3, 0x21A4, 0x42A5, 0x21C3, 0x3AC6, 0x3284, 0x64C8, 0x4B46,
  0x3224, 0x42A6, 0x2964, 0x632C, 0xFFFF, 0x0000, 0x0000, 0x0000, 0x0000, 0x0000, 0x0000, 0x0000,
  0x0000, 0x0000, 0x0000, 0x0000, 0x0000, 0x0000, 0x1043, 0x1902, 0x6C88, 0x8569, 0x6448, 0x32A5,
  0x2A04, 0x3AA5, 0x3204, 0x1081, 0x63E8, 0x6D08, 0x53C7, 0x3AC6, 0x1903, 0x2A24, 0x3B26, 0x4346,
  0x6468, 0x6487, 0x5C47, 0x5C07, 0x3A84, 0x3186, 0x30E6, 0x20A3, 0x29C4, 0x1903, 0x1042, 0x21C4,
  0x3AE6, 0x7508, 0x42E5, 0x3AE5, 0x4306, 0x3264, 0x74E9, 0x5C28, 0x1942, 0x3224, 0x854B, 0x2103,
  0x0000, 0x0000, 0x0000, 0x0000, 0x0000, 0x0000, 0x0000, 0x0000, 0x0000, 0x0000, 0x0000, 0x0000,
  0x0000, 0x0000, 0x0000, 0x0000, 0x0000, 0x0000, 0x0000, 0x0001, 0x4B26, 0x6CA9, 0x29E4, 0x2163,
  0x3266, 0x21C3, 0x4BA7, 0x5BE8, 0x42E5, 0x53E7, 0x3AA6, 0x10C2, 0x1903, 0x5407, 0x64A7, 0x53A6,
  0x4366, 0x6467, 0x6CC7, 0x4286, 0x3106, 0x28A5, 0x2944, 0x3AC5, 0x4347, 0x29A3, 0x0000, 0x2183,
  0x53E8, 0x4B87, 0x3265, 0x7508, 0x5C27, 0x32A5, 0x3265, 0x18C2, 0x0000, 0x0000, 0x0000, 0x0000,
  0x0000, 0x0000, 0x0000, 0x0000, 0x0000, 0x0000, 0x0000, 0x0000, 0x0000, 0x0000, 0x0000, 0x0000,
  0x0000, 0x0000, 0x0000, 0x0000, 0x0000, 0x0000, 0x0000, 0x0000, 0x0000, 0x3204, 0x53C8, 0x53A8,
  0x4B87, 0x2A44, 0x32A5, 0x53C8, 0x3AE6, 0x3AC6, 0x18E2, 0x0000, 0x32A6, 0x5C27, 0x74E7, 0x6CE7,
  0x7D68, 0x6486, 0x4206, 0x30E6, 0x20A4, 0x42A5, 0x64C8, 0x5407, 0x3AC6, 0x2964, 0x0000, 0x0000,
  0x29E4, 0x42E6, 0x4B66, 0x6467, 0x4BA6, 0x4347, 0x29A3, 0x0000, 0x0000, 0x52AA, 0x7BE7, 0x7BEF,
  0x0000, 0x0000, 0x0000, 0x0000, 0x0000, 0x0000, 0x0000, 0x0000, 0x0000, 0x0000, 0x0000, 0x0000,
  0x0000, 0x0000, 0x0000, 0x0000, 0x0000, 0x0000, 0x0000, 0x0000, 0x0000, 0x0000, 0x3205, 0x3A66,
  0x2984, 0x4306, 0x4366, 0x3AE6, 0x4367, 0x21A4, 0x0000, 0x01E0, 0x2A24, 0x5C27, 0x6CE8, 0x7528,
  0x5386, 0x3946, 0x28A5, 0x2124, 0x5C26, 0x7549, 0x6468, 0x53E7, 0x4326, 0x29C4, 0x0000, 0x7BE0,
  0x0841, 0x3A85, 0x4387, 0x4366, 0x4306, 0x18C3, 0x0000, 0x7BEF, 0x0000, 0x0000, 0x0000, 0x0000,
  0x0000, 0x0000, 0x0000, 0x0000, 0x0000, 0x0000, 0x0000, 0x0000, 0x0000, 0x0000, 0x0000, 0x0000,
  0x0000, 0x0000, 0x0000, 0x0000, 0x0000, 0x0000, 0x0000, 0x0000, 0x0000, 0x0000, 0x0000, 0x0000,
  0x0000, 0x18E2, 0x3245, 0x4346, 0x2A04, 0x0821, 0x7FEF, 0x0000, 0x4327, 0x64A8, 0x6CE7, 0x4286,
  0x30E7, 0x2064, 0x3224, 0x7508, 0x7527, 0x64A7, 0x6468, 0x53E7, 0x4346, 0x31E4, 0x0000, 0x2244,
  0x0000, 0x10C1, 0x4326, 0x4306, 0x18C2, 0x0000, 0x0000, 0x0000, 0x0000, 0x0000, 0x0000, 0x0000,
  0x0000, 0x0000, 0x0000, 0x0000, 0x0000, 0x0000, 0x0000, 0x0000, 0x0000, 0x0000, 0x0000, 0x0000,
  0x0000, 0x0000, 0x0000, 0x0000, 0x0000, 0x0000, 0x0000, 0x0000, 0x0000, 0x0000, 0x52AA, 0xFFFF,
  0x0000, 0x0000, 0x0000, 0x0801, 0x0841, 0x0000, 0x03E0, 0x0000, 0x21A3, 0x4B26, 0x39A6, 0x2866,
  0x20C3, 0x5366, 0x7D48, 0x6CC7, 0x6CA7, 0x6CA7, 0x6448, 0x4B86, 0x4326, 0x3AA7, 0x0000, 0x2244,
  0x0000, 0x0000, 0x18E2, 0x18C2, 0x0000, 0x0000, 0x0000, 0x0000, 0x0000, 0x0000, 0x0000, 0x0000,
  0x0000, 0x0000, 0x0000, 0x0000, 0x0000, 0x0000, 0x0000, 0x0000, 0x0000, 0x0000, 0x0000, 0x0000,
  0x0000, 0x0000, 0x0000, 0x0000, 0x0000, 0x0000, 0x0000, 0x0000, 0x0000, 0x0000, 0x0000, 0x0000,
  0x2945, 0x0000, 0x0000, 0x0000, 0x0000, 0x2124, 0xAD55, 0x41A7, 0x3165, 0x3126, 0x2084, 0x31E4,
  0x6487, 0x7528, 0x6CA7, 0x6CC7, 0x6CC7, 0x6487, 0x5C08, 0x4306, 0x4347, 0x3247, 0x0000, 0x0000,
  0x0000, 0x0000, 0x0000, 0x0000, 0x0000, 0x0000, 0x0000, 0x0000, 0x0000, 0x0000, 0x0000, 0x0000,
  0x0000, 0x0000, 0x0000, 0x0000, 0x0000, 0x0000, 0x0000, 0x0000, 0x0000, 0x0000, 0x0000, 0x0000,
  0x0000, 0x0000, 0x0000, 0x0000, 0x0000, 0x0000, 0x0000, 0x0000, 0x0000, 0x0000, 0x0000, 0x3807,
  0x0000, 0x1041, 0x3125, 0x3125, 0x3946, 0x3986, 0x3946, 0x3946, 0x3105, 0x2104, 0x42E6, 0x6D08,
  0x7507, 0x6CA7, 0x6CC7, 0x6CC8, 0x6CA7, 0x5C27, 0x4B87, 0x3AC5, 0x4347, 0x1943, 0x00E0, 0x3186,
  0x0000, 0x0000, 0x7BE0, 0x03E0, 0x0000, 0x0000, 0x0000, 0x0000, 0x0000, 0x0000, 0x0000, 0x0000,
  0x0000, 0x0000, 0x0000, 0x0000, 0x0000, 0x0000, 0x0000, 0x0000, 0x0000, 0x0000, 0x0000, 0x0000,
  0x0000, 0x0000, 0x0000, 0x0000, 0x0000, 0x0000, 0x0000, 0x0000, 0x0000, 0x0000, 0x0000, 0x0000,
  0x49E8, 0x41C7, 0x4187, 0x3126, 0x3967, 0x41A7, 0x28C3, 0x28E3, 0x0000, 0x1943, 0x4BC8, 0x53C6,
  0x5C27, 0x6CC7, 0x6CC7, 0x6487, 0x5C27, 0x4B87, 0x3B06, 0x3B06, 0x29C4, 0x10E2, 0x0000, 0x5000,
  0x0000, 0x0000, 0x0000, 0x0000, 0x0000, 0x0000, 0x0000, 0x0000, 0x0000, 0x0000, 0x0000, 0x0000,
  0x0000, 0x0000, 0x0000, 0x0000, 0x0000, 0x0000, 0x0000, 0x0000, 0x0000, 0x0000, 0x0000, 0x0000,
  0x0000, 0x0000, 0x0000, 0x0000, 0x0000, 0x0000, 0x0000, 0x0000, 0x0000, 0x7BEF, 0x0000, 0x18A2,
  0x5229, 0x3966, 0x0000, 0x0000, 0x0000, 0x0000, 0x0000, 0x0000, 0x2A04, 0x4B67, 0x1923, 0x4306,
  0x4BA7, 0x4BA7, 0x53C7, 0x4B87, 0x4346, 0x4326, 0x3AC5, 0x1923, 0x3265, 0x4B67, 0x08A1, 0x0000,
  0x39E0, 0x0000, 0x0000, 0x0000, 0x0000, 0x0000, 0x0000, 0x0000, 0x0000, 0x0000, 0x0000, 0x0000,
  0x0000, 0x0000, 0x0000, 0x0000, 0x0000, 0x0000, 0x0000, 0x0000, 0x0000, 0x0000, 0x0000, 0x0000,
  0x0000, 0x0000, 0x0000, 0x0000, 0x0000, 0x0000, 0x0000, 0x0000, 0x0000, 0x52AA, 0x0000, 0x5A6A,
  0x41A7, 0x0000, 0x7BEF, 0x38E7, 0x20C3, 0x3183, 0x18E3, 0x1923, 0x7D28, 0x6CE8, 0x3AE6, 0x2183,
  0x3265, 0x4326, 0x4326, 0x3B05, 0x3AE6, 0x3265, 0x2163, 0x2A44, 0x6488, 0x6CC8, 0x3265, 0x0801,
  0x0000, 0x0000, 0x0000, 0x0000, 0x0000, 0x0000, 0x0000, 0x0000, 0x0000, 0x0000, 0x0000, 0x0000,
  0x0000, 0x0000, 0x0000, 0x0000, 0x0000, 0x0000, 0x0000, 0x0000, 0x0000, 0x0000, 0x0000, 0x0000,
  0x0000, 0x0000, 0x0000, 0x0000, 0x0000, 0x0000, 0x0000, 0x0000, 0x0000, 0x52AA, 0x0000, 0x49E8,
  0x41A7, 0x0041, 0x0000, 0x0000, 0x20C3, 0x3965, 0x0000, 0x5387, 0x7567, 0x6487, 0x5C08, 0x3265,
  0x0000, 0x2163, 0x3285, 0x3244, 0x2163, 0x0840, 0x2183, 0x4B88, 0x6CA8, 0x6CE7, 0x6C88, 0x2143,
  0x0000, 0xFFFF, 0x0000, 0x0000, 0x0000, 0x0000, 0x0000, 0x0000, 0x0000, 0x0000, 0x0000, 0x0000,
  0x0000, 0x0000, 0x0000, 0x0000, 0x0000, 0x0000, 0x0000, 0x0000, 0x0000, 0x0000, 0x0000, 0x0000,
  0x0000, 0x0000, 0x0000, 0x0000, 0x0000, 0x0000, 0x0000, 0x0000, 0x0000, 0x0000, 0x0000, 0x1021,
  0x3146, 0x3146, 0x3125, 0x3966, 0x3987, 0x28C5, 0x2143, 0x7508, 0x6CC7, 0x6488, 0x3265, 0x0840,
  0x0000, 0x0000, 0x0000, 0x0000, 0x0000, 0x0000, 0x0000, 0x18E2, 0x53A7, 0x6CC8, 0x6CE8, 0x53A7,
  0x1082, 0x2945, 0x0000, 0x0000, 0x0000, 0x0000, 0x0000, 0x0000, 0x0000, 0x0000, 0x0000, 0x0000,
  0x0000, 0x0000, 0x0000, 0x0000, 0x0000, 0x0000, 0x0000, 0x0000, 0x0000, 0x0000, 0x0000, 0x0000,
  0x0000, 0x0000, 0x0000, 0x0000, 0x0000, 0x0000, 0x0000, 0x0000, 0x0000, 0x0000, 0x0000, 0x0000,
  0x1862, 0x3105, 0x3145, 0x3946, 0x41A7, 0x0002, 0x758A, 0x7D88, 0x6CE7, 0x4B86, 0x0041, 0x0000,
  0x3180, 0x0000, 0x52AA, 0x0000, 0x0000, 0x0000, 0x3BE7, 0x0000, 0x10C2, 0x5C48, 0x74E7, 0x6CC8,
  0x3AA5, 0x0002, 0x7FEF, 0x0000, 0x0000, 0x0000, 0x0000, 0x0000, 0x0000, 0x0000, 0x0000, 0x0000,
  0x0000, 0x0000, 0x0000, 0x0000, 0x0000, 0x0000, 0x0000, 0x0000, 0x0000, 0x0000, 0x0000, 0x0000,
  0x0000, 0x0000, 0x0000, 0x0000, 0x0000, 0x0000, 0x0000, 0x0000, 0x0000, 0x0000, 0x0000, 0x0000,
  0x0000, 0x0000, 0x0800, 0x0801, 0x0000, 0x0001, 0x29C3, 0x6488, 0x5C27, 0x3AC6, 0x3A65, 0x0861,
  0x7BE0, 0x0000, 0x0000, 0x0000, 0x0000, 0x0000, 0x0000, 0x0841, 0x3245, 0x4326, 0x6448, 0x53E7,
  0x2183, 0x0802, 0xFFE0, 0x0000, 0x0000, 0x0000, 0x0000, 0x0000, 0x0000, 0x0000, 0x0000, 0x0000,
  0x0000, 0x0000, 0x0000, 0x0000, 0x0000, 0x0000, 0x0000, 0x0000, 0x0000, 0x0000, 0x0000, 0x0000,
  0x0000, 0x0000, 0x0000, 0x0000, 0x0000, 0x0000, 0x0000, 0x0000, 0x0000, 0x0000, 0x0000, 0x0000,
  0x0000, 0x52AA, 0x0000, 0x0000, 0x3186, 0x0000, 0x0000, 0x10C2, 0x42E6, 0x53C7, 0x4B67, 0x29C4,
  0x0000, 0xFFFF, 0x0000, 0x0000, 0x0000, 0x2940, 0x0000, 0x2143, 0x4B87, 0x4B87, 0x4306, 0x2163,
  0x0801, 0x0000, 0x0000, 0x0000, 0x0000, 0x0000, 0x0000, 0x0000, 0x0000, 0x0000, 0x0000, 0x0000,
  0x0000, 0x0000, 0x0000, 0x0000, 0x0000, 0x0000, 0x0000, 0x0000, 0x0000, 0x0000, 0x0000, 0x0000,
  0x0000, 0x0000, 0x0000, 0x0000, 0x0000, 0x0000, 0x0000, 0x0000, 0x0000, 0x0000, 0x0000, 0x0000,
  0x0000, 0x0000, 0x0000, 0x0000, 0x0000, 0x0000, 0x0000, 0x0001, 0x10A2, 0x3224, 0x4B87, 0x4327,
  0x18E2, 0x0000, 0x03E0, 0x0000, 0x03E0, 0x0000, 0x1903, 0x4306, 0x4B87, 0x3244, 0x18C2, 0x0000,
  0x0000, 0x0000, 0x0000, 0x0000, 0x0000, 0x0000, 0x0000, 0x0000, 0x0000, 0x0000, 0x0000, 0x0000,
  0x0000, 0x0000, 0x0000, 0x0000, 0x0000, 0x0000, 0x0000, 0x0000, 0x0000, 0x0000, 0x0000, 0x0000,
  0x0000, 0x0000, 0x0000, 0x0000, 0x0000, 0x0000, 0x0000, 0x0000, 0x0000, 0x0000, 0x0000, 0x0000,
  0x0000, 0x0000, 0x0000, 0x0000, 0x0000, 0x0000, 0x0000, 0x0000, 0x0000, 0x18C2, 0x3285, 0x4BA7,
  0x3AC6, 0x10A2, 0x0000, 0x2120, 0x39E7, 0x1081, 0x42C6, 0x4BA7, 0x3284, 0x2143, 0x0861, 0x0000,
  0x0000, 0x0000, 0x0000, 0x0000, 0x0000, 0x0000, 0x0000, 0x0000, 0x0000, 0x0000, 0x0000, 0x0000,
  0x0000, 0x0000, 0x0000, 0x0000, 0x0000, 0x0000, 0x0000, 0x0000, 0x0000, 0x0000, 0x0000, 0x0000,
  0x0000, 0x0000, 0x0000, 0x0000, 0x0000, 0x0000, 0x0000, 0x0000, 0x0000, 0x0000, 0x0000, 0x0000,
  0x0000, 0x0000, 0x0000, 0x0000, 0x0000, 0x0000, 0x0000, 0x0000, 0x3A64, 0x6CC8, 0x4B86, 0x4326,
  0x4346, 0x3245, 0x0000, 0x0000, 0x0000, 0x21A4, 0x4346, 0x4325, 0x4B46, 0x6CA8, 0x4B66, 0x10A2,
  0x0000, 0x0001, 0x0000, 0x0000, 0x0000, 0x0000, 0x0000, 0x0000, 0x0000, 0x0000, 0x0000, 0x0000,
  0x0000, 0x0000, 0x0000, 0x0000, 0x0000, 0x0000, 0x0000, 0x0000, 0x0000, 0x0000, 0x0000, 0x0000,
  0x0000, 0x0000, 0x0000, 0x0000, 0x0000, 0x0000, 0x0000, 0x0000, 0x0000, 0x0000, 0x0000, 0x0000,
  0x0000, 0x0000, 0x18A2, 0x0000, 0x1082, 0x63C9, 0x2984, 0x53A7, 0x7528, 0x6CE7, 0x6CC7, 0x4BA7,
  0x4367, 0x3AE6, 0x0000, 0x1082, 0x0821, 0x3A65, 0x4347, 0x53C7, 0x7528, 0x74E7, 0x7508, 0x5BE8,
  0x29E4, 0x2123, 0x0860, 0x10A2, 0x0000, 0x0000, 0x0000, 0x0000, 0x0000, 0x0000, 0x0000, 0x0000,
  0x0000, 0x0000, 0x0000, 0x0000, 0x0000, 0x0000, 0x0000, 0x0000, 0x0000, 0x0000, 0x0000, 0x0000,
  0x0000, 0x0000, 0x0000, 0x0000, 0x0000, 0x0000, 0x0000, 0x0000, 0x0000, 0x0000, 0x0000, 0x0140,
  0x0000, 0x1904, 0x42E7, 0x4B27, 0x3A65, 0x4B06, 0x53E7, 0x64A7, 0x6CE7, 0x7508, 0x4B66, 0x2A04,
  0x21A4, 0x10C2, 0x0000, 0x1081, 0x0002, 0x0841, 0x18E2, 0x2184, 0x42C5, 0x6CA8, 0x7528, 0x6467,
  0x4B86, 0x3AC6, 0x2A24, 0x4306, 0x3224, 0x0861, 0x0861, 0x0861, 0x0000, 0x0000, 0x0000, 0x0000,
  0x0000, 0x0000, 0x0000, 0x0000, 0x0000, 0x0000, 0x0000, 0x0000, 0x0000, 0x0000, 0x0000, 0x0000,
  0x0000, 0x0000, 0x0000, 0x0000, 0x0000, 0x0000, 0x0000, 0x0000, 0x0000, 0x0841, 0x1082, 0x0000,
  0x10A3, 0x536C, 0x6449, 0x5386, 0x5347, 0x6447, 0x6CE7, 0x7528, 0x6468, 0x29C3, 0x0000, 0x0000,
  0x0000, 0x0000, 0x0000, 0x0000, 0x0000, 0x0000, 0x0000, 0x0000, 0x0000, 0x1942, 0x53E7, 0x7549,
  0x74E8, 0x5BE7, 0x4B46, 0x4B65, 0x5C48, 0x4ACA, 0x0841, 0x0841, 0x1082, 0x0861, 0x0861, 0x0861,
  0x0000, 0x0000, 0x0000, 0x0000, 0x0000, 0x0000, 0x0000, 0x0000, 0x0000, 0x0000, 0x0000, 0x0000,
  0x0000, 0x0000, 0x0000, 0x0000, 0x0000, 0x0000, 0x0000, 0x0000, 0x0000, 0x0861, 0x0841, 0x0861,
  0x0841, 0x10A2, 0x1902, 0x42A9, 0x74AC, 0x64A7, 0x5386, 0x3A45, 0x10A1, 0x0000, 0x0000, 0x0000,
  0x0000, 0x0000, 0x0000, 0x0000, 0x0000, 0x0000, 0x0000, 0x0000, 0x0000, 0x0000, 0x0841, 0x29E4,
  0x53C7, 0x6CC8, 0x5C0B, 0x42C8, 0x10A1, 0x0861, 0x0861, 0x0861, 0x1061, 0x0861, 0x0861, 0x10A2,
  0x0000, 0x0000, 0x0000, 0x0000, 0x0000, 0x0000, 0x0000, 0x0000, 0x0000, 0x0000, 0x0000, 0x0000,
  0x0000, 0x0000, 0x0000, 0x0000, 0x0000, 0x0000, 0x0000, 0x0000, 0x0000, 0x0000, 0x0000, 0x0000,
  0x0000, 0x0000, 0x0000, 0x18A3, 0x1902, 0x10C2, 0x0000, 0x0000, 0x0000, 0x0000, 0x1081, 0x0861,
  0x0861, 0x0000, 0x0000, 0x0861, 0x0861, 0x1082, 0x0861, 0x0000, 0x0000, 0x0000, 0x0000, 0x0000,
  0x0020, 0x10E2, 0x1903, 0x0882, 0x0000, 0x0000, 0x0861, 0x0861, 0x0000, 0x0000, 0x0000, 0x0000,
  0x0000, 0x0000, 0x0000, 0x0000, 0x0000, 0x0000, 0x0000, 0x0000, 0x0000, 0x0000, 0x0000, 0x0000,
  0x0000, 0x0000, 0x0000, 0x0000, 0x0000, 0x0000, 0x0000, 0x0000, 0x0000, 0x0000, 0x0000, 0x0000,
  0x0000, 0x0000, 0x0000, 0x0000, 0x0000, 0x0000, 0x0000, 0x0000, 0x2945, 0x0000, 0x0000, 0x1082,
  0x0000, 0x0000, 0x0000, 0x0861, 0x0861, 0x0841, 0x0841, 0x0000, 0x0000, 0x0000, 0x0000, 0x0000,
  0x0000, 0x0000, 0x0000, 0x0000, 0x0000, 0x02AA, 0x0000, 0x0000, 0x0000, 0x0000, 0x0000, 0x0000,
  0x0000, 0x0000, 0x0000, 0x0000, 0x0000, 0x0000, 0x0000, 0x0000, 0x0000, 0x0000, 0x0000, 0x0000,
};
const uint8_t kGoblinSmallAlpha[3600] = {
  0, 0, 0, 0, 0, 0, 0, 0, 0, 0, 0, 0, 0, 0, 0, 0, 0, 0, 0, 0, 0, 0, 0, 0,
  0, 0, 0, 0, 0, 0, 0, 0, 0, 0, 0, 0, 0, 0, 0, 0, 0, 0, 1, 5, 0, 59, 17, 2,
  0, 0, 0, 0, 0, 0, 0, 0, 0, 0, 0, 0, 0, 0, 0, 0, 0, 0, 0, 0, 0, 0, 0, 0,
  0, 0, 0, 0, 0, 0, 0, 0, 0, 0, 0, 0, 0, 0, 0, 0, 0, 0, 0, 0, 0, 0, 0, 0,
  0, 0, 0, 0, 0, 0, 0, 0, 70, 244, 192, 17, 2, 1, 0, 0, 0, 0, 0, 0, 0, 0, 0, 0,
  0, 1, 0, 0, 0, 0, 0, 0, 0, 0, 0, 0, 0, 0, 0, 0, 0, 0, 0, 0, 0, 0, 0, 0,
  0, 0, 0, 0, 0, 0, 0, 0, 0, 0, 0, 0, 0, 0, 0, 0, 1, 4, 17, 168, 249, 255, 112, 0,
  5, 0, 0, 0, 0, 0, 0, 0, 0, 0, 0, 0, 0, 0, 0, 0, 1, 3, 0, 0, 0, 0, 0, 0,
  0, 0, 0, 0, 0, 0, 0, 0, 0, 0, 0, 0, 0, 0, 0, 0, 0, 0, 0, 0, 0, 0, 0, 0,
  0, 0, 0, 0, 4, 0, 111, 255, 254, 142, 0, 3, 0, 0, 0, 0, 0, 0, 0, 0, 0, 0, 0, 0,
  11, 18, 0, 0, 0, 0, 3, 1, 0, 0, 0, 0, 0, 0, 0, 0, 0, 0, 0, 0, 0, 0, 0, 0,
  0, 1, 3, 3, 3, 2, 1, 0, 0, 0, 0, 0, 0, 0, 0, 5, 2, 71, 241, 251, 213, 0, 1, 0,
  0, 0, 0, 0, 0, 0, 0, 0, 0, 0, 0, 0, 60, 171, 203, 185, 176, 57, 0, 1, 3, 0, 0, 0,
  0, 0, 0, 0, 0, 0, 0, 0, 0, 0, 0, 1, 1, 0, 0, 0, 0, 0, 0, 2, 0, 0, 0, 0,
  0, 1, 4, 0, 14, 253, 255, 255, 81, 1, 4, 0, 0, 0, 0, 0, 0, 0, 0, 0, 0, 0, 0, 0,
  0, 48, 215, 255, 255, 249, 173, 8, 0, 4, 2, 0, 0, 0, 0, 0, 0, 0, 0, 0, 0, 4, 3, 0,
  2, 2, 98, 121, 120, 186, 7, 0, 1, 0, 0, 0, 0, 0, 0, 74, 216, 252, 251, 236, 95, 5, 3, 0,
  0, 0, 0, 0, 0, 0, 0, 0, 0, 0, 0, 0, 3, 0, 0, 166, 251, 252, 255, 208, 97, 0, 0, 3,
  2, 0, 0, 0, 0, 0, 0, 0, 0, 0, 0, 9, 0, 168, 255, 255, 255, 255, 183, 40, 4, 0, 0, 2,
  2, 15, 83, 248, 255, 250, 255, 178, 35, 8, 0, 0, 0, 0, 0, 0, 0, 0, 0, 0, 0, 0, 0, 0,
  0, 2, 1, 14, 255, 255, 250, 255, 238, 87, 43, 0, 0, 2, 2, 0, 0, 0, 2, 5, 4, 111, 168, 198,
  179, 255, 250, 252, 252, 251, 255, 233, 6, 0, 3, 4, 1, 122, 255, 252, 253, 254, 253, 225, 31, 1, 2, 0,
  0, 0, 0, 0, 0, 0, 0, 0, 0, 0, 0, 0, 0, 0, 4, 3, 77, 244, 253, 252, 250, 255, 250, 146,
  39, 0, 0, 2, 0, 1, 0, 0, 63, 255, 255, 255, 255, 253, 255, 255, 255, 250, 253, 104, 0, 6, 0, 6,
  188, 250, 251, 254, 255, 252, 255, 197, 11, 4, 0, 0, 0, 0, 0, 0, 0, 0, 0, 0, 0, 0, 0, 0,
  0, 0, 1, 0, 0, 238, 253, 254, 255, 254, 255, 255, 241, 150, 46, 0, 5, 0, 56, 54, 179, 253, 248, 253,
  252, 255, 255, 255, 255, 254, 255, 236, 208, 95, 160, 154, 255, 255, 255, 255, 255, 252, 255, 183, 0, 4, 0, 0,
  0, 0, 0, 0, 0, 0, 0, 0, 0, 0, 0, 0, 0, 0, 0, 4, 4, 136, 255, 254, 255, 255, 255, 251,
  255, 255, 241, 173, 37, 7, 55, 160, 240, 252, 254, 255, 255, 255, 255, 255, 255, 255, 255, 255, 255, 229, 255, 255,
  253, 255, 255, 255, 255, 253, 254, 206, 15, 3, 1, 0, 0, 0, 0, 0, 0, 0, 0, 0, 0, 0, 0, 0,
  0, 0, 0, 2, 0, 27, 193, 237, 254, 254, 255, 255, 254, 250, 255, 233, 191, 205, 201, 255, 255, 255, 255, 255,
  255, 255, 255, 255, 255, 255, 255, 254, 254, 255, 252, 252, 255, 255, 255, 255, 255, 255, 249, 253, 86, 0, 5, 0,
  0, 1, 2, 0, 0, 1, 2, 0, 0, 0, 0, 0, 0, 0, 0, 0, 2, 0, 38, 227, 252, 253, 255, 255,
  255, 255, 254, 255, 255, 255, 255, 254, 255, 255, 255, 255, 255, 255, 255, 255, 255, 255, 255, 255, 255, 253, 255, 255,
  255, 255, 255, 255, 255, 254, 250, 69, 36, 1, 2, 0, 0, 0, 0, 0, 0, 0, 0, 0, 0, 0, 0, 0,
  0, 0, 0, 0, 2, 3, 46, 229, 252, 254, 255, 255, 255, 255, 255, 254, 252, 252, 253, 255, 255, 255, 255, 255,
  255, 255, 255, 255, 255, 255, 255, 255, 255, 255, 255, 255, 255, 255, 255, 255, 255, 252, 255, 111, 0, 3, 0, 3,
  3, 21, 41, 0, 2, 24, 46, 2, 4, 2, 0, 0, 0, 0, 0, 0, 0, 4, 0, 180, 253, 250, 255, 255,
  255, 255, 255, 255, 255, 255, 255, 255, 255, 255, 255, 255, 255, 255, 255, 255, 255, 255, 255, 255, 255, 255, 255, 255,
  255, 255, 255, 255, 254, 253, 220, 144, 3, 3, 3, 0, 0, 163, 181, 4, 0, 189, 116, 0, 0, 0, 0, 0,
  0, 0, 0, 0, 0, 4, 1, 161, 255, 252, 255, 255, 255, 255, 255, 255, 255, 255, 255, 255, 255, 255, 255, 255,
  255, 255, 255, 255, 255, 255, 255, 255, 255, 255, 255, 255, 255, 255, 255, 255, 254, 254, 226, 20, 3, 5, 0, 39,
  158, 236, 250, 15, 48, 247, 127, 46, 47, 81, 54, 0, 0, 0, 0, 0, 0, 1, 3, 10, 191, 255, 252, 255,
  255, 255, 255, 255, 255, 255, 255, 255, 255, 255, 255, 255, 255, 255, 255, 255, 255, 255, 255, 255, 255, 255, 255, 255,
  255, 255, 255, 255, 255, 253, 255, 47, 0, 0, 83, 251, 255, 255, 242, 204, 213, 255, 255, 255, 255, 198, 0, 3,
  0, 0, 0, 0, 0, 0, 5, 0, 141, 254, 251, 255, 255, 255, 255, 255, 255, 255, 255, 255, 255, 255, 255, 255,
  255, 255, 255, 255, 255, 255, 255, 255, 255, 255, 255, 255, 255, 255, 255, 255, 251, 255, 141, 0, 13, 133, 255, 255,
  251, 254, 255, 255, 255, 254, 254, 252, 251, 222, 28, 1, 0, 0, 0, 0, 0, 0, 1, 0, 32, 251, 253, 254,
  255, 255, 255, 255, 255, 255, 255, 255, 255, 255, 255, 255, 255, 255, 255, 255, 255, 255, 255, 255, 255, 255, 255, 255,
  255, 255, 255, 255, 255, 254, 114, 207, 169, 255, 255, 254, 255, 255, 255, 253, 253, 255, 255, 255, 251, 255, 136, 0,
  0, 0, 0, 0, 0, 0, 0, 4, 0, 152, 255, 249, 255, 255, 255, 255, 255, 255, 255, 255, 255, 255, 255, 255,
  255, 255, 255, 255, 255, 255, 255, 255, 255, 255, 255, 255, 255, 255, 255, 255, 255, 255, 255, 255, 255, 251, 255, 255,
  255, 255, 255, 255, 255, 255, 255, 255, 253, 254, 226, 0, 0, 0, 0, 0, 0, 0, 0, 2, 1, 30, 222, 255,
  255, 255, 255, 255, 255, 255, 255, 255, 255, 255, 255, 255, 255, 255, 255, 255, 255, 255, 255, 255, 255, 255, 255, 255,
  255, 255, 255, 255, 255, 255, 251, 253, 252, 255, 255, 255, 255, 255, 255, 255, 255, 255, 255, 255, 253, 255, 219, 0,
  0, 0, 0, 0, 0, 0, 0, 0, 2, 0, 33, 208, 240, 252, 255, 255, 255, 255, 255, 255, 255, 255, 255, 255,
  255, 255, 255, 255, 255, 255, 255, 255, 255, 255, 255, 255, 255, 255, 255, 255, 255, 255, 255, 255, 255, 255, 255, 255,
  255, 255, 255, 255, 255, 255, 255, 255, 253, 254, 197, 2, 0, 0, 0, 0, 0, 0, 0, 0, 0, 3, 0, 30,
  218, 255, 250, 255, 255, 255, 255, 255, 255, 255, 255, 255, 255, 255, 255, 255, 255, 255, 255, 255, 255, 255, 255, 255,
  255, 255, 255, 255, 255, 255, 255, 255, 255, 255, 255, 255, 255, 255, 255, 255, 255, 255, 255, 255, 251, 255, 146, 0,
  0, 0, 0, 0, 0, 0, 0, 0, 0, 1, 2, 11, 65, 106, 238, 255, 254, 255, 255, 255, 255, 255, 255, 255,
  255, 255, 255, 255, 255, 255, 255, 255, 255, 255, 255, 255, 255, 255, 255, 255, 255, 255, 255, 255, 255, 255, 255, 255,
  255, 255, 255, 255, 255, 255, 255, 254, 255, 237, 225, 52, 0, 0, 0, 0, 0, 0, 0, 0, 0, 0, 0, 0,
  0, 0, 135, 254, 251, 255, 255, 255, 255, 255, 255, 255, 255, 255, 255, 255, 255, 255, 255, 255, 255, 255, 255, 255,
  255, 255, 255, 255, 255, 255, 255, 255, 255, 255, 255, 255, 255, 255, 255, 255, 255, 255, 252, 254, 191, 33, 41, 42,
  0, 0, 0, 0, 0, 0, 0, 0, 0, 0, 0, 0, 8, 2, 108, 255, 247, 254, 255, 255, 255, 255, 255, 255,
  255, 255, 255, 255, 255, 255, 255, 255, 255, 255, 255, 255, 255, 255, 255, 255, 255, 255, 255, 255, 255, 255, 255, 255,
  255, 255, 255, 255, 255, 255, 252, 255, 132, 0, 0, 0, 0, 0, 0, 0, 0, 0, 0, 0, 0, 2, 2, 2,
  4, 3, 52, 237, 255, 255, 254, 255, 255, 255, 255, 255, 255, 255, 255, 255, 255, 255, 255, 255, 255, 255, 255, 255,
  255, 255, 255, 255, 255, 255, 255, 255, 255, 255, 255, 255, 255, 255, 255, 255, 255, 255, 253, 254, 99, 2, 5, 2,
  0, 0, 0, 0, 0, 0, 0, 1, 2, 0, 0, 0, 0, 0, 0, 53, 206, 225, 255, 253, 255, 255, 255, 255,
  255, 255, 255, 255, 255, 255, 255, 255, 255, 255, 255, 255, 255, 255, 255, 255, 255, 255, 255, 255, 255, 255, 255, 255,
  255, 255, 255, 255, 255, 255, 251, 253, 172, 0, 5, 0, 0, 0, 0, 0, 0, 0, 0, 1, 0, 143, 178, 44,
  59, 208, 7, 0, 11, 85, 174, 255, 251, 255, 255, 255, 255, 255, 255, 255, 255, 255, 255, 255, 255, 255, 255, 255,
  255, 255, 255, 255, 255, 255, 255, 255, 255, 255, 255, 255, 255, 255, 255, 255, 255, 255, 250, 255, 172, 0, 5, 0,
  0, 0, 0, 0, 0, 0, 3, 9, 132, 255, 255, 245, 234, 255, 103, 0, 4, 0, 10, 236, 253, 254, 255, 255,
  255, 255, 255, 255, 255, 255, 255, 255, 255, 255, 255, 255, 255, 255, 255, 255, 255, 255, 255, 255, 255, 255, 255, 255,
  255, 255, 253, 250, 252, 252, 255, 155, 43, 4, 1, 0, 0, 0, 0, 0, 0, 2, 0, 29, 255, 252, 252, 255,
  255, 251, 221, 88, 3, 27, 147, 244, 255, 255, 255, 255, 255, 255, 255, 255, 255, 255, 255, 255, 255, 255, 255, 255,
  255, 255, 255, 255, 255, 255, 255, 255, 255, 255, 255, 255, 255, 255, 255, 255, 255, 247, 242, 198, 3, 3, 0, 0,
  0, 0, 0, 0, 0, 3, 1, 108, 253, 252, 255, 254, 254, 252, 255, 129, 2, 160, 255, 253, 255, 255, 255, 255,
  255, 255, 255, 255, 255, 255, 255, 255, 255, 255, 255, 255, 255, 255, 255, 255, 255, 255, 255, 255, 255, 255, 255, 255,
  251, 255, 191, 133, 175, 215, 23, 82, 5, 2, 0, 0, 0, 0, 0, 0, 0, 4, 0, 190, 255, 251, 255, 255,
  255, 253, 252, 49, 23, 246, 249, 254, 254, 255, 255, 255, 255, 255, 255, 255, 255, 255, 255, 255, 255, 254, 253, 254,
  255, 255, 255, 255, 255, 255, 255, 255, 254, 252, 251, 252, 255, 253, 114, 0, 0, 26, 0, 0, 0, 0, 0, 0,
  0, 0, 0, 0, 1, 3, 18, 196, 254, 252, 255, 254, 255, 249, 119, 14, 175, 255, 253, 251, 255, 255, 255, 255,
  255, 255, 255, 255, 255, 255, 255, 255, 255, 255, 255, 255, 255, 255, 255, 255, 255, 255, 253, 252, 255, 255, 255, 255,
  232, 249, 27, 5, 2, 0, 1, 3, 0, 0, 0, 0, 0, 0, 0, 0, 3, 0, 63, 255, 250, 254, 255, 255,
  255, 255, 253, 215, 255, 254, 253, 255, 242, 255, 255, 255, 255, 255, 255, 255, 255, 255, 255, 254, 255, 246, 222, 247,
  255, 254, 255, 255, 255, 255, 255, 255, 238, 138, 83, 161, 31, 72, 0, 0, 0, 1, 0, 0, 0, 0, 0, 0,
  0, 0, 0, 0, 0, 3, 0, 100, 255, 251, 252, 252, 255, 255, 255, 255, 253, 255, 255, 118, 79, 255, 253, 255,
  255, 255, 255, 255, 255, 255, 255, 251, 255, 165, 0, 171, 253, 251, 255, 255, 253, 253, 202, 176, 32, 0, 0, 0,
  0, 0, 1, 0, 0, 0, 0, 0, 0, 0, 0, 0, 0, 0, 0, 0, 0, 0, 3, 0, 100, 255, 255, 255,
  251, 253, 253, 251, 253, 246, 204, 0, 57, 255, 252, 255, 255, 255, 255, 255, 255, 255, 255, 255, 254, 28, 0, 43,
  255, 254, 255, 255, 249, 255, 156, 0, 0, 3, 4, 2, 2, 3, 0, 0, 0, 0, 0, 0, 0, 0, 0, 0,
  0, 0, 0, 0, 0, 0, 0, 4, 0, 92, 113, 198, 255, 255, 255, 255, 251, 173, 11, 4, 69, 255, 252, 255,
  255, 255, 255, 255, 255, 255, 255, 254, 254, 68, 0, 2, 119, 255, 249, 249, 255, 221, 36, 2, 3, 0, 0, 0,
  0, 0, 0, 0, 0, 0, 0, 0, 0, 0, 0, 0, 0, 0, 0, 0, 0, 0, 0, 0, 2, 0, 0, 3,
  64, 150, 238, 221, 255, 117, 2, 2, 52, 255, 252, 255, 255, 255, 255, 255, 255, 255, 255, 251, 255, 174, 0, 7,
  0, 150, 255, 255, 219, 24, 0, 2, 0, 0, 0, 0, 0, 0, 0, 0, 0, 0, 0, 0, 0, 0, 0, 0,
  0, 0, 0, 0, 0, 0, 0, 0, 0, 3, 3, 1, 0, 4, 38, 16, 83, 0, 2, 0, 150, 255, 252, 255,
  255, 255, 255, 255, 255, 255, 255, 251, 255, 173, 5, 7, 5, 33, 144, 139, 28, 0, 3, 0, 0, 0, 0, 0,
  0, 0, 0, 0, 0, 0, 0, 0, 0, 0, 0, 0, 0, 0, 0, 0, 0, 0, 0, 0, 0, 0, 0, 0,
  6, 0, 0, 0, 0, 7, 3, 48, 241, 253, 253, 255, 255, 255, 255, 255, 255, 255, 255, 255, 252, 253, 51, 0,
  3, 0, 0, 0, 0, 2, 0, 0, 0, 0, 0, 0, 0, 0, 0, 0, 0, 0, 0, 0, 0, 0, 0, 0,
  0, 0, 0, 0, 0, 0, 0, 0, 0, 0, 0, 4, 0, 46, 169, 247, 245, 243, 242, 255, 255, 254, 255, 255,
  255, 255, 255, 255, 255, 255, 255, 252, 255, 173, 9, 5, 0, 2, 2, 2, 2, 0, 0, 0, 0, 0, 0, 0,
  0, 0, 0, 0, 0, 0, 0, 0, 0, 0, 0, 0, 0, 0, 0, 0, 0, 0, 0, 0, 0, 0, 2, 0,
  57, 255, 206, 194, 91, 52, 57, 44, 211, 255, 252, 255, 255, 255, 255, 255, 255, 255, 255, 253, 255, 80, 0, 3,
  0, 0, 0, 0, 0, 0, 0, 0, 0, 0, 0, 0, 0, 0, 0, 0, 0, 0, 0, 0, 0, 0, 0, 0,
  0, 0, 0, 0, 0, 0, 0, 0, 0, 2, 1, 118, 239, 143, 0, 0, 0, 0, 0, 42, 239, 251, 254, 253,
  254, 255, 251, 253, 254, 251, 251, 254, 253, 231, 148, 3, 4, 1, 0, 0, 0, 0, 0, 0, 0, 0, 0, 0,
  0, 0, 0, 0, 0, 0, 0, 0, 0, 0, 0, 0, 0, 0, 0, 0, 0, 0, 0, 0, 0, 3, 0, 73,
  241, 0, 4, 8, 28, 10, 8, 184, 255, 253, 254, 255, 255, 253, 255, 255, 255, 255, 255, 254, 255, 255, 255, 162,
  0, 2, 0, 0, 0, 0, 0, 0, 0, 0, 0, 0, 0, 0, 0, 0, 0, 0, 0, 0, 0, 0, 0, 0,
  0, 0, 0, 0, 0, 0, 0, 0, 0, 3, 0, 68, 232, 54, 3, 0, 135, 88, 109, 255, 250, 253, 252, 212,
  90, 163, 161, 195, 243, 158, 156, 255, 252, 253, 250, 248, 50, 1, 2, 0, 0, 0, 0, 0, 0, 0, 0, 0,
  0, 0, 0, 0, 0, 0, 0, 0, 0, 0, 0, 0, 0, 0, 0, 0, 0, 0, 0, 0, 0, 2, 2, 39,
  230, 255, 106, 81, 209, 105, 173, 253, 253, 251, 255, 92, 0, 15, 0, 4, 26, 0, 7, 232, 255, 254, 254, 255,
  244, 6, 1, 1, 0, 0, 0, 0, 0, 0, 0, 0, 0, 0, 0, 0, 0, 0, 0, 0, 0, 0, 0, 0,
  0, 0, 0, 0, 0, 0, 0, 0, 0, 0, 2, 0, 62, 131, 229, 255, 106, 47, 117, 254, 248, 255, 200, 0,
  5, 0, 3, 0, 0, 4, 4, 27, 212, 254, 250, 251, 145, 35, 2, 1, 0, 0, 0, 0, 0, 0, 0, 0,
  0, 0, 0, 0, 0, 0, 0, 0, 0, 0, 0, 0, 0, 0, 0, 0, 0, 0, 0, 0, 0, 0, 0, 1,
  0, 0, 31, 64, 0, 55, 216, 255, 247, 252, 199, 94, 2, 5, 0, 1, 1, 4, 0, 87, 203, 253, 251, 255,
  199, 50, 1, 2, 0, 0, 0, 0, 0, 0, 0, 0, 0, 0, 0, 0, 0, 0, 0, 0, 0, 0, 0, 0,
  0, 0, 0, 0, 0, 0, 0, 0, 0, 0, 0, 0, 2, 3, 0, 0, 5, 0, 66, 245, 255, 249, 255, 155,
  0, 1, 0, 0, 1, 6, 24, 221, 255, 251, 252, 161, 61, 0, 2, 0, 0, 0, 0, 0, 0, 0, 0, 0,
  0, 0, 0, 0, 0, 0, 0, 0, 0, 0, 0, 0, 0, 0, 0, 0, 0, 0, 0, 0, 0, 0, 0, 0,
  0, 0, 2, 3, 0, 4, 0, 67, 167, 249, 250, 244, 195, 20, 2, 1, 2, 0, 37, 255, 248, 255, 197, 0,
  0, 3, 0, 0, 0, 0, 0, 0, 0, 0, 0, 0, 0, 0, 0, 0, 0, 0, 0, 0, 0, 0, 0, 0,
  0, 0, 0, 0, 0, 0, 0, 0, 0, 0, 0, 0, 0, 1, 3, 2, 2, 0, 0, 0, 50, 213, 253, 252,
  255, 184, 0, 7, 4, 70, 182, 253, 250, 254, 212, 18, 0, 0, 1, 1, 1, 1, 0, 0, 0, 0, 0, 0,
  0, 0, 0, 0, 0, 0, 0, 0, 0, 0, 0, 0, 0, 0, 0, 0, 0, 0, 0, 0, 0, 0, 0, 0,
  1, 0, 0, 0, 0, 0, 45, 176, 255, 255, 254, 252, 253, 204, 0, 0, 0, 118, 255, 251, 255, 252, 255, 181,
  20, 38, 0, 0, 0, 0, 4, 3, 0, 0, 0, 0, 0, 0, 0, 0, 0, 0, 0, 0, 0, 0, 0, 0,
  0, 0, 0, 0, 0, 0, 0, 0, 0, 2, 0, 0, 0, 18, 75, 61, 64, 31, 255, 255, 255, 254, 253, 248,
  252, 207, 20, 138, 74, 71, 254, 249, 251, 254, 254, 238, 217, 98, 20, 23, 20, 20, 0, 0, 0, 0, 4, 0,
  0, 0, 0, 0, 0, 0, 0, 0, 0, 0, 0, 0, 0, 0, 0, 0, 0, 0, 0, 0, 0, 0, 6, 6,
  105, 189, 241, 255, 255, 248, 253, 252, 252, 252, 255, 255, 255, 226, 45, 27, 14, 140, 253, 255, 255, 254, 252, 255,
  255, 237, 249, 249, 249, 243, 143, 93, 4, 9, 0, 0, 0, 0, 0, 0, 0, 0, 0, 0, 0, 0, 0, 0,
  0, 0, 0, 0, 0, 0, 0, 2, 2, 49, 63, 90, 255, 255, 252, 253, 253, 255, 253, 252, 255, 255, 206, 165,
  122, 16, 0, 0, 0, 0, 26, 108, 164, 254, 255, 250, 252, 255, 255, 255, 253, 255, 230, 49, 29, 70, 99, 16,
  0, 1, 0, 0, 0, 0, 0, 0, 0, 0, 0, 0, 0, 0, 0, 0, 0, 0, 0, 1, 2, 34, 64, 118,
  137, 235, 255, 255, 255, 255, 255, 255, 203, 94, 5, 0, 0, 0, 1, 0, 0, 0, 0, 0, 0, 93, 213, 255,
  255, 255, 255, 255, 255, 195, 99, 37, 141, 57, 69, 12, 0, 1, 0, 0, 0, 0, 0, 0, 0, 0, 0, 0,
  0, 0, 0, 0, 0, 0, 0, 0, 0, 0, 0, 0, 0, 37, 78, 195, 217, 214, 217, 168, 72, 0, 79, 143,
  19, 2, 1, 34, 34, 14, 21, 3, 6, 0, 7, 173, 216, 214, 217, 191, 70, 0, 82, 20, 0, 0, 0, 0,
  0, 0, 0, 0, 0, 0, 0, 0, 0, 0, 0, 0, 0, 0, 0, 0, 0, 0, 0, 0, 0, 1, 1, 1,
  3, 0, 0, 0, 0, 0, 0, 0, 6, 3, 9, 14, 2, 2, 0, 74, 74, 29, 44, 0, 1, 3, 0, 0,
  0, 0, 0, 0, 0, 3, 0, 0, 1, 0, 3, 0, 0, 0, 0, 0, 0, 0, 0, 0, 0, 0, 0, 0,
};
const uint8_t kGoblinSmallClass[3600] = {
  0, 0, 0, 0, 0, 0, 0, 0, 0, 0, 0, 0, 0, 0, 0, 0, 0, 0, 0, 0, 0, 0, 0, 0, 0, 0, 0, 0, 0, 0, 0, 0,
  0, 0, 0, 0, 0, 0, 0, 0, 0, 0, 0, 0, 0, 0, 0, 0, 0, 0, 0, 0, 0, 0, 0, 0, 0, 0, 0, 0, 0, 0, 0, 0,
  0, 0, 0, 0, 0, 0, 0, 0, 0, 0, 0, 0, 0, 0, 0, 0, 0, 0, 0, 0, 0, 0, 0, 0, 0, 0, 0, 0, 0, 0, 0, 0,
  0, 0, 0, 0, 0, 0, 0, 0, 0, 0, 0, 0, 0, 0, 0, 0, 0, 0, 0, 0, 0, 0, 0, 0, 0, 0, 0, 0, 0, 0, 0, 0,
  0, 0, 0, 0, 0, 0, 0, 0, 0, 0, 0, 0, 0, 0, 0, 0, 0, 0, 0, 0, 0, 0, 0, 0, 0, 0, 0, 0, 0, 0, 0, 0,
  0, 0, 0, 0, 1, 1, 0, 0, 0, 0, 0, 0, 0, 0, 0, 0, 0, 0, 0, 0, 0, 0, 0, 0, 0, 0, 0, 0, 0, 0, 0, 0,
  0, 0, 0, 0, 0, 0, 0, 0, 0, 0, 0, 0, 0, 0, 0, 0, 0, 0, 0, 0, 0, 0, 0, 0, 0, 0, 0, 0, 0, 0, 0, 1,
  1, 0, 0, 0, 0, 0, 0, 0, 0, 0, 0, 0, 0, 0, 0, 0, 0, 0, 0, 0, 0, 0, 0, 0, 0, 0, 0, 0, 0, 0, 0, 0,
  0, 0, 0, 0, 0, 0, 0, 0, 0, 0, 0, 0, 0, 0, 0, 0, 0, 0, 0, 0, 0, 0, 0, 0, 0, 0, 1, 1, 0, 0, 0, 0,
  0, 0, 0, 0, 0, 0, 0, 0, 0, 0, 0, 0, 0, 0, 1, 1, 0, 0, 0, 0, 0, 0, 0, 0, 0, 0, 0, 0, 0, 0, 0, 0,
  0, 0, 0, 0, 0, 0, 0, 0, 0, 0, 0, 0, 0, 0, 0, 0, 0, 0, 0, 0, 0, 0, 1, 0, 0, 1, 0, 0, 0, 0, 0, 0,
  0, 0, 0, 0, 0, 0, 0, 0, 0, 0, 0, 1, 1, 1, 0, 0, 0, 0, 0, 0, 0, 0, 0, 0, 0, 0, 0, 0, 0, 0, 0, 0,
  0, 0, 0, 0, 0, 0, 0, 0, 0, 0, 0, 0, 0, 0, 0, 0, 0, 1, 1, 0, 0, 0, 0, 0, 0, 0, 0, 0, 0, 0, 0, 0,
  0, 0, 0, 0, 0, 0, 0, 0, 0, 1, 1, 0, 0, 0, 0, 0, 0, 0, 0, 0, 0, 0, 0, 0, 0, 0, 0, 0, 0, 0, 1, 0,
  0, 0, 0, 0, 0, 0, 0, 0, 0, 0, 0, 0, 1, 1, 0, 0, 0, 0, 0, 0, 0, 0, 0, 0, 0, 0, 0, 0, 0, 0, 0, 0,
  0, 0, 0, 1, 0, 0, 1, 1, 1, 0, 0, 0, 0, 0, 0, 0, 0, 0, 0, 0, 1, 0, 0, 0, 0, 1, 1, 1, 1, 1, 1, 0,
  1, 0, 0, 0, 0, 0, 0, 1, 1, 1, 0, 0, 0, 0, 0, 0, 0, 0, 0, 0, 0, 0, 0, 0, 0, 0, 0, 0, 0, 0, 0, 0,
  0, 0, 0, 1, 1, 1, 0, 0, 0, 0, 0, 1, 0, 0, 0, 0, 0, 0, 0, 1, 1, 1, 1, 1, 1, 1, 1, 0, 0, 0, 0, 0,
  0, 1, 1, 1, 1, 0, 0, 0, 0, 0, 0, 0, 0, 0, 0, 0, 0, 0, 0, 0, 0, 0, 0, 0, 0, 0, 0, 0, 0, 0, 0, 0,
  1, 1, 1, 1, 0, 0, 0, 0, 0, 0, 0, 0, 0, 1, 1, 1, 1, 1, 1, 1, 1, 1, 1, 1, 1, 0, 0, 1, 1, 1, 1, 1,
  1, 0, 0, 0, 0, 0, 0, 0, 0, 0, 0, 0, 0, 0, 0, 0, 0, 0, 0, 0, 0, 0, 0, 0, 0, 0, 0, 0, 0, 1, 1, 1,
  1, 1, 1, 0, 0, 0, 0, 1, 1, 1, 1, 1, 1, 1, 1, 1, 1, 1, 1, 1, 1, 1, 1, 1, 1, 1, 1, 1, 1, 0, 0, 0,
  0, 0, 0, 0, 0, 0, 0, 0, 0, 0, 0, 0, 0, 0, 0, 0, 0, 0, 0, 0, 0, 0, 0, 0, 0, 0, 1, 1, 1, 1, 1, 1,
  1, 0, 1, 1, 1, 1, 1, 1, 1, 1, 1, 1, 1, 1, 1, 1, 1, 1, 1, 1, 1, 1, 1, 1, 0, 0, 0, 0, 0, 0, 0, 0,
  0, 0, 0, 0, 0, 0, 0, 0, 0, 0, 0, 0, 0, 0, 0, 0, 0, 0, 0, 0, 0, 0, 0, 1, 1, 1, 1, 1, 1, 1, 1, 1,
  1, 1, 1, 1, 1, 1, 1, 1, 1, 1, 1, 1, 1, 1, 1, 1, 1, 1, 1, 1, 0, 0, 0, 0, 0, 0, 0, 0, 0, 0, 0, 0,
  0, 0, 0, 0, 0, 0, 0, 0, 0, 0, 0, 0, 0, 0, 0, 0, 0, 0, 0, 1, 1, 1, 1, 1, 1, 1, 1, 1, 1, 1, 1, 1,
  1, 1, 1, 1, 1, 1, 1, 1, 1, 1, 1, 1, 1, 1, 1, 1, 0, 0, 0, 0, 0, 0, 0, 0, 0, 0, 0, 0, 0, 0, 0, 0,
  0, 0, 0, 0, 0, 0, 0, 0, 0, 0, 0, 0, 0, 0, 0, 0, 1, 1, 1, 1, 1, 1, 1, 1, 1, 1, 1, 1, 1, 1, 1, 1,
  1, 1, 1, 1, 1, 1, 1, 1, 1, 1, 1, 0, 0, 0, 0, 0, 0, 0, 0, 0, 0, 0, 0, 0, 0, 0, 0, 0, 0, 0, 0, 0,
  0, 0, 0, 0, 0, 0, 0, 0, 0, 0, 0, 0, 1, 1, 1, 1, 1, 1, 1, 1, 1, 1, 1, 1, 1, 1, 1, 1, 1, 1, 1, 1,
  1, 1, 0, 1, 1, 1, 1, 0, 0, 0, 0, 0, 0, 0, 0, 0, 0, 0, 0, 0, 0, 1, 0, 0, 0, 0, 0, 0, 0, 0, 0, 0,
  0, 0, 0, 0, 0, 0, 0, 0, 0, 1, 1, 1, 1, 1, 1, 1, 1, 1, 1, 1, 1, 1, 1, 1, 1, 1, 1, 1, 1, 0, 0, 1,
  1, 1, 1, 0, 0, 0, 0, 0, 0, 0, 0, 1, 1, 1, 1, 0, 0, 1, 1, 0, 1, 0, 0, 0, 0, 0, 0, 0, 0, 0, 0, 0,
  0, 0, 0, 0, 0, 0, 1, 1, 1, 1, 1, 0, 1, 1, 1, 1, 1, 1, 1, 1, 1, 1, 1, 1, 0, 0, 0, 1, 1, 1, 1, 0,
  0, 0, 0, 0, 0, 0, 0, 1, 1, 1, 1, 1, 1, 1, 1, 1, 1, 0, 1, 0, 0, 0, 0, 0, 0, 0, 0, 0, 0, 0, 0, 0,
  0, 0, 1, 1, 1, 1, 1, 0, 0, 0, 1, 1, 1, 1, 1, 1, 1, 1, 1, 1, 0, 0, 0, 1, 1, 1, 0, 0, 0, 1, 0, 0,
  0, 0, 0, 0, 0, 0, 1, 1, 1, 1, 1, 1, 1, 1, 0, 0, 0, 0, 0, 0, 0, 0, 0, 0, 0, 0, 0, 0, 0, 0, 1, 1,
  1, 1, 1, 0, 0, 0, 0, 1, 1, 1, 1, 1, 1, 1, 1, 0, 0, 0, 0, 1, 1, 1, 0, 0, 1, 0, 0, 0, 0, 0, 0, 0,
  0, 0, 0, 0, 0, 1, 0, 0, 0, 1, 0, 0, 0, 0, 0, 0, 0, 0, 0, 0, 0, 0, 0, 0, 0, 0, 0, 1, 1, 1, 1, 0,
  0, 0, 0, 1, 1, 1, 1, 1, 1, 1, 1, 0, 0, 0, 0, 1, 1, 1, 0, 1, 0, 0, 0, 0, 0, 0, 0, 0, 0, 0, 0, 0,
  0, 0, 0, 0, 1, 1, 1, 0, 0, 0, 0, 0, 0, 0, 0, 0, 0, 0, 0, 1, 0, 0, 0, 0, 1, 1, 1, 1, 0, 0, 1, 0,
  0, 1, 1, 1, 1, 1, 0, 0, 0, 0, 1, 1, 1, 1, 1, 0, 0, 0, 0, 0, 0, 0, 0, 0, 0, 0, 0, 0, 0, 0, 0, 0,
  1, 1, 0, 1, 0, 0, 0, 0, 0, 0, 0, 0, 0, 0, 0, 0, 1, 1, 0, 0, 1, 1, 1, 1, 0, 0, 0, 0, 0, 0, 0, 0,
  1, 1, 1, 0, 1, 1, 1, 1, 1, 1, 1, 1, 0, 0, 0, 0, 0, 0, 0, 0, 0, 0, 0, 0, 0, 0, 0, 0, 1, 1, 1, 0,
  0, 0, 0, 0, 0, 0, 0, 0, 0, 0, 0, 0, 0, 0, 1, 1, 1, 1, 1, 1, 1, 1, 1, 1, 1, 1, 1, 1, 1, 1, 1, 1,
  1, 1, 1, 1, 1, 1, 1, 1, 0, 0, 0, 0, 0, 0, 0, 0, 1, 1, 1, 1, 0, 0, 0, 0, 0, 0, 0, 0, 0, 0, 0, 0,
  0, 0, 0, 0, 0, 0, 0, 0, 0, 0, 0, 1, 1, 1, 1, 1, 1, 1, 1, 1, 1, 1, 1, 1, 1, 1, 1, 1, 1, 0, 1, 1,
  1, 1, 1, 1, 0, 0, 0, 0, 0, 0, 0, 0, 1, 1, 1, 1, 1, 0, 0, 0, 0, 0, 0, 0, 0, 0, 0, 0, 0, 0, 0, 0,
  0, 0, 0, 0, 0, 0, 0, 1, 1, 1, 1, 1, 1, 1, 1, 1, 1, 1, 1, 1, 1, 1, 1, 1, 1, 1, 1, 1, 1, 1, 1, 0,
  0, 0, 0, 0, 0, 0, 0, 0, 1, 1, 1, 1, 1, 0, 0, 0, 0, 0, 0, 0, 0, 0, 0, 0, 0, 0, 0, 0, 0, 0, 0, 0,
  1, 1, 0, 0, 1, 1, 1, 1, 1, 1, 1, 1, 1, 1, 1, 1, 1, 1, 1, 1, 1, 1, 1, 1, 1, 0, 0, 0, 0, 0, 0, 0,
  0, 0, 0, 0, 1, 1, 1, 0, 0, 0, 0, 0, 0, 0, 0, 0, 0, 0, 0, 0, 0, 0, 0, 0, 0, 0, 0, 0, 0, 0, 0, 0,
  0, 1, 1, 1, 1, 1, 1, 1, 1, 1, 1, 1, 1, 1, 1, 1, 1, 1, 1, 0, 0, 0, 0, 0, 0, 0, 0, 0, 0, 0, 0, 0,
  1, 1, 1, 0, 0, 0, 0, 0, 0, 0, 0, 0, 0, 0, 0, 0, 0, 0, 0, 0, 0, 0, 0, 0, 0, 0, 0, 0, 0, 0, 1, 1,
  1, 1, 1, 1, 1, 1, 1, 1, 1, 1, 1, 1, 0, 0, 0, 0, 0, 0, 0, 0, 0, 0, 0, 0, 0, 0, 0, 0, 0, 0, 0, 0,
  0, 0, 0, 0, 0, 0, 0, 0, 0, 0, 0, 0, 0, 0, 0, 0, 0, 1, 1, 0, 1, 1, 1, 0, 1, 0, 0, 1, 1, 1, 1, 1,
  1, 1, 1, 1, 1, 1, 1, 0, 0, 0, 0, 0, 0, 0, 0, 0, 0, 0, 0, 0, 0, 0, 0, 0, 0, 0, 0, 0, 0, 0, 0, 0,
  0, 0, 0, 0, 0, 0, 0, 0, 0, 0, 0, 0, 1, 1, 1, 1, 1, 1, 1, 0, 1, 0, 1, 1, 1, 1, 1, 1, 1, 1, 0, 1,
  1, 1, 1, 1, 0, 0, 0, 0, 0, 0, 0, 0, 0, 0, 0, 0, 0, 0, 0, 0, 0, 0, 0, 0, 0, 0, 0, 0, 0, 0, 0, 0,
  0, 0, 0, 0, 0, 0, 0, 1, 1, 1, 1, 1, 1, 1, 1, 0, 0, 0, 1, 1, 1, 1, 1, 1, 1, 1, 1, 1, 1, 1, 1, 1,
  0, 0, 0, 0, 0, 0, 0, 0, 0, 0, 0, 0, 0, 0, 0, 0, 0, 0, 0, 0, 0, 0, 0, 0, 0, 0, 0, 0, 0, 0, 0, 0,
  0, 1, 0, 1, 1, 1, 1, 0, 1, 1, 0, 0, 0, 0, 1, 1, 1, 1, 1, 1, 1, 1, 1, 1, 1, 1, 1, 1, 0, 0, 0, 0,
  0, 0, 0, 0, 0, 0, 0, 0, 0, 0, 0, 0, 1, 1, 0, 0, 0, 0, 0, 0, 0, 0, 0, 0, 0, 0, 0, 0, 0, 1, 0, 1,
  1, 1, 1, 1, 1, 1, 0, 0, 0, 1, 1, 1, 1, 1, 1, 1, 1, 1, 1, 1, 1, 1, 1, 0, 0, 0, 0, 0, 0, 0, 0, 0,
  0, 1, 1, 1, 1, 1, 1, 1, 1, 1, 0, 0, 0, 0, 0, 0, 0, 0, 0, 0, 0, 0, 0, 0, 0, 0, 0, 0, 1, 1, 1, 1,
  1, 1, 1, 0, 1, 1, 1, 1, 0, 1, 1, 1, 1, 1, 1, 1, 1, 0, 0, 0, 1, 0, 0, 1, 1, 1, 1, 1, 1, 1, 1, 1,
  1, 1, 1, 0, 0, 0, 0, 0, 0, 0, 0, 0, 0, 0, 0, 0, 0, 0, 0, 0, 0, 0, 0, 0, 1, 1, 1, 1, 1, 1, 1, 1,
  1, 1, 1, 0, 0, 1, 1, 1, 1, 1, 1, 1, 0, 0, 0, 1, 1, 1, 0, 1, 1, 1, 1, 1, 1, 1, 1, 0, 0, 0, 0, 0,
  0, 0, 0, 0, 0, 0, 0, 0, 0, 0, 0, 0, 0, 0, 0, 0, 0, 0, 0, 0, 0, 1, 1, 1, 1, 1, 1, 1, 1, 1, 0, 0,
  1, 1, 1, 1, 1, 1, 0, 0, 0, 1, 1, 1, 1, 0, 0, 0, 1, 1, 1, 1, 1, 1, 1, 0, 0, 0, 0, 0, 0, 0, 0, 0,
  0, 0, 0, 0, 0, 0, 0, 0, 0, 0, 0, 0, 0, 0, 0, 0, 0, 0, 1, 1, 1, 1, 1, 1, 1, 1, 0, 1, 1, 1, 1, 1,
  1, 0, 0, 0, 1, 1, 1, 1, 1, 1, 0, 0, 0, 1, 1, 1, 1, 0, 0, 0, 0, 0, 0, 0, 0, 0, 0, 0, 0, 0, 0, 0,
  0, 0, 0, 0, 0, 0, 0, 0, 0, 0, 0, 0, 0, 0, 0, 0, 0, 0, 1, 1, 1, 0, 1, 0, 1, 1, 1, 1, 0, 0, 1, 1,
  1, 1, 1, 1, 1, 1, 0, 1, 0, 0, 1, 1, 0, 0, 0, 0, 0, 0, 0, 0, 0, 0, 0, 0, 0, 0, 0, 0, 0, 0, 0, 0,
  0, 0, 0, 0, 0, 0, 0, 0, 0, 0, 0, 0, 0, 0, 0, 0, 0, 0, 1, 0, 1, 1, 0, 0, 0, 1, 1, 1, 1, 1, 1, 1,
  1, 1, 0, 1, 0, 0, 0, 0, 0, 0, 0, 0, 0, 0, 0, 0, 0, 0, 0, 0, 0, 0, 0, 0, 0, 0, 0, 0, 0, 0, 0, 0,
  0, 0, 0, 0, 0, 0, 0, 0, 0, 0, 0, 0, 0, 0, 0, 0, 0, 0, 0, 1, 1, 1, 1, 1, 1, 1, 1, 1, 1, 1, 0, 0,
  0, 0, 0, 0, 0, 0, 0, 0, 0, 0, 0, 0, 0, 0, 0, 0, 0, 0, 0, 0, 0, 0, 0, 0, 0, 0, 0, 0, 0, 0, 0, 0,
  0, 0, 0, 0, 0, 0, 0, 0, 0, 0, 0, 0, 0, 0, 1, 1, 1, 1, 1, 1, 1, 1, 1, 1, 1, 1, 1, 0, 0, 0, 0, 1,
  0, 0, 0, 0, 0, 0, 0, 0, 0, 0, 0, 0, 0, 0, 0, 0, 0, 0, 0, 0, 0, 0, 0, 0, 0, 0, 0, 0, 0, 0, 0, 0,
  0, 0, 0, 0, 0, 0, 0, 0, 0, 1, 1, 1, 1, 1, 1, 1, 1, 1, 1, 1, 1, 0, 0, 0, 0, 0, 0, 0, 0, 0, 0, 0,
  0, 0, 0, 0, 0, 0, 0, 0, 0, 0, 0, 0, 0, 0, 0, 0, 0, 0, 0, 0, 0, 0, 0, 0, 0, 0, 0, 0, 0, 0, 0, 0,
  0, 0, 0, 0, 1, 1, 1, 1, 1, 1, 1, 1, 1, 1, 1, 1, 1, 1, 0, 0, 0, 0, 0, 0, 0, 0, 0, 0, 0, 0, 0, 0,
  0, 0, 0, 0, 0, 0, 0, 0, 0, 0, 0, 0, 0, 0, 0, 0, 0, 0, 0, 0, 0, 0, 0, 0, 0, 0, 0, 0, 0, 0, 0, 0,
  1, 1, 1, 1, 1, 1, 1, 1, 1, 1, 1, 1, 1, 1, 1, 0, 0, 0, 0, 0, 0, 0, 0, 0, 0, 0, 0, 0, 0, 0, 0, 0,
  0, 0, 0, 0, 0, 0, 0, 0, 0, 0, 0, 0, 0, 0, 0, 0, 0, 0, 0, 0, 0, 0, 0, 0, 0, 0, 0, 1, 1, 1, 1, 1,
  0, 1, 1, 1, 1, 0, 1, 1, 1, 1, 1, 1, 0, 0, 0, 0, 0, 0, 0, 0, 0, 0, 0, 0, 0, 0, 0, 0, 0, 0, 0, 0,
  0, 0, 0, 0, 0, 0, 0, 0, 0, 0, 0, 0, 0, 0, 0, 0, 0, 0, 0, 0, 0, 0, 1, 1, 1, 1, 1, 0, 0, 0, 0, 0,
  0, 0, 0, 0, 1, 1, 1, 1, 0, 0, 0, 0, 0, 0, 0, 0, 0, 0, 0, 0, 0, 0, 0, 0, 0, 0, 0, 0, 0, 0, 0, 0,
  0, 0, 0, 0, 0, 0, 0, 0, 0, 0, 0, 0, 0, 0, 0, 0, 0, 0, 1, 1, 1, 1, 0, 0, 0, 0, 0, 0, 0, 0, 1, 0,
  0, 1, 1, 1, 1, 0, 1, 0, 0, 0, 0, 0, 0, 0, 0, 0, 0, 0, 0, 0, 0, 0, 0, 0, 0, 0, 0, 0, 0, 0, 0, 0,
  0, 0, 0, 0, 0, 0, 0, 0, 0, 0, 0, 0, 0, 0, 1, 1, 1, 1, 1, 0, 0, 0, 0, 0, 0, 0, 0, 0, 1, 1, 1, 1,
  1, 0, 0, 0, 0, 0, 0, 0, 0, 0, 0, 0, 0, 0, 0, 0, 0, 0, 0, 0, 0, 0, 0, 0, 0, 0, 0, 0, 0, 0, 0, 0,
  0, 0, 0, 0, 0, 0, 0, 0, 0, 0, 0, 0, 1, 1, 1, 1, 0, 0, 0, 0, 0, 0, 0, 0, 1, 1, 1, 1, 0, 0, 0, 0,
  0, 0, 0, 0, 0, 0, 0, 0, 0, 0, 0, 0, 0, 0, 0, 0, 0, 0, 0, 0, 0, 0, 0, 0, 0, 0, 0, 0, 0, 0, 0, 0,
  0, 0, 0, 0, 0, 0, 0, 0, 0, 1, 1, 1, 0, 0, 1, 0, 1, 0, 0, 1, 1, 1, 0, 0, 0, 0, 0, 0, 0, 0, 0, 0,
  0, 0, 0, 0, 0, 0, 0, 0, 0, 0, 0, 0, 0, 0, 0, 0, 0, 0, 0, 0, 0, 0, 0, 0, 0, 0, 0, 0, 0, 0, 0, 0,
  0, 0, 0, 0, 0, 0, 1, 1, 1, 0, 0, 0, 0, 0, 1, 1, 1, 1, 0, 0, 0, 0, 0, 0, 0, 0, 0, 0, 0, 0, 0, 0,
  0, 0, 0, 0, 0, 0, 0, 0, 0, 0, 0, 0, 0, 0, 0, 0, 0, 0, 0, 0, 0, 0, 0, 0, 0, 0, 0, 0, 0, 0, 0, 0,
  1, 1, 1, 1, 1, 1, 0, 0, 0, 1, 1, 1, 1, 1, 1, 0, 0, 0, 0, 0, 0, 0, 0, 0, 0, 0, 0, 0, 0, 0, 0, 0,
  0, 0, 0, 0, 0, 0, 0, 0, 0, 0, 0, 0, 0, 0, 0, 0, 0, 0, 0, 0, 0, 0, 0, 0, 0, 1, 0, 1, 1, 1, 1, 1,
  1, 1, 0, 0, 0, 1, 1, 1, 1, 1, 1, 1, 1, 0, 0, 0, 0, 0, 0, 0, 0, 0, 0, 0, 0, 0, 0, 0, 0, 0, 0, 0,
  0, 0, 0, 0, 0, 0, 0, 0, 0, 0, 0, 0, 0, 0, 0, 1, 0, 0, 1, 1, 1, 1, 1, 1, 1, 1, 1, 1, 1, 0, 0, 0,
  0, 0, 0, 1, 1, 1, 1, 1, 1, 1, 1, 1, 1, 0, 0, 0, 0, 0, 0, 0, 0, 0, 0, 0, 0, 0, 0, 0, 0, 0, 0, 0,
  0, 0, 0, 0, 0, 0, 0, 0, 0, 0, 0, 0, 0, 1, 1, 1, 1, 1, 1, 1, 1, 1, 0, 0, 0, 0, 0, 0, 0, 0, 0, 0,
  0, 1, 1, 1, 1, 1, 1, 1, 1, 0, 0, 0, 0, 0, 0, 0, 0, 0, 0, 0, 0, 0, 0, 0, 0, 0, 0, 0, 0, 0, 0, 0,
  0, 0, 0, 0, 0, 0, 0, 0, 0, 0, 0, 1, 1, 1, 1, 1, 0, 0, 0, 0, 0, 0, 0, 0, 0, 0, 0, 0, 0, 0, 0, 1,
  1, 1, 1, 1, 0, 0, 0, 0, 0, 0, 0, 0, 0, 0, 0, 0, 0, 0, 0, 0, 0, 0, 0, 0, 0, 0, 0, 0, 0, 0, 0, 0,
  0, 0, 0, 0, 0, 0, 0, 0, 0, 0, 0, 0, 0, 0, 0, 0, 0, 0, 0, 0, 0, 0, 0, 0, 0, 0, 0, 0, 0, 0, 0, 0,
  0, 0, 0, 0, 0, 0, 0, 0, 0, 0, 0, 0, 0, 0, 0, 0, 0, 0, 0, 0, 0, 0, 0, 0, 0, 0, 0, 0, 0, 0, 0, 0,
  0, 0, 0, 0, 0, 0, 0, 0, 0, 0, 0, 0, 0, 0, 0, 0, 0, 0, 0, 0, 0, 0, 0, 0, 0, 0, 0, 0, 0, 0, 0, 0,
  0, 0, 0, 0, 0, 0, 0, 0, 0, 0, 0, 0, 0, 0, 0, 0,
};

}  // namespace art
